condition,n_subjects,mean_condition_auc,mean_clean_auc,mean_delta_auc,delta_ci_low,delta_ci_high,shapiro_p,paired_t_stat,paired_t_p,wilcoxon_stat,wilcoxon_p,cohens_dz,paired_t_p_bh_fdr,wilcoxon_p_bh_fdr
dropout_0.1,9,0.8546369590245928,0.8853707793065699,-0.030733820281977228,-0.044959866174559104,-0.019319166057766346,0.6067933727676,-4.3831839745149725,0.002338791709306677,0.0,0.00390625,-1.4610613248383244,0.002806550051168012,0.00390625
dropout_0.2,9,0.8222261857576959,0.8853707793065699,-0.06314459354887411,-0.08141660377128017,-0.03975694491922515,0.24616807632501198,-5.5364446563902865,0.0005496502645297186,0.0,0.00390625,-1.8454815521300956,0.0010993005290594372,0.00390625
dropout_0.3,9,0.7781437442198442,0.8853707793065699,-0.10722703508672589,-0.13698290017552797,-0.07428327161613824,0.5227251761389848,-6.303811437347631,0.00023183319858995375,0.0,0.00390625,-2.101270479115877,0.0006954995957698613,0.00390625
dropout_0.5,9,0.7198735443444124,0.8853707793065699,-0.1654972349621577,-0.20141759224968497,-0.13172506068210563,0.8262452978747884,-8.663979750178786,2.4491334010812593e-05,0.0,0.00390625,-2.887993250059595,0.00014694800406487557,0.00390625
motor_core,9,0.768112413415624,0.8853707793065699,-0.11725836589094613,-0.15853850870514857,-0.07635666356358377,0.9281808515598476,-5.227230026973665,0.0007955514828020265,0.0,0.00390625,-1.7424100089912216,0.0011933272242030397,0.00390625
motor_extended,9,0.828209048185267,0.8853707793065699,-0.057161731121303044,-0.10001981767736823,-0.026156667997812907,0.10146444353014017,-2.9755155500721955,0.017721288865193058,0.0,0.00390625,-0.9918385166907319,0.017721288865193058,0.00390625
