dataset,subject,pipeline,stressor,montage,fold,dropout_fraction,repeat,n_channels,n_dropped_channels,balanced_accuracy,roc_auc,brier_score,ece,protocol_version,mask_seed_scope,selected_channels,region,dropped_channels,session_train,session_test,run_signature
BNCI2014-001,1,riemann_lr,clean,all_channels,1,0.0,0,22,0,0.8448275862068966,0.9393579072532698,0.11556394061675823,0.1574144231912619,0.3.2,participant,,,,,,b86ad3d586a53a1c8327c50145dfc03932f2ea9b36901736375dcb1bc4a121a2
BNCI2014-001,1,riemann_lr,channel_dropout,all_channels,1,0.1,0,22,2,0.5,0.9357907253269917,0.4792112518829003,0.48858122979414736,0.3.2,participant,,,,,,b86ad3d586a53a1c8327c50145dfc03932f2ea9b36901736375dcb1bc4a121a2
BNCI2014-001,1,riemann_lr,channel_dropout,all_channels,1,0.1,1,22,2,0.6379310344827587,0.8668252080856125,0.23728131713752348,0.27795562319247585,0.3.2,participant,,,,,,b86ad3d586a53a1c8327c50145dfc03932f2ea9b36901736375dcb1bc4a121a2
BNCI2014-001,1,riemann_lr,channel_dropout,all_channels,1,0.1,2,22,2,0.6896551724137931,0.9274673008323425,0.23526877043119682,0.28434972648619694,0.3.2,participant,,,,,,b86ad3d586a53a1c8327c50145dfc03932f2ea9b36901736375dcb1bc4a121a2
BNCI2014-001,1,riemann_lr,channel_dropout,all_channels,1,0.1,3,22,2,0.6724137931034483,0.9346016646848989,0.2552663849994016,0.30979198800083363,0.3.2,participant,,,,,,b86ad3d586a53a1c8327c50145dfc03932f2ea9b36901736375dcb1bc4a121a2
BNCI2014-001,1,riemann_lr,channel_dropout,all_channels,1,0.1,4,22,2,0.7931034482758621,0.9346016646848989,0.11372155277646258,0.12123424186937798,0.3.2,participant,,,,,,b86ad3d586a53a1c8327c50145dfc03932f2ea9b36901736375dcb1bc4a121a2
BNCI2014-001,1,riemann_lr,channel_dropout,all_channels,1,0.1,5,22,2,0.8275862068965517,0.9239001189060643,0.12348582878631605,0.13374227061186406,0.3.2,participant,,,,,,b86ad3d586a53a1c8327c50145dfc03932f2ea9b36901736375dcb1bc4a121a2
BNCI2014-001,1,riemann_lr,channel_dropout,all_channels,1,0.1,6,22,2,0.6551724137931034,0.8858501783590963,0.2672952560325581,0.31006660661794144,0.3.2,participant,,,,,,b86ad3d586a53a1c8327c50145dfc03932f2ea9b36901736375dcb1bc4a121a2
BNCI2014-001,1,riemann_lr,channel_dropout,all_channels,1,0.1,7,22,2,0.5,0.910820451843044,0.4931362098159156,0.4962076778118558,0.3.2,participant,,,,,,b86ad3d586a53a1c8327c50145dfc03932f2ea9b36901736375dcb1bc4a121a2
BNCI2014-001,1,riemann_lr,channel_dropout,all_channels,1,0.1,8,22,2,0.8448275862068966,0.9024970273483948,0.1316621597432973,0.13793475136595545,0.3.2,participant,,,,,,b86ad3d586a53a1c8327c50145dfc03932f2ea9b36901736375dcb1bc4a121a2
BNCI2014-001,1,riemann_lr,channel_dropout,all_channels,1,0.1,9,22,2,0.7758620689655172,0.910820451843044,0.14264520437171388,0.12300662920719019,0.3.2,participant,,,,,,b86ad3d586a53a1c8327c50145dfc03932f2ea9b36901736375dcb1bc4a121a2
BNCI2014-001,1,riemann_lr,channel_dropout,all_channels,1,0.2,0,22,4,0.5172413793103449,0.8620689655172414,0.3852622557371759,0.4214541650121273,0.3.2,participant,,,,,,b86ad3d586a53a1c8327c50145dfc03932f2ea9b36901736375dcb1bc4a121a2
BNCI2014-001,1,riemann_lr,channel_dropout,all_channels,1,0.2,1,22,4,0.5172413793103449,0.8596908442330559,0.4363650546399503,0.46036420068463035,0.3.2,participant,,,,,,b86ad3d586a53a1c8327c50145dfc03932f2ea9b36901736375dcb1bc4a121a2
BNCI2014-001,1,riemann_lr,channel_dropout,all_channels,1,0.2,2,22,4,0.7758620689655172,0.8882282996432819,0.14980140280652118,0.13188796912030495,0.3.2,participant,,,,,,b86ad3d586a53a1c8327c50145dfc03932f2ea9b36901736375dcb1bc4a121a2
BNCI2014-001,1,riemann_lr,channel_dropout,all_channels,1,0.2,3,22,4,0.5,0.8953626634958383,0.4946080641183474,0.4969735322830907,0.3.2,participant,,,,,,b86ad3d586a53a1c8327c50145dfc03932f2ea9b36901736375dcb1bc4a121a2
BNCI2014-001,1,riemann_lr,channel_dropout,all_channels,1,0.2,4,22,4,0.7931034482758621,0.9131985731272295,0.14102619148753642,0.157259567406779,0.3.2,participant,,,,,,b86ad3d586a53a1c8327c50145dfc03932f2ea9b36901736375dcb1bc4a121a2
BNCI2014-001,1,riemann_lr,channel_dropout,all_channels,1,0.2,5,22,4,0.6551724137931034,0.8858501783590963,0.2394630935861191,0.2661255352750202,0.3.2,participant,,,,,,b86ad3d586a53a1c8327c50145dfc03932f2ea9b36901736375dcb1bc4a121a2
BNCI2014-001,1,riemann_lr,channel_dropout,all_channels,1,0.2,6,22,4,0.5,0.8561236623067776,0.463361745102171,0.475570946086453,0.3.2,participant,,,,,,b86ad3d586a53a1c8327c50145dfc03932f2ea9b36901736375dcb1bc4a121a2
BNCI2014-001,1,riemann_lr,channel_dropout,all_channels,1,0.2,7,22,4,0.603448275862069,0.882282996432818,0.28539285989542534,0.33310823928564093,0.3.2,participant,,,,,,b86ad3d586a53a1c8327c50145dfc03932f2ea9b36901736375dcb1bc4a121a2
BNCI2014-001,1,riemann_lr,channel_dropout,all_channels,1,0.2,8,22,4,0.5689655172413793,0.8133174791914387,0.3576299549445061,0.39677670643291857,0.3.2,participant,,,,,,b86ad3d586a53a1c8327c50145dfc03932f2ea9b36901736375dcb1bc4a121a2
BNCI2014-001,1,riemann_lr,channel_dropout,all_channels,1,0.2,9,22,4,0.5,0.8644470868014269,0.4994759613020742,0.49968657604287847,0.3.2,participant,,,,,,b86ad3d586a53a1c8327c50145dfc03932f2ea9b36901736375dcb1bc4a121a2
BNCI2014-001,1,riemann_lr,channel_dropout,all_channels,1,0.3,0,22,7,0.5,0.8418549346016647,0.49999444690538636,0.49999593131519426,0.3.2,participant,,,,,,b86ad3d586a53a1c8327c50145dfc03932f2ea9b36901736375dcb1bc4a121a2
BNCI2014-001,1,riemann_lr,channel_dropout,all_channels,1,0.3,1,22,7,0.5,0.9096313912009513,0.4977710013122029,0.4988148338434132,0.3.2,participant,,,,,,b86ad3d586a53a1c8327c50145dfc03932f2ea9b36901736375dcb1bc4a121a2
BNCI2014-001,1,riemann_lr,channel_dropout,all_channels,1,0.3,2,22,7,0.7586206896551724,0.8620689655172413,0.1739811001344288,0.1591246990050393,0.3.2,participant,,,,,,b86ad3d586a53a1c8327c50145dfc03932f2ea9b36901736375dcb1bc4a121a2
BNCI2014-001,1,riemann_lr,channel_dropout,all_channels,1,0.3,3,22,7,0.5,0.8573127229488704,0.4993970857517724,0.49964273257814096,0.3.2,participant,,,,,,b86ad3d586a53a1c8327c50145dfc03932f2ea9b36901736375dcb1bc4a121a2
BNCI2014-001,1,riemann_lr,channel_dropout,all_channels,1,0.3,4,22,7,0.7931034482758621,0.8906064209274673,0.14687627260192745,0.191576172625773,0.3.2,participant,,,,,,b86ad3d586a53a1c8327c50145dfc03932f2ea9b36901736375dcb1bc4a121a2
BNCI2014-001,1,riemann_lr,channel_dropout,all_channels,1,0.3,5,22,7,0.5,0.8061831153388823,0.34381283440861526,0.36831169450834733,0.3.2,participant,,,,,,b86ad3d586a53a1c8327c50145dfc03932f2ea9b36901736375dcb1bc4a121a2
BNCI2014-001,1,riemann_lr,channel_dropout,all_channels,1,0.3,6,22,7,0.5,0.8680142687277052,0.47373521457566525,0.48324755780460493,0.3.2,participant,,,,,,b86ad3d586a53a1c8327c50145dfc03932f2ea9b36901736375dcb1bc4a121a2
BNCI2014-001,1,riemann_lr,channel_dropout,all_channels,1,0.3,7,22,7,0.5,0.816884661117717,0.49507417811962284,0.49652831845656986,0.3.2,participant,,,,,,b86ad3d586a53a1c8327c50145dfc03932f2ea9b36901736375dcb1bc4a121a2
BNCI2014-001,1,riemann_lr,channel_dropout,all_channels,1,0.3,8,22,7,0.5,0.7776456599286564,0.49989430471674606,0.49992064614359044,0.3.2,participant,,,,,,b86ad3d586a53a1c8327c50145dfc03932f2ea9b36901736375dcb1bc4a121a2
BNCI2014-001,1,riemann_lr,channel_dropout,all_channels,1,0.3,9,22,7,0.5,0.8763376932223543,0.49973129011420564,0.49983864135788925,0.3.2,participant,,,,,,b86ad3d586a53a1c8327c50145dfc03932f2ea9b36901736375dcb1bc4a121a2
BNCI2014-001,1,riemann_lr,channel_dropout,all_channels,1,0.5,0,22,11,0.5,0.910820451843044,0.43368846740413797,0.4559225128674582,0.3.2,participant,,,,,,b86ad3d586a53a1c8327c50145dfc03932f2ea9b36901736375dcb1bc4a121a2
BNCI2014-001,1,riemann_lr,channel_dropout,all_channels,1,0.5,1,22,11,0.5,0.816884661117717,0.49999621702022584,0.49999755360425335,0.3.2,participant,,,,,,b86ad3d586a53a1c8327c50145dfc03932f2ea9b36901736375dcb1bc4a121a2
BNCI2014-001,1,riemann_lr,channel_dropout,all_channels,1,0.5,2,22,11,0.5,0.7633769322235433,0.41240697583138597,0.4339985610827213,0.3.2,participant,,,,,,b86ad3d586a53a1c8327c50145dfc03932f2ea9b36901736375dcb1bc4a121a2
BNCI2014-001,1,riemann_lr,channel_dropout,all_channels,1,0.5,3,22,11,0.5,0.8359096313912009,0.4999761656587653,0.49998328953044535,0.3.2,participant,,,,,,b86ad3d586a53a1c8327c50145dfc03932f2ea9b36901736375dcb1bc4a121a2
BNCI2014-001,1,riemann_lr,channel_dropout,all_channels,1,0.5,4,22,11,0.5,0.7586206896551724,0.49999997016065384,0.49999997847120625,0.3.2,participant,,,,,,b86ad3d586a53a1c8327c50145dfc03932f2ea9b36901736375dcb1bc4a121a2
BNCI2014-001,1,riemann_lr,channel_dropout,all_channels,1,0.5,5,22,11,0.5,0.8442330558858502,0.49796589726008444,0.4985854628426878,0.3.2,participant,,,,,,b86ad3d586a53a1c8327c50145dfc03932f2ea9b36901736375dcb1bc4a121a2
BNCI2014-001,1,riemann_lr,channel_dropout,all_channels,1,0.5,6,22,11,0.5,0.7812128418549347,0.4999467244884858,0.4999559606539823,0.3.2,participant,,,,,,b86ad3d586a53a1c8327c50145dfc03932f2ea9b36901736375dcb1bc4a121a2
BNCI2014-001,1,riemann_lr,channel_dropout,all_channels,1,0.5,7,22,11,0.5,0.8692033293697979,0.49370541022879383,0.4957721128582633,0.3.2,participant,,,,,,b86ad3d586a53a1c8327c50145dfc03932f2ea9b36901736375dcb1bc4a121a2
BNCI2014-001,1,riemann_lr,channel_dropout,all_channels,1,0.5,8,22,11,0.5,0.8347205707491082,0.49949143768509063,0.4996461516635742,0.3.2,participant,,,,,,b86ad3d586a53a1c8327c50145dfc03932f2ea9b36901736375dcb1bc4a121a2
BNCI2014-001,1,riemann_lr,channel_dropout,all_channels,1,0.5,9,22,11,0.5,0.83115338882283,0.2736427650118138,0.26263720241172517,0.3.2,participant,,,,,,b86ad3d586a53a1c8327c50145dfc03932f2ea9b36901736375dcb1bc4a121a2
BNCI2014-001,1,riemann_lr,clean,all_channels,2,0.0,0,22,0,0.9310344827586208,0.9881093935790726,0.06538858167882221,0.1144158786638077,0.3.2,participant,,,,,,b86ad3d586a53a1c8327c50145dfc03932f2ea9b36901736375dcb1bc4a121a2
BNCI2014-001,1,riemann_lr,channel_dropout,all_channels,2,0.1,0,22,2,0.5862068965517242,0.9845422116527943,0.34037133374258066,0.39232622068061335,0.3.2,participant,,,,,,b86ad3d586a53a1c8327c50145dfc03932f2ea9b36901736375dcb1bc4a121a2
BNCI2014-001,1,riemann_lr,channel_dropout,all_channels,2,0.1,1,22,2,0.5,0.9714625445897741,0.4655760425814908,0.48065132944440175,0.3.2,participant,,,,,,b86ad3d586a53a1c8327c50145dfc03932f2ea9b36901736375dcb1bc4a121a2
BNCI2014-001,1,riemann_lr,channel_dropout,all_channels,2,0.1,2,22,2,0.7241379310344828,0.9916765755053508,0.1569271691803866,0.24179767048856132,0.3.2,participant,,,,,,b86ad3d586a53a1c8327c50145dfc03932f2ea9b36901736375dcb1bc4a121a2
BNCI2014-001,1,riemann_lr,channel_dropout,all_channels,2,0.1,3,22,2,0.6724137931034483,0.9833531510107016,0.19814114182129378,0.2580656720162986,0.3.2,participant,,,,,,b86ad3d586a53a1c8327c50145dfc03932f2ea9b36901736375dcb1bc4a121a2
BNCI2014-001,1,riemann_lr,channel_dropout,all_channels,2,0.1,4,22,2,0.8103448275862069,0.925089179548157,0.1286611580691738,0.12723239247785686,0.3.2,participant,,,,,,b86ad3d586a53a1c8327c50145dfc03932f2ea9b36901736375dcb1bc4a121a2
BNCI2014-001,1,riemann_lr,channel_dropout,all_channels,2,0.1,5,22,2,0.6896551724137931,0.9726516052318668,0.19754376431595622,0.2521551471044837,0.3.2,participant,,,,,,b86ad3d586a53a1c8327c50145dfc03932f2ea9b36901736375dcb1bc4a121a2
BNCI2014-001,1,riemann_lr,channel_dropout,all_channels,2,0.1,6,22,2,0.5344827586206896,0.9869203329369798,0.3686118810288949,0.41695226751235603,0.3.2,participant,,,,,,b86ad3d586a53a1c8327c50145dfc03932f2ea9b36901736375dcb1bc4a121a2
BNCI2014-001,1,riemann_lr,channel_dropout,all_channels,2,0.1,7,22,2,0.6896551724137931,0.9892984542211652,0.20226309946471566,0.26531713758725634,0.3.2,participant,,,,,,b86ad3d586a53a1c8327c50145dfc03932f2ea9b36901736375dcb1bc4a121a2
BNCI2014-001,1,riemann_lr,channel_dropout,all_channels,2,0.1,8,22,2,0.6206896551724138,0.9952437574316291,0.25484884842177136,0.32152214225872505,0.3.2,participant,,,,,,b86ad3d586a53a1c8327c50145dfc03932f2ea9b36901736375dcb1bc4a121a2
BNCI2014-001,1,riemann_lr,channel_dropout,all_channels,2,0.1,9,22,2,0.5,0.9488703923900119,0.49971095134970556,0.49983800630472974,0.3.2,participant,,,,,,b86ad3d586a53a1c8327c50145dfc03932f2ea9b36901736375dcb1bc4a121a2
BNCI2014-001,1,riemann_lr,channel_dropout,all_channels,2,0.2,0,22,4,0.5,0.9500594530321046,0.4989438299665976,0.4994110440618844,0.3.2,participant,,,,,,b86ad3d586a53a1c8327c50145dfc03932f2ea9b36901736375dcb1bc4a121a2
BNCI2014-001,1,riemann_lr,channel_dropout,all_channels,2,0.2,1,22,4,0.5,0.9500594530321047,0.4950163328798687,0.4972612720219125,0.3.2,participant,,,,,,b86ad3d586a53a1c8327c50145dfc03932f2ea9b36901736375dcb1bc4a121a2
BNCI2014-001,1,riemann_lr,channel_dropout,all_channels,2,0.2,2,22,4,0.8275862068965517,0.9500594530321047,0.10685438966194011,0.10947638354398644,0.3.2,participant,,,,,,b86ad3d586a53a1c8327c50145dfc03932f2ea9b36901736375dcb1bc4a121a2
BNCI2014-001,1,riemann_lr,channel_dropout,all_channels,2,0.2,3,22,4,0.6379310344827587,0.9643281807372175,0.2320779149018254,0.292138466774407,0.3.2,participant,,,,,,b86ad3d586a53a1c8327c50145dfc03932f2ea9b36901736375dcb1bc4a121a2
BNCI2014-001,1,riemann_lr,channel_dropout,all_channels,2,0.2,4,22,4,0.5,0.9203329369797859,0.4749087395801413,0.48500855125172776,0.3.2,participant,,,,,,b86ad3d586a53a1c8327c50145dfc03932f2ea9b36901736375dcb1bc4a121a2
BNCI2014-001,1,riemann_lr,channel_dropout,all_channels,2,0.2,5,22,4,0.6206896551724138,0.9131985731272295,0.199440185853422,0.2136837250458032,0.3.2,participant,,,,,,b86ad3d586a53a1c8327c50145dfc03932f2ea9b36901736375dcb1bc4a121a2
BNCI2014-001,1,riemann_lr,channel_dropout,all_channels,2,0.2,6,22,4,0.5,0.9774078478002378,0.4927284512607973,0.4960076847747764,0.3.2,participant,,,,,,b86ad3d586a53a1c8327c50145dfc03932f2ea9b36901736375dcb1bc4a121a2
BNCI2014-001,1,riemann_lr,channel_dropout,all_channels,2,0.2,7,22,4,0.5862068965517242,0.9678953626634959,0.2553360317641344,0.3118451432645404,0.3.2,participant,,,,,,b86ad3d586a53a1c8327c50145dfc03932f2ea9b36901736375dcb1bc4a121a2
BNCI2014-001,1,riemann_lr,channel_dropout,all_channels,2,0.2,8,22,4,0.8448275862068966,0.9690844233055886,0.09977464561901961,0.14812555302766342,0.3.2,participant,,,,,,b86ad3d586a53a1c8327c50145dfc03932f2ea9b36901736375dcb1bc4a121a2
BNCI2014-001,1,riemann_lr,channel_dropout,all_channels,2,0.2,9,22,4,0.5,0.8668252080856124,0.44601507317376565,0.46416227333989235,0.3.2,participant,,,,,,b86ad3d586a53a1c8327c50145dfc03932f2ea9b36901736375dcb1bc4a121a2
BNCI2014-001,1,riemann_lr,channel_dropout,all_channels,2,0.3,0,22,7,0.5,0.9631391200951249,0.38709860415570124,0.4263627212471076,0.3.2,participant,,,,,,b86ad3d586a53a1c8327c50145dfc03932f2ea9b36901736375dcb1bc4a121a2
BNCI2014-001,1,riemann_lr,channel_dropout,all_channels,2,0.3,1,22,7,0.7068965517241379,0.9072532699167658,0.1723706073875846,0.16417185049238053,0.3.2,participant,,,,,,b86ad3d586a53a1c8327c50145dfc03932f2ea9b36901736375dcb1bc4a121a2
BNCI2014-001,1,riemann_lr,channel_dropout,all_channels,2,0.3,2,22,7,0.603448275862069,0.9678953626634959,0.23280107445080775,0.300298434044125,0.3.2,participant,,,,,,b86ad3d586a53a1c8327c50145dfc03932f2ea9b36901736375dcb1bc4a121a2
BNCI2014-001,1,riemann_lr,channel_dropout,all_channels,2,0.3,3,22,7,0.5,0.8692033293697978,0.4989001311296464,0.49930279171680464,0.3.2,participant,,,,,,b86ad3d586a53a1c8327c50145dfc03932f2ea9b36901736375dcb1bc4a121a2
BNCI2014-001,1,riemann_lr,channel_dropout,all_channels,2,0.3,4,22,7,0.5,0.9167657550535078,0.4995942404790911,0.4997400559429376,0.3.2,participant,,,,,,b86ad3d586a53a1c8327c50145dfc03932f2ea9b36901736375dcb1bc4a121a2
BNCI2014-001,1,riemann_lr,channel_dropout,all_channels,2,0.3,5,22,7,0.7586206896551724,0.9084423305588585,0.17515531604423168,0.1851039837023294,0.3.2,participant,,,,,,b86ad3d586a53a1c8327c50145dfc03932f2ea9b36901736375dcb1bc4a121a2
BNCI2014-001,1,riemann_lr,channel_dropout,all_channels,2,0.3,6,22,7,0.5,0.8561236623067776,0.49124519971904096,0.494342734172419,0.3.2,participant,,,,,,b86ad3d586a53a1c8327c50145dfc03932f2ea9b36901736375dcb1bc4a121a2
BNCI2014-001,1,riemann_lr,channel_dropout,all_channels,2,0.3,7,22,7,0.5,0.9322235434007133,0.4312071128563687,0.45759666344531574,0.3.2,participant,,,,,,b86ad3d586a53a1c8327c50145dfc03932f2ea9b36901736375dcb1bc4a121a2
BNCI2014-001,1,riemann_lr,channel_dropout,all_channels,2,0.3,8,22,7,0.5,0.8501783590963139,0.3904312548877483,0.41124928205196526,0.3.2,participant,,,,,,b86ad3d586a53a1c8327c50145dfc03932f2ea9b36901736375dcb1bc4a121a2
BNCI2014-001,1,riemann_lr,channel_dropout,all_channels,2,0.3,9,22,7,0.5,0.8537455410225921,0.4999995971948253,0.49999973721111857,0.3.2,participant,,,,,,b86ad3d586a53a1c8327c50145dfc03932f2ea9b36901736375dcb1bc4a121a2
BNCI2014-001,1,riemann_lr,channel_dropout,all_channels,2,0.5,0,22,11,0.5,0.7812128418549346,0.4985370613195858,0.4988292838402496,0.3.2,participant,,,,,,b86ad3d586a53a1c8327c50145dfc03932f2ea9b36901736375dcb1bc4a121a2
BNCI2014-001,1,riemann_lr,channel_dropout,all_channels,2,0.5,1,22,11,0.5,0.7598097502972652,0.3521544721356648,0.36085083675955376,0.3.2,participant,,,,,,b86ad3d586a53a1c8327c50145dfc03932f2ea9b36901736375dcb1bc4a121a2
BNCI2014-001,1,riemann_lr,channel_dropout,all_channels,2,0.5,2,22,11,0.5,0.8573127229488704,0.42592961315750294,0.4413859905088404,0.3.2,participant,,,,,,b86ad3d586a53a1c8327c50145dfc03932f2ea9b36901736375dcb1bc4a121a2
BNCI2014-001,1,riemann_lr,channel_dropout,all_channels,2,0.5,3,22,11,0.5,0.8668252080856125,0.4956646399585777,0.49719415175900794,0.3.2,participant,,,,,,b86ad3d586a53a1c8327c50145dfc03932f2ea9b36901736375dcb1bc4a121a2
BNCI2014-001,1,riemann_lr,channel_dropout,all_channels,2,0.5,4,22,11,0.5172413793103449,0.7728894173602854,0.29956480036118266,0.32515027896574866,0.3.2,participant,,,,,,b86ad3d586a53a1c8327c50145dfc03932f2ea9b36901736375dcb1bc4a121a2
BNCI2014-001,1,riemann_lr,channel_dropout,all_channels,2,0.5,5,22,11,0.5,0.9108204518430439,0.49414480323668486,0.4958278623294717,0.3.2,participant,,,,,,b86ad3d586a53a1c8327c50145dfc03932f2ea9b36901736375dcb1bc4a121a2
BNCI2014-001,1,riemann_lr,channel_dropout,all_channels,2,0.5,6,22,11,0.5,0.8656361474435197,0.4998519049674279,0.49989679661048136,0.3.2,participant,,,,,,b86ad3d586a53a1c8327c50145dfc03932f2ea9b36901736375dcb1bc4a121a2
BNCI2014-001,1,riemann_lr,channel_dropout,all_channels,2,0.5,7,22,11,0.5344827586206896,0.8287752675386445,0.28143959546756325,0.29864945971896417,0.3.2,participant,,,,,,b86ad3d586a53a1c8327c50145dfc03932f2ea9b36901736375dcb1bc4a121a2
BNCI2014-001,1,riemann_lr,channel_dropout,all_channels,2,0.5,8,22,11,0.5,0.9001189060642092,0.4944324898258547,0.4959981009130937,0.3.2,participant,,,,,,b86ad3d586a53a1c8327c50145dfc03932f2ea9b36901736375dcb1bc4a121a2
BNCI2014-001,1,riemann_lr,channel_dropout,all_channels,2,0.5,9,22,11,0.7068965517241379,0.8977407847800238,0.18317871039958747,0.22756857811040462,0.3.2,participant,,,,,,b86ad3d586a53a1c8327c50145dfc03932f2ea9b36901736375dcb1bc4a121a2
BNCI2014-001,1,riemann_lr,clean,all_channels,3,0.0,0,22,0,0.8793103448275862,0.9357907253269917,0.10134296658320066,0.09390777610675416,0.3.2,participant,,,,,,b86ad3d586a53a1c8327c50145dfc03932f2ea9b36901736375dcb1bc4a121a2
BNCI2014-001,1,riemann_lr,channel_dropout,all_channels,3,0.1,0,22,2,0.5,0.9096313912009513,0.4707447102202599,0.4832803458064112,0.3.2,participant,,,,,,b86ad3d586a53a1c8327c50145dfc03932f2ea9b36901736375dcb1bc4a121a2
BNCI2014-001,1,riemann_lr,channel_dropout,all_channels,3,0.1,1,22,2,0.8793103448275862,0.929845422116528,0.10350433421697361,0.10009082267704635,0.3.2,participant,,,,,,b86ad3d586a53a1c8327c50145dfc03932f2ea9b36901736375dcb1bc4a121a2
BNCI2014-001,1,riemann_lr,channel_dropout,all_channels,3,0.1,2,22,2,0.5,0.9322235434007135,0.46932990428755084,0.48282988459696513,0.3.2,participant,,,,,,b86ad3d586a53a1c8327c50145dfc03932f2ea9b36901736375dcb1bc4a121a2
BNCI2014-001,1,riemann_lr,channel_dropout,all_channels,3,0.1,3,22,2,0.5,0.9381688466111773,0.4290454614460306,0.4574384519827039,0.3.2,participant,,,,,,b86ad3d586a53a1c8327c50145dfc03932f2ea9b36901736375dcb1bc4a121a2
BNCI2014-001,1,riemann_lr,channel_dropout,all_channels,3,0.1,4,22,2,0.7931034482758621,0.9215219976218787,0.15066249075273005,0.16284747987711787,0.3.2,participant,,,,,,b86ad3d586a53a1c8327c50145dfc03932f2ea9b36901736375dcb1bc4a121a2
BNCI2014-001,1,riemann_lr,channel_dropout,all_channels,3,0.1,5,22,2,0.8448275862068966,0.9131985731272294,0.12697666988353218,0.13835889262672144,0.3.2,participant,,,,,,b86ad3d586a53a1c8327c50145dfc03932f2ea9b36901736375dcb1bc4a121a2
BNCI2014-001,1,riemann_lr,channel_dropout,all_channels,3,0.1,6,22,2,0.7413793103448276,0.9250891795481571,0.1503044868695775,0.16050224391696943,0.3.2,participant,,,,,,b86ad3d586a53a1c8327c50145dfc03932f2ea9b36901736375dcb1bc4a121a2
BNCI2014-001,1,riemann_lr,channel_dropout,all_channels,3,0.1,7,22,2,0.6896551724137931,0.9322235434007135,0.17141633010855276,0.20011006609823168,0.3.2,participant,,,,,,b86ad3d586a53a1c8327c50145dfc03932f2ea9b36901736375dcb1bc4a121a2
BNCI2014-001,1,riemann_lr,channel_dropout,all_channels,3,0.1,8,22,2,0.6551724137931034,0.9239001189060642,0.24310670468958498,0.2930126310373547,0.3.2,participant,,,,,,b86ad3d586a53a1c8327c50145dfc03932f2ea9b36901736375dcb1bc4a121a2
BNCI2014-001,1,riemann_lr,channel_dropout,all_channels,3,0.1,9,22,2,0.5862068965517242,0.9286563614744352,0.3235374545847782,0.37290783621355095,0.3.2,participant,,,,,,b86ad3d586a53a1c8327c50145dfc03932f2ea9b36901736375dcb1bc4a121a2
BNCI2014-001,1,riemann_lr,channel_dropout,all_channels,3,0.2,0,22,4,0.5172413793103449,0.9369797859690844,0.35923158061118976,0.40700166238227453,0.3.2,participant,,,,,,b86ad3d586a53a1c8327c50145dfc03932f2ea9b36901736375dcb1bc4a121a2
BNCI2014-001,1,riemann_lr,channel_dropout,all_channels,3,0.2,1,22,4,0.5,0.9013079667063021,0.4999982384134649,0.49999895218022217,0.3.2,participant,,,,,,b86ad3d586a53a1c8327c50145dfc03932f2ea9b36901736375dcb1bc4a121a2
BNCI2014-001,1,riemann_lr,channel_dropout,all_channels,3,0.2,2,22,4,0.5,0.915576694411415,0.4571520030644287,0.4753341536958881,0.3.2,participant,,,,,,b86ad3d586a53a1c8327c50145dfc03932f2ea9b36901736375dcb1bc4a121a2
BNCI2014-001,1,riemann_lr,channel_dropout,all_channels,3,0.2,3,22,4,0.5,0.9096313912009512,0.4999531408616098,0.4999733142430155,0.3.2,participant,,,,,,b86ad3d586a53a1c8327c50145dfc03932f2ea9b36901736375dcb1bc4a121a2
BNCI2014-001,1,riemann_lr,channel_dropout,all_channels,3,0.2,4,22,4,0.5,0.8929845422116527,0.46036839130241297,0.475943291649244,0.3.2,participant,,,,,,b86ad3d586a53a1c8327c50145dfc03932f2ea9b36901736375dcb1bc4a121a2
BNCI2014-001,1,riemann_lr,channel_dropout,all_channels,3,0.2,5,22,4,0.5,0.9250891795481571,0.49088546391696364,0.4945308624790864,0.3.2,participant,,,,,,b86ad3d586a53a1c8327c50145dfc03932f2ea9b36901736375dcb1bc4a121a2
BNCI2014-001,1,riemann_lr,channel_dropout,all_channels,3,0.2,6,22,4,0.7241379310344828,0.9143876337693222,0.15501258872146312,0.1510635314839412,0.3.2,participant,,,,,,b86ad3d586a53a1c8327c50145dfc03932f2ea9b36901736375dcb1bc4a121a2
BNCI2014-001,1,riemann_lr,channel_dropout,all_channels,3,0.2,7,22,4,0.5,0.9310344827586208,0.4897438308177364,0.4940635631344822,0.3.2,participant,,,,,,b86ad3d586a53a1c8327c50145dfc03932f2ea9b36901736375dcb1bc4a121a2
BNCI2014-001,1,riemann_lr,channel_dropout,all_channels,3,0.2,8,22,4,0.5,0.9167657550535077,0.4948673761024001,0.4970782392898342,0.3.2,participant,,,,,,b86ad3d586a53a1c8327c50145dfc03932f2ea9b36901736375dcb1bc4a121a2
BNCI2014-001,1,riemann_lr,channel_dropout,all_channels,3,0.2,9,22,4,0.5,0.9239001189060643,0.4834186057253054,0.4906995170643988,0.3.2,participant,,,,,,b86ad3d586a53a1c8327c50145dfc03932f2ea9b36901736375dcb1bc4a121a2
BNCI2014-001,1,riemann_lr,channel_dropout,all_channels,3,0.3,0,22,7,0.7931034482758621,0.877526753864447,0.15590255381625848,0.1113878612884632,0.3.2,participant,,,,,,b86ad3d586a53a1c8327c50145dfc03932f2ea9b36901736375dcb1bc4a121a2
BNCI2014-001,1,riemann_lr,channel_dropout,all_channels,3,0.3,1,22,7,0.5,0.9072532699167657,0.4998178621470267,0.49989452493952125,0.3.2,participant,,,,,,b86ad3d586a53a1c8327c50145dfc03932f2ea9b36901736375dcb1bc4a121a2
BNCI2014-001,1,riemann_lr,channel_dropout,all_channels,3,0.3,2,22,7,0.5,0.8977407847800238,0.48773518840681,0.4912127365059413,0.3.2,participant,,,,,,b86ad3d586a53a1c8327c50145dfc03932f2ea9b36901736375dcb1bc4a121a2
BNCI2014-001,1,riemann_lr,channel_dropout,all_channels,3,0.3,3,22,7,0.5,0.9274673008323424,0.4995840411624756,0.49973438585033236,0.3.2,participant,,,,,,b86ad3d586a53a1c8327c50145dfc03932f2ea9b36901736375dcb1bc4a121a2
BNCI2014-001,1,riemann_lr,channel_dropout,all_channels,3,0.3,4,22,7,0.7931034482758621,0.8751486325802615,0.1572171548307043,0.11209850380589964,0.3.2,participant,,,,,,b86ad3d586a53a1c8327c50145dfc03932f2ea9b36901736375dcb1bc4a121a2
BNCI2014-001,1,riemann_lr,channel_dropout,all_channels,3,0.3,5,22,7,0.5,0.8894173602853744,0.4995941018611608,0.49975810258099707,0.3.2,participant,,,,,,b86ad3d586a53a1c8327c50145dfc03932f2ea9b36901736375dcb1bc4a121a2
BNCI2014-001,1,riemann_lr,channel_dropout,all_channels,3,0.3,6,22,7,0.5,0.9322235434007136,0.49937450253900595,0.4996209528312374,0.3.2,participant,,,,,,b86ad3d586a53a1c8327c50145dfc03932f2ea9b36901736375dcb1bc4a121a2
BNCI2014-001,1,riemann_lr,channel_dropout,all_channels,3,0.3,7,22,7,0.5,0.8109393579072532,0.40606477644693373,0.43181651751158245,0.3.2,participant,,,,,,b86ad3d586a53a1c8327c50145dfc03932f2ea9b36901736375dcb1bc4a121a2
BNCI2014-001,1,riemann_lr,channel_dropout,all_channels,3,0.3,8,22,7,0.5,0.896551724137931,0.4986342673024794,0.4990542979369047,0.3.2,participant,,,,,,b86ad3d586a53a1c8327c50145dfc03932f2ea9b36901736375dcb1bc4a121a2
BNCI2014-001,1,riemann_lr,channel_dropout,all_channels,3,0.3,9,22,7,0.5,0.9227110582639715,0.3498163201836134,0.39141325111495817,0.3.2,participant,,,,,,b86ad3d586a53a1c8327c50145dfc03932f2ea9b36901736375dcb1bc4a121a2
BNCI2014-001,1,riemann_lr,channel_dropout,all_channels,3,0.5,0,22,11,0.7586206896551724,0.9143876337693222,0.17038697879083145,0.183040486281516,0.3.2,participant,,,,,,b86ad3d586a53a1c8327c50145dfc03932f2ea9b36901736375dcb1bc4a121a2
BNCI2014-001,1,riemann_lr,channel_dropout,all_channels,3,0.5,1,22,11,0.5,0.8049940546967896,0.4998810250183795,0.49990303274472947,0.3.2,participant,,,,,,b86ad3d586a53a1c8327c50145dfc03932f2ea9b36901736375dcb1bc4a121a2
BNCI2014-001,1,riemann_lr,channel_dropout,all_channels,3,0.5,2,22,11,0.5,0.7633769322235434,0.4988659205742023,0.49911045049044744,0.3.2,participant,,,,,,b86ad3d586a53a1c8327c50145dfc03932f2ea9b36901736375dcb1bc4a121a2
BNCI2014-001,1,riemann_lr,channel_dropout,all_channels,3,0.5,3,22,11,0.5,0.7669441141498217,0.44100117991468457,0.45391198263048993,0.3.2,participant,,,,,,b86ad3d586a53a1c8327c50145dfc03932f2ea9b36901736375dcb1bc4a121a2
BNCI2014-001,1,riemann_lr,channel_dropout,all_channels,3,0.5,4,22,11,0.5,0.7205707491082045,0.4999997444507547,0.49999978936605305,0.3.2,participant,,,,,,b86ad3d586a53a1c8327c50145dfc03932f2ea9b36901736375dcb1bc4a121a2
BNCI2014-001,1,riemann_lr,channel_dropout,all_channels,3,0.5,5,22,11,0.5,0.7919143876337693,0.49999068421228804,0.49999254665415993,0.3.2,participant,,,,,,b86ad3d586a53a1c8327c50145dfc03932f2ea9b36901736375dcb1bc4a121a2
BNCI2014-001,1,riemann_lr,channel_dropout,all_channels,3,0.5,6,22,11,0.5,0.8513674197384067,0.34108974209084963,0.36038106622249366,0.3.2,participant,,,,,,b86ad3d586a53a1c8327c50145dfc03932f2ea9b36901736375dcb1bc4a121a2
BNCI2014-001,1,riemann_lr,channel_dropout,all_channels,3,0.5,7,22,11,0.5,0.8620689655172413,0.49991075914715355,0.4999334371800084,0.3.2,participant,,,,,,b86ad3d586a53a1c8327c50145dfc03932f2ea9b36901736375dcb1bc4a121a2
BNCI2014-001,1,riemann_lr,channel_dropout,all_channels,3,0.5,8,22,11,0.5,0.7170035671819263,0.499994381023794,0.49999565417348046,0.3.2,participant,,,,,,b86ad3d586a53a1c8327c50145dfc03932f2ea9b36901736375dcb1bc4a121a2
BNCI2014-001,1,riemann_lr,channel_dropout,all_channels,3,0.5,9,22,11,0.5,0.8656361474435196,0.499996904181857,0.49999801679387346,0.3.2,participant,,,,,,b86ad3d586a53a1c8327c50145dfc03932f2ea9b36901736375dcb1bc4a121a2
BNCI2014-001,1,riemann_lr,clean,all_channels,4,0.0,0,22,0,0.8429802955665024,0.9593596059113301,0.09380291942817096,0.10572305615226409,0.3.2,participant,,,,,,b86ad3d586a53a1c8327c50145dfc03932f2ea9b36901736375dcb1bc4a121a2
BNCI2014-001,1,riemann_lr,channel_dropout,all_channels,4,0.1,0,22,2,0.7142857142857143,0.9532019704433498,0.1869452508696052,0.23577609185240403,0.3.2,participant,,,,,,b86ad3d586a53a1c8327c50145dfc03932f2ea9b36901736375dcb1bc4a121a2
BNCI2014-001,1,riemann_lr,channel_dropout,all_channels,4,0.1,1,22,2,0.5,0.8460591133004927,0.4911907916880997,0.491205104493598,0.3.2,participant,,,,,,b86ad3d586a53a1c8327c50145dfc03932f2ea9b36901736375dcb1bc4a121a2
BNCI2014-001,1,riemann_lr,channel_dropout,all_channels,4,0.1,2,22,2,0.5172413793103449,0.9298029556650246,0.4007152503023125,0.44177791738395406,0.3.2,participant,,,,,,b86ad3d586a53a1c8327c50145dfc03932f2ea9b36901736375dcb1bc4a121a2
BNCI2014-001,1,riemann_lr,channel_dropout,all_channels,4,0.1,3,22,2,0.5178571428571429,0.8879310344827587,0.3529566129811147,0.3903474606048558,0.3.2,participant,,,,,,b86ad3d586a53a1c8327c50145dfc03932f2ea9b36901736375dcb1bc4a121a2
BNCI2014-001,1,riemann_lr,channel_dropout,all_channels,4,0.1,4,22,2,0.7321428571428572,0.9532019704433498,0.1437913584116413,0.18930802346413753,0.3.2,participant,,,,,,b86ad3d586a53a1c8327c50145dfc03932f2ea9b36901736375dcb1bc4a121a2
BNCI2014-001,1,riemann_lr,channel_dropout,all_channels,4,0.1,5,22,2,0.7678571428571428,0.9519704433497537,0.15493209632121036,0.18765797751468438,0.3.2,participant,,,,,,b86ad3d586a53a1c8327c50145dfc03932f2ea9b36901736375dcb1bc4a121a2
BNCI2014-001,1,riemann_lr,channel_dropout,all_channels,4,0.1,6,22,2,0.8399014778325123,0.9655172413793103,0.10810546055257779,0.13027323156568296,0.3.2,participant,,,,,,b86ad3d586a53a1c8327c50145dfc03932f2ea9b36901736375dcb1bc4a121a2
BNCI2014-001,1,riemann_lr,channel_dropout,all_channels,4,0.1,7,22,2,0.5357142857142857,0.954433497536946,0.41504434543651225,0.4429787159528914,0.3.2,participant,,,,,,b86ad3d586a53a1c8327c50145dfc03932f2ea9b36901736375dcb1bc4a121a2
BNCI2014-001,1,riemann_lr,channel_dropout,all_channels,4,0.1,8,22,2,0.8577586206896552,0.9532019704433496,0.10403316523006119,0.14376204262340184,0.3.2,participant,,,,,,b86ad3d586a53a1c8327c50145dfc03932f2ea9b36901736375dcb1bc4a121a2
BNCI2014-001,1,riemann_lr,channel_dropout,all_channels,4,0.1,9,22,2,0.7327586206896552,0.9162561576354681,0.16454442818828766,0.16031735699273197,0.3.2,participant,,,,,,b86ad3d586a53a1c8327c50145dfc03932f2ea9b36901736375dcb1bc4a121a2
BNCI2014-001,1,riemann_lr,channel_dropout,all_channels,4,0.2,0,22,4,0.8103448275862069,0.939655172413793,0.1388018690635333,0.17457671777527714,0.3.2,participant,,,,,,b86ad3d586a53a1c8327c50145dfc03932f2ea9b36901736375dcb1bc4a121a2
BNCI2014-001,1,riemann_lr,channel_dropout,all_channels,4,0.2,1,22,4,0.8097290640394088,0.9261083743842364,0.1476521042833243,0.15904331200359442,0.3.2,participant,,,,,,b86ad3d586a53a1c8327c50145dfc03932f2ea9b36901736375dcb1bc4a121a2
BNCI2014-001,1,riemann_lr,channel_dropout,all_channels,4,0.2,2,22,4,0.5344827586206896,0.9027093596059114,0.30520808146242506,0.35149493741847526,0.3.2,participant,,,,,,b86ad3d586a53a1c8327c50145dfc03932f2ea9b36901736375dcb1bc4a121a2
BNCI2014-001,1,riemann_lr,channel_dropout,all_channels,4,0.2,3,22,4,0.5,0.8743842364532021,0.4355090665941068,0.4495878536761895,0.3.2,participant,,,,,,b86ad3d586a53a1c8327c50145dfc03932f2ea9b36901736375dcb1bc4a121a2
BNCI2014-001,1,riemann_lr,channel_dropout,all_channels,4,0.2,4,22,4,0.5714285714285714,0.9347290640394089,0.31858556942228944,0.3662270680729224,0.3.2,participant,,,,,,b86ad3d586a53a1c8327c50145dfc03932f2ea9b36901736375dcb1bc4a121a2
BNCI2014-001,1,riemann_lr,channel_dropout,all_channels,4,0.2,5,22,4,0.5,0.958128078817734,0.47489217197194933,0.4817372268024158,0.3.2,participant,,,,,,b86ad3d586a53a1c8327c50145dfc03932f2ea9b36901736375dcb1bc4a121a2
BNCI2014-001,1,riemann_lr,channel_dropout,all_channels,4,0.2,6,22,4,0.5535714285714286,0.9051724137931034,0.29145136259305815,0.33178897211595126,0.3.2,participant,,,,,,b86ad3d586a53a1c8327c50145dfc03932f2ea9b36901736375dcb1bc4a121a2
BNCI2014-001,1,riemann_lr,channel_dropout,all_channels,4,0.2,7,22,4,0.5,0.9396551724137931,0.42561909026739486,0.45086089575636235,0.3.2,participant,,,,,,b86ad3d586a53a1c8327c50145dfc03932f2ea9b36901736375dcb1bc4a121a2
BNCI2014-001,1,riemann_lr,channel_dropout,all_channels,4,0.2,8,22,4,0.5,0.8805418719211823,0.4853896076710777,0.48763027150025295,0.3.2,participant,,,,,,b86ad3d586a53a1c8327c50145dfc03932f2ea9b36901736375dcb1bc4a121a2
BNCI2014-001,1,riemann_lr,channel_dropout,all_channels,4,0.2,9,22,4,0.5892857142857143,0.9359605911330049,0.24416265007451585,0.2943064609337136,0.3.2,participant,,,,,,b86ad3d586a53a1c8327c50145dfc03932f2ea9b36901736375dcb1bc4a121a2
BNCI2014-001,1,riemann_lr,channel_dropout,all_channels,4,0.3,0,22,7,0.6071428571428571,0.9285714285714286,0.20017273974982938,0.22134794283520437,0.3.2,participant,,,,,,b86ad3d586a53a1c8327c50145dfc03932f2ea9b36901736375dcb1bc4a121a2
BNCI2014-001,1,riemann_lr,channel_dropout,all_channels,4,0.3,1,22,7,0.5714285714285714,0.8977832512315271,0.29609917077716225,0.3357883909757441,0.3.2,participant,,,,,,b86ad3d586a53a1c8327c50145dfc03932f2ea9b36901736375dcb1bc4a121a2
BNCI2014-001,1,riemann_lr,channel_dropout,all_channels,4,0.3,2,22,7,0.7068965517241379,0.8866995073891625,0.18726192811695344,0.21891772934283055,0.3.2,participant,,,,,,b86ad3d586a53a1c8327c50145dfc03932f2ea9b36901736375dcb1bc4a121a2
BNCI2014-001,1,riemann_lr,channel_dropout,all_channels,4,0.3,3,22,7,0.7413793103448276,0.9187192118226601,0.1737238476780422,0.1757300390356514,0.3.2,participant,,,,,,b86ad3d586a53a1c8327c50145dfc03932f2ea9b36901736375dcb1bc4a121a2
BNCI2014-001,1,riemann_lr,channel_dropout,all_channels,4,0.3,4,22,7,0.5,0.9729064039408867,0.48351971615236433,0.4867810519741559,0.3.2,participant,,,,,,b86ad3d586a53a1c8327c50145dfc03932f2ea9b36901736375dcb1bc4a121a2
BNCI2014-001,1,riemann_lr,channel_dropout,all_channels,4,0.3,5,22,7,0.5,0.8583743842364532,0.48653355719113645,0.4878780309757669,0.3.2,participant,,,,,,b86ad3d586a53a1c8327c50145dfc03932f2ea9b36901736375dcb1bc4a121a2
BNCI2014-001,1,riemann_lr,channel_dropout,all_channels,4,0.3,6,22,7,0.7721674876847291,0.834975369458128,0.1798328205807862,0.1404089601700262,0.3.2,participant,,,,,,b86ad3d586a53a1c8327c50145dfc03932f2ea9b36901736375dcb1bc4a121a2
BNCI2014-001,1,riemann_lr,channel_dropout,all_channels,4,0.3,7,22,7,0.5178571428571429,0.9593596059113301,0.3629936732282831,0.4034559283984501,0.3.2,participant,,,,,,b86ad3d586a53a1c8327c50145dfc03932f2ea9b36901736375dcb1bc4a121a2
BNCI2014-001,1,riemann_lr,channel_dropout,all_channels,4,0.3,8,22,7,0.8608374384236454,0.9273399014778325,0.14300928299791243,0.19684677957356345,0.3.2,participant,,,,,,b86ad3d586a53a1c8327c50145dfc03932f2ea9b36901736375dcb1bc4a121a2
BNCI2014-001,1,riemann_lr,channel_dropout,all_channels,4,0.3,9,22,7,0.5,0.9593596059113301,0.5037866105559174,0.5054705478282205,0.3.2,participant,,,,,,b86ad3d586a53a1c8327c50145dfc03932f2ea9b36901736375dcb1bc4a121a2
BNCI2014-001,1,riemann_lr,channel_dropout,all_channels,4,0.5,0,22,11,0.5178571428571429,0.8830049261083744,0.2514539871582702,0.2595734331905563,0.3.2,participant,,,,,,b86ad3d586a53a1c8327c50145dfc03932f2ea9b36901736375dcb1bc4a121a2
BNCI2014-001,1,riemann_lr,channel_dropout,all_channels,4,0.5,1,22,11,0.5,0.895320197044335,0.4908473917731085,0.4909695678500655,0.3.2,participant,,,,,,b86ad3d586a53a1c8327c50145dfc03932f2ea9b36901736375dcb1bc4a121a2
BNCI2014-001,1,riemann_lr,channel_dropout,all_channels,4,0.5,2,22,11,0.5,0.8719211822660098,0.4977622524480121,0.5012981950554244,0.3.2,participant,,,,,,b86ad3d586a53a1c8327c50145dfc03932f2ea9b36901736375dcb1bc4a121a2
BNCI2014-001,1,riemann_lr,channel_dropout,all_channels,4,0.5,3,22,11,0.5,0.8300492610837438,0.4837129873209993,0.4850199935922056,0.3.2,participant,,,,,,b86ad3d586a53a1c8327c50145dfc03932f2ea9b36901736375dcb1bc4a121a2
BNCI2014-001,1,riemann_lr,channel_dropout,all_channels,4,0.5,4,22,11,0.5,0.7684729064039408,0.491227682664162,0.49122773570518474,0.3.2,participant,,,,,,b86ad3d586a53a1c8327c50145dfc03932f2ea9b36901736375dcb1bc4a121a2
BNCI2014-001,1,riemann_lr,channel_dropout,all_channels,4,0.5,5,22,11,0.5,0.8657635467980297,0.3864212734347398,0.3968329012229328,0.3.2,participant,,,,,,b86ad3d586a53a1c8327c50145dfc03932f2ea9b36901736375dcb1bc4a121a2
BNCI2014-001,1,riemann_lr,channel_dropout,all_channels,4,0.5,6,22,11,0.5,0.79064039408867,0.43185787458919456,0.4399200585941944,0.3.2,participant,,,,,,b86ad3d586a53a1c8327c50145dfc03932f2ea9b36901736375dcb1bc4a121a2
BNCI2014-001,1,riemann_lr,channel_dropout,all_channels,4,0.5,7,22,11,0.5,0.7019704433497538,0.4912190673999764,0.49122031529740806,0.3.2,participant,,,,,,b86ad3d586a53a1c8327c50145dfc03932f2ea9b36901736375dcb1bc4a121a2
BNCI2014-001,1,riemann_lr,channel_dropout,all_channels,4,0.5,8,22,11,0.5,0.8768472906403941,0.508617190994518,0.5086724312941265,0.3.2,participant,,,,,,b86ad3d586a53a1c8327c50145dfc03932f2ea9b36901736375dcb1bc4a121a2
BNCI2014-001,1,riemann_lr,channel_dropout,all_channels,4,0.5,9,22,11,0.5,0.8201970443349755,0.5019071207801019,0.5036777995509569,0.3.2,participant,,,,,,b86ad3d586a53a1c8327c50145dfc03932f2ea9b36901736375dcb1bc4a121a2
BNCI2014-001,1,riemann_lr,clean,all_channels,5,0.0,0,22,0,0.9304187192118227,0.9889162561576355,0.06267584050038706,0.1394645943669328,0.3.2,participant,,,,,,b86ad3d586a53a1c8327c50145dfc03932f2ea9b36901736375dcb1bc4a121a2
BNCI2014-001,1,riemann_lr,channel_dropout,all_channels,5,0.1,0,22,2,0.8571428571428572,0.9913793103448275,0.0994846125247764,0.16181593070556982,0.3.2,participant,,,,,,b86ad3d586a53a1c8327c50145dfc03932f2ea9b36901736375dcb1bc4a121a2
BNCI2014-001,1,riemann_lr,channel_dropout,all_channels,5,0.1,1,22,2,0.8103448275862069,0.9913793103448275,0.10686556674757142,0.16911920000252195,0.3.2,participant,,,,,,b86ad3d586a53a1c8327c50145dfc03932f2ea9b36901736375dcb1bc4a121a2
BNCI2014-001,1,riemann_lr,channel_dropout,all_channels,5,0.1,2,22,2,0.5517241379310345,0.9655172413793104,0.3394943497460108,0.39250748550084097,0.3.2,participant,,,,,,b86ad3d586a53a1c8327c50145dfc03932f2ea9b36901736375dcb1bc4a121a2
BNCI2014-001,1,riemann_lr,channel_dropout,all_channels,5,0.1,3,22,2,0.603448275862069,0.9839901477832511,0.3046706792576208,0.3633166970268161,0.3.2,participant,,,,,,b86ad3d586a53a1c8327c50145dfc03932f2ea9b36901736375dcb1bc4a121a2
BNCI2014-001,1,riemann_lr,channel_dropout,all_channels,5,0.1,4,22,2,0.6551724137931034,0.9864532019704434,0.23558492407990458,0.29774994685576883,0.3.2,participant,,,,,,b86ad3d586a53a1c8327c50145dfc03932f2ea9b36901736375dcb1bc4a121a2
BNCI2014-001,1,riemann_lr,channel_dropout,all_channels,5,0.1,5,22,2,0.5357142857142857,0.9679802955665024,0.35265178125627217,0.39844472727185487,0.3.2,participant,,,,,,b86ad3d586a53a1c8327c50145dfc03932f2ea9b36901736375dcb1bc4a121a2
BNCI2014-001,1,riemann_lr,channel_dropout,all_channels,5,0.1,6,22,2,0.5172413793103449,0.9876847290640394,0.43792374941578216,0.46473316007674936,0.3.2,participant,,,,,,b86ad3d586a53a1c8327c50145dfc03932f2ea9b36901736375dcb1bc4a121a2
BNCI2014-001,1,riemann_lr,channel_dropout,all_channels,5,0.1,7,22,2,0.5172413793103449,0.9778325123152709,0.4171329769816533,0.45165010683398654,0.3.2,participant,,,,,,b86ad3d586a53a1c8327c50145dfc03932f2ea9b36901736375dcb1bc4a121a2
BNCI2014-001,1,riemann_lr,channel_dropout,all_channels,5,0.1,8,22,2,0.5,0.9827586206896552,0.49660900991752654,0.5023036078421442,0.3.2,participant,,,,,,b86ad3d586a53a1c8327c50145dfc03932f2ea9b36901736375dcb1bc4a121a2
BNCI2014-001,1,riemann_lr,channel_dropout,all_channels,5,0.1,9,22,2,0.5,0.9334975369458128,0.4807480590044991,0.4925786081168513,0.3.2,participant,,,,,,b86ad3d586a53a1c8327c50145dfc03932f2ea9b36901736375dcb1bc4a121a2
BNCI2014-001,1,riemann_lr,channel_dropout,all_channels,5,0.2,0,22,4,0.5892857142857143,0.9593596059113301,0.240811535568025,0.29160967547929917,0.3.2,participant,,,,,,b86ad3d586a53a1c8327c50145dfc03932f2ea9b36901736375dcb1bc4a121a2
BNCI2014-001,1,riemann_lr,channel_dropout,all_channels,5,0.2,1,22,4,0.5535714285714286,0.9532019704433498,0.2694237582678402,0.3200010503292061,0.3.2,participant,,,,,,b86ad3d586a53a1c8327c50145dfc03932f2ea9b36901736375dcb1bc4a121a2
BNCI2014-001,1,riemann_lr,channel_dropout,all_channels,5,0.2,2,22,4,0.5344827586206896,0.9766009852216748,0.36952434195159467,0.41568353498923294,0.3.2,participant,,,,,,b86ad3d586a53a1c8327c50145dfc03932f2ea9b36901736375dcb1bc4a121a2
BNCI2014-001,1,riemann_lr,channel_dropout,all_channels,5,0.2,3,22,4,0.5,0.9901477832512315,0.5078344752043975,0.5082728756166888,0.3.2,participant,,,,,,b86ad3d586a53a1c8327c50145dfc03932f2ea9b36901736375dcb1bc4a121a2
BNCI2014-001,1,riemann_lr,channel_dropout,all_channels,5,0.2,4,22,4,0.5,0.9766009852216748,0.5083421661376053,0.5085468109061788,0.3.2,participant,,,,,,b86ad3d586a53a1c8327c50145dfc03932f2ea9b36901736375dcb1bc4a121a2
BNCI2014-001,1,riemann_lr,channel_dropout,all_channels,5,0.2,5,22,4,0.5689655172413793,0.9507389162561576,0.32753918248407027,0.38059651886780876,0.3.2,participant,,,,,,b86ad3d586a53a1c8327c50145dfc03932f2ea9b36901736375dcb1bc4a121a2
BNCI2014-001,1,riemann_lr,channel_dropout,all_channels,5,0.2,6,22,4,0.5344827586206896,0.9482758620689655,0.3789026924227208,0.4238732438807998,0.3.2,participant,,,,,,b86ad3d586a53a1c8327c50145dfc03932f2ea9b36901736375dcb1bc4a121a2
BNCI2014-001,1,riemann_lr,channel_dropout,all_channels,5,0.2,7,22,4,0.6071428571428571,0.9470443349753694,0.2138659152043443,0.2610122289127018,0.3.2,participant,,,,,,b86ad3d586a53a1c8327c50145dfc03932f2ea9b36901736375dcb1bc4a121a2
BNCI2014-001,1,riemann_lr,channel_dropout,all_channels,5,0.2,8,22,4,0.6379310344827587,0.9470443349753694,0.22224891399875532,0.2818169482740937,0.3.2,participant,,,,,,b86ad3d586a53a1c8327c50145dfc03932f2ea9b36901736375dcb1bc4a121a2
BNCI2014-001,1,riemann_lr,channel_dropout,all_channels,5,0.2,9,22,4,0.5,0.9150246305418719,0.5086917561814943,0.5087261815067184,0.3.2,participant,,,,,,b86ad3d586a53a1c8327c50145dfc03932f2ea9b36901736375dcb1bc4a121a2
BNCI2014-001,1,riemann_lr,channel_dropout,all_channels,5,0.3,0,22,7,0.5,0.8780788177339902,0.4931204187775532,0.4985195403363084,0.3.2,participant,,,,,,b86ad3d586a53a1c8327c50145dfc03932f2ea9b36901736375dcb1bc4a121a2
BNCI2014-001,1,riemann_lr,channel_dropout,all_channels,5,0.3,1,22,7,0.5,0.9347290640394088,0.48064530235751574,0.4924910518410669,0.3.2,participant,,,,,,b86ad3d586a53a1c8327c50145dfc03932f2ea9b36901736375dcb1bc4a121a2
BNCI2014-001,1,riemann_lr,channel_dropout,all_channels,5,0.3,2,22,7,0.5,0.9458128078817734,0.5068050548370975,0.507587068648945,0.3.2,participant,,,,,,b86ad3d586a53a1c8327c50145dfc03932f2ea9b36901736375dcb1bc4a121a2
BNCI2014-001,1,riemann_lr,channel_dropout,all_channels,5,0.3,3,22,7,0.5178571428571429,0.9310344827586207,0.36428537934953364,0.3990990908191889,0.3.2,participant,,,,,,b86ad3d586a53a1c8327c50145dfc03932f2ea9b36901736375dcb1bc4a121a2
BNCI2014-001,1,riemann_lr,channel_dropout,all_channels,5,0.3,4,22,7,0.6206896551724138,0.7967980295566502,0.22500973511760572,0.1929493881632726,0.3.2,participant,,,,,,b86ad3d586a53a1c8327c50145dfc03932f2ea9b36901736375dcb1bc4a121a2
BNCI2014-001,1,riemann_lr,channel_dropout,all_channels,5,0.3,5,22,7,0.8577586206896552,0.9310344827586207,0.14467246030434514,0.18398656530963012,0.3.2,participant,,,,,,b86ad3d586a53a1c8327c50145dfc03932f2ea9b36901736375dcb1bc4a121a2
BNCI2014-001,1,riemann_lr,channel_dropout,all_channels,5,0.3,6,22,7,0.5172413793103449,0.852216748768473,0.3382899107474776,0.36554925100286595,0.3.2,participant,,,,,,b86ad3d586a53a1c8327c50145dfc03932f2ea9b36901736375dcb1bc4a121a2
BNCI2014-001,1,riemann_lr,channel_dropout,all_channels,5,0.3,7,22,7,0.6206896551724138,0.9482758620689655,0.2213921873794859,0.26644860391040454,0.3.2,participant,,,,,,b86ad3d586a53a1c8327c50145dfc03932f2ea9b36901736375dcb1bc4a121a2
BNCI2014-001,1,riemann_lr,channel_dropout,all_channels,5,0.3,8,22,7,0.5,0.8189655172413793,0.48720077145897284,0.4926372810310038,0.3.2,participant,,,,,,b86ad3d586a53a1c8327c50145dfc03932f2ea9b36901736375dcb1bc4a121a2
BNCI2014-001,1,riemann_lr,channel_dropout,all_channels,5,0.3,9,22,7,0.5,0.9458128078817734,0.484913503613799,0.4941130882636507,0.3.2,participant,,,,,,b86ad3d586a53a1c8327c50145dfc03932f2ea9b36901736375dcb1bc4a121a2
BNCI2014-001,1,riemann_lr,channel_dropout,all_channels,5,0.5,0,22,11,0.5,0.8165024630541872,0.5012008083652248,0.5032534617963371,0.3.2,participant,,,,,,b86ad3d586a53a1c8327c50145dfc03932f2ea9b36901736375dcb1bc4a121a2
BNCI2014-001,1,riemann_lr,channel_dropout,all_channels,5,0.5,1,22,11,0.5,0.7820197044334976,0.5075991465322767,0.5078622611276352,0.3.2,participant,,,,,,b86ad3d586a53a1c8327c50145dfc03932f2ea9b36901736375dcb1bc4a121a2
BNCI2014-001,1,riemann_lr,channel_dropout,all_channels,5,0.5,2,22,11,0.5,0.916256157635468,0.45862460277621214,0.474036621822266,0.3.2,participant,,,,,,b86ad3d586a53a1c8327c50145dfc03932f2ea9b36901736375dcb1bc4a121a2
BNCI2014-001,1,riemann_lr,channel_dropout,all_channels,5,0.5,3,22,11,0.5,0.9704433497536946,0.48020130373240966,0.49035366273554526,0.3.2,participant,,,,,,b86ad3d586a53a1c8327c50145dfc03932f2ea9b36901736375dcb1bc4a121a2
BNCI2014-001,1,riemann_lr,channel_dropout,all_channels,5,0.5,4,22,11,0.5178571428571429,0.8300492610837439,0.2695152876503814,0.26218731882370316,0.3.2,participant,,,,,,b86ad3d586a53a1c8327c50145dfc03932f2ea9b36901736375dcb1bc4a121a2
BNCI2014-001,1,riemann_lr,channel_dropout,all_channels,5,0.5,5,22,11,0.5,0.687192118226601,0.506687838654905,0.5070332525373549,0.3.2,participant,,,,,,b86ad3d586a53a1c8327c50145dfc03932f2ea9b36901736375dcb1bc4a121a2
BNCI2014-001,1,riemann_lr,channel_dropout,all_channels,5,0.5,6,22,11,0.5,0.833743842364532,0.5086349447440173,0.5086824559349082,0.3.2,participant,,,,,,b86ad3d586a53a1c8327c50145dfc03932f2ea9b36901736375dcb1bc4a121a2
BNCI2014-001,1,riemann_lr,channel_dropout,all_channels,5,0.5,7,22,11,0.5,0.7167487684729064,0.5082363957454546,0.5083265951974939,0.3.2,participant,,,,,,b86ad3d586a53a1c8327c50145dfc03932f2ea9b36901736375dcb1bc4a121a2
BNCI2014-001,1,riemann_lr,channel_dropout,all_channels,5,0.5,8,22,11,0.5,0.8731527093596059,0.50862792897422,0.5086802183508567,0.3.2,participant,,,,,,b86ad3d586a53a1c8327c50145dfc03932f2ea9b36901736375dcb1bc4a121a2
BNCI2014-001,1,riemann_lr,channel_dropout,all_channels,5,0.5,9,22,11,0.5,0.8300492610837438,0.5085844055700357,0.5086391352539605,0.3.2,participant,,,,,,b86ad3d586a53a1c8327c50145dfc03932f2ea9b36901736375dcb1bc4a121a2
BNCI2014-001,1,riemann_lr,reduced_montage,motor_core,1,0.0,0,3,0,0.8448275862068966,0.8846611177170035,0.1632863179047642,0.18953448021362435,0.3.2,not_applicable,"C3,Cz,C4",,,,,b86ad3d586a53a1c8327c50145dfc03932f2ea9b36901736375dcb1bc4a121a2
BNCI2014-001,1,riemann_lr,reduced_montage,motor_core,2,0.0,0,3,0,0.7586206896551724,0.8882282996432819,0.1461049329447587,0.14814180242400646,0.3.2,not_applicable,"C3,Cz,C4",,,,,b86ad3d586a53a1c8327c50145dfc03932f2ea9b36901736375dcb1bc4a121a2
BNCI2014-001,1,riemann_lr,reduced_montage,motor_core,3,0.0,0,3,0,0.7931034482758621,0.845422116527943,0.16904763017514385,0.12711621949699517,0.3.2,not_applicable,"C3,Cz,C4",,,,,b86ad3d586a53a1c8327c50145dfc03932f2ea9b36901736375dcb1bc4a121a2
BNCI2014-001,1,riemann_lr,reduced_montage,motor_core,4,0.0,0,3,0,0.7210591133004927,0.8423645320197044,0.16870196899621662,0.2051274740264616,0.3.2,not_applicable,"C3,Cz,C4",,,,,b86ad3d586a53a1c8327c50145dfc03932f2ea9b36901736375dcb1bc4a121a2
BNCI2014-001,1,riemann_lr,reduced_montage,motor_core,5,0.0,0,3,0,0.8084975369458128,0.834975369458128,0.18227650779770319,0.17811315836621847,0.3.2,not_applicable,"C3,Cz,C4",,,,,b86ad3d586a53a1c8327c50145dfc03932f2ea9b36901736375dcb1bc4a121a2
BNCI2014-001,1,riemann_lr,reduced_montage,motor_extended,1,0.0,0,9,0,0.8103448275862069,0.9084423305588586,0.12395015066520573,0.09885755282716775,0.3.2,not_applicable,"FC3,FCz,FC4,C3,Cz,C4,CP3,CPz,CP4",,,,,b86ad3d586a53a1c8327c50145dfc03932f2ea9b36901736375dcb1bc4a121a2
BNCI2014-001,1,riemann_lr,reduced_montage,motor_extended,2,0.0,0,9,0,0.8793103448275862,0.9667063020214031,0.08719177808776092,0.10951267210956446,0.3.2,not_applicable,"FC3,FCz,FC4,C3,Cz,C4,CP3,CPz,CP4",,,,,b86ad3d586a53a1c8327c50145dfc03932f2ea9b36901736375dcb1bc4a121a2
BNCI2014-001,1,riemann_lr,reduced_montage,motor_extended,3,0.0,0,9,0,0.8620689655172413,0.920332936979786,0.11619793752386236,0.08866304688092336,0.3.2,not_applicable,"FC3,FCz,FC4,C3,Cz,C4,CP3,CPz,CP4",,,,,b86ad3d586a53a1c8327c50145dfc03932f2ea9b36901736375dcb1bc4a121a2
BNCI2014-001,1,riemann_lr,reduced_montage,motor_extended,4,0.0,0,9,0,0.8596059113300492,0.9544334975369457,0.09734735092475211,0.13249867327393067,0.3.2,not_applicable,"FC3,FCz,FC4,C3,Cz,C4,CP3,CPz,CP4",,,,,b86ad3d586a53a1c8327c50145dfc03932f2ea9b36901736375dcb1bc4a121a2
BNCI2014-001,1,riemann_lr,reduced_montage,motor_extended,5,0.0,0,9,0,0.9649014778325123,0.9938423645320197,0.06131780035903491,0.159763601381407,0.3.2,not_applicable,"FC3,FCz,FC4,C3,Cz,C4,CP3,CPz,CP4",,,,,b86ad3d586a53a1c8327c50145dfc03932f2ea9b36901736375dcb1bc4a121a2
BNCI2014-001,1,riemann_lr,region_dropout,all_channels,1,0.3181818181818182,0,22,7,0.5,0.807372175980975,0.4999995850618456,0.49999973374945095,0.3.2,not_applicable,,left_motor_strip,"FC3,FC1,C5,C3,C1,CP3,CP1",,,b86ad3d586a53a1c8327c50145dfc03932f2ea9b36901736375dcb1bc4a121a2
BNCI2014-001,1,riemann_lr,region_dropout,all_channels,1,0.13636363636363635,0,22,3,0.5344827586206896,0.9227110582639715,0.34921787148544603,0.3978140087919786,0.3.2,not_applicable,,midline_motor_strip,"FCz,Cz,CPz",,,b86ad3d586a53a1c8327c50145dfc03932f2ea9b36901736375dcb1bc4a121a2
BNCI2014-001,1,riemann_lr,region_dropout,all_channels,1,0.3181818181818182,0,22,7,0.5,0.7181926278240189,0.4983707470500191,0.4987339595594175,0.3.2,not_applicable,,right_motor_strip,"FC2,FC4,C2,C4,C6,CP2,CP4",,,b86ad3d586a53a1c8327c50145dfc03932f2ea9b36901736375dcb1bc4a121a2
BNCI2014-001,1,riemann_lr,region_dropout,all_channels,2,0.3181818181818182,0,22,7,0.5,0.8323424494649226,0.49999755986396294,0.49999839168982496,0.3.2,not_applicable,,left_motor_strip,"FC3,FC1,C5,C3,C1,CP3,CP1",,,b86ad3d586a53a1c8327c50145dfc03932f2ea9b36901736375dcb1bc4a121a2
BNCI2014-001,1,riemann_lr,region_dropout,all_channels,2,0.13636363636363635,0,22,3,0.5517241379310345,0.9797859690844233,0.3574393820285588,0.4072029214376508,0.3.2,not_applicable,,midline_motor_strip,"FCz,Cz,CPz",,,b86ad3d586a53a1c8327c50145dfc03932f2ea9b36901736375dcb1bc4a121a2
BNCI2014-001,1,riemann_lr,region_dropout,all_channels,2,0.3181818181818182,0,22,7,0.5,0.8180737217598097,0.4997668714579572,0.4998516390985888,0.3.2,not_applicable,,right_motor_strip,"FC2,FC4,C2,C4,C6,CP2,CP4",,,b86ad3d586a53a1c8327c50145dfc03932f2ea9b36901736375dcb1bc4a121a2
BNCI2014-001,1,riemann_lr,region_dropout,all_channels,3,0.3181818181818182,0,22,7,0.5,0.8192627824019025,0.49999995286361093,0.49999997149327624,0.3.2,not_applicable,,left_motor_strip,"FC3,FC1,C5,C3,C1,CP3,CP1",,,b86ad3d586a53a1c8327c50145dfc03932f2ea9b36901736375dcb1bc4a121a2
BNCI2014-001,1,riemann_lr,region_dropout,all_channels,3,0.13636363636363635,0,22,3,0.5862068965517242,0.9393579072532698,0.28288007306085483,0.3398022093344255,0.3.2,not_applicable,,midline_motor_strip,"FCz,Cz,CPz",,,b86ad3d586a53a1c8327c50145dfc03932f2ea9b36901736375dcb1bc4a121a2
BNCI2014-001,1,riemann_lr,region_dropout,all_channels,3,0.3181818181818182,0,22,7,0.5,0.8240190249702735,0.49890363956463746,0.49932545569510084,0.3.2,not_applicable,,right_motor_strip,"FC2,FC4,C2,C4,C6,CP2,CP4",,,b86ad3d586a53a1c8327c50145dfc03932f2ea9b36901736375dcb1bc4a121a2
BNCI2014-001,1,riemann_lr,region_dropout,all_channels,4,0.3181818181818182,0,22,7,0.5,0.7857142857142857,0.49122632531463156,0.4912268199498092,0.3.2,not_applicable,,left_motor_strip,"FC3,FC1,C5,C3,C1,CP3,CP1",,,b86ad3d586a53a1c8327c50145dfc03932f2ea9b36901736375dcb1bc4a121a2
BNCI2014-001,1,riemann_lr,region_dropout,all_channels,4,0.13636363636363635,0,22,3,0.8583743842364532,0.9408866995073891,0.11887323761394888,0.12702770848080303,0.3.2,not_applicable,,midline_motor_strip,"FCz,Cz,CPz",,,b86ad3d586a53a1c8327c50145dfc03932f2ea9b36901736375dcb1bc4a121a2
BNCI2014-001,1,riemann_lr,region_dropout,all_channels,4,0.3181818181818182,0,22,7,0.5,0.8817733990147784,0.5087303350938776,0.5087473242375784,0.3.2,not_applicable,,right_motor_strip,"FC2,FC4,C2,C4,C6,CP2,CP4",,,b86ad3d586a53a1c8327c50145dfc03932f2ea9b36901736375dcb1bc4a121a2
BNCI2014-001,1,riemann_lr,region_dropout,all_channels,5,0.3181818181818182,0,22,7,0.5,0.8017241379310345,0.5087700028620383,0.5087706979810567,0.3.2,not_applicable,,left_motor_strip,"FC3,FC1,C5,C3,C1,CP3,CP1",,,b86ad3d586a53a1c8327c50145dfc03932f2ea9b36901736375dcb1bc4a121a2
BNCI2014-001,1,riemann_lr,region_dropout,all_channels,5,0.13636363636363635,0,22,3,0.6724137931034483,0.9679802955665024,0.19450794474763256,0.25197894536875837,0.3.2,not_applicable,,midline_motor_strip,"FCz,Cz,CPz",,,b86ad3d586a53a1c8327c50145dfc03932f2ea9b36901736375dcb1bc4a121a2
BNCI2014-001,1,riemann_lr,region_dropout,all_channels,5,0.3181818181818182,0,22,7,0.5,0.9027093596059114,0.4880651221299194,0.48921056812994657,0.3.2,not_applicable,,right_motor_strip,"FC2,FC4,C2,C4,C6,CP2,CP4",,,b86ad3d586a53a1c8327c50145dfc03932f2ea9b36901736375dcb1bc4a121a2
BNCI2014-001,1,riemann_lr,cross_session,all_channels,0,0.0,0,22,0,0.8958333333333334,0.9591049382716049,0.08978457464101473,0.09310270988595384,0.3.2,not_applicable,,,,0train,1test,b86ad3d586a53a1c8327c50145dfc03932f2ea9b36901736375dcb1bc4a121a2
BNCI2014-001,2,riemann_lr,clean,all_channels,1,0.0,0,22,0,0.7068965517241379,0.7621878715814506,0.20147555234011932,0.07532073599250826,0.3.2,participant,,,,,,b86ad3d586a53a1c8327c50145dfc03932f2ea9b36901736375dcb1bc4a121a2
BNCI2014-001,2,riemann_lr,channel_dropout,all_channels,1,0.1,0,22,2,0.5,0.6920332936979785,0.4715858838734004,0.4779519601928476,0.3.2,participant,,,,,,b86ad3d586a53a1c8327c50145dfc03932f2ea9b36901736375dcb1bc4a121a2
BNCI2014-001,2,riemann_lr,channel_dropout,all_channels,1,0.1,1,22,2,0.7068965517241379,0.8501783590963139,0.18597078581304802,0.16439628087214056,0.3.2,participant,,,,,,b86ad3d586a53a1c8327c50145dfc03932f2ea9b36901736375dcb1bc4a121a2
BNCI2014-001,2,riemann_lr,channel_dropout,all_channels,1,0.1,2,22,2,0.5,0.6337693222354339,0.43659942900090093,0.4367859892850747,0.3.2,participant,,,,,,b86ad3d586a53a1c8327c50145dfc03932f2ea9b36901736375dcb1bc4a121a2
BNCI2014-001,2,riemann_lr,channel_dropout,all_channels,1,0.1,3,22,2,0.5862068965517242,0.6920332936979786,0.24284023288762283,0.169634901659515,0.3.2,participant,,,,,,b86ad3d586a53a1c8327c50145dfc03932f2ea9b36901736375dcb1bc4a121a2
BNCI2014-001,2,riemann_lr,channel_dropout,all_channels,1,0.1,4,22,2,0.5862068965517242,0.713436385255648,0.2220322784213103,0.09783367757108938,0.3.2,participant,,,,,,b86ad3d586a53a1c8327c50145dfc03932f2ea9b36901736375dcb1bc4a121a2
BNCI2014-001,2,riemann_lr,channel_dropout,all_channels,1,0.1,5,22,2,0.603448275862069,0.7086801426872771,0.21593451726957782,0.12426377758139773,0.3.2,participant,,,,,,b86ad3d586a53a1c8327c50145dfc03932f2ea9b36901736375dcb1bc4a121a2
BNCI2014-001,2,riemann_lr,channel_dropout,all_channels,1,0.1,6,22,2,0.5,0.652794292508918,0.3825969723516145,0.36964578588565444,0.3.2,participant,,,,,,b86ad3d586a53a1c8327c50145dfc03932f2ea9b36901736375dcb1bc4a121a2
BNCI2014-001,2,riemann_lr,channel_dropout,all_channels,1,0.1,7,22,2,0.5,0.8620689655172414,0.4972503565145948,0.49789826148261096,0.3.2,participant,,,,,,b86ad3d586a53a1c8327c50145dfc03932f2ea9b36901736375dcb1bc4a121a2
BNCI2014-001,2,riemann_lr,channel_dropout,all_channels,1,0.1,8,22,2,0.5517241379310345,0.7348394768133175,0.2920454126183378,0.28041689054058827,0.3.2,participant,,,,,,b86ad3d586a53a1c8327c50145dfc03932f2ea9b36901736375dcb1bc4a121a2
BNCI2014-001,2,riemann_lr,channel_dropout,all_channels,1,0.1,9,22,2,0.5,0.6504161712247325,0.43478835646451686,0.43325742003056567,0.3.2,participant,,,,,,b86ad3d586a53a1c8327c50145dfc03932f2ea9b36901736375dcb1bc4a121a2
BNCI2014-001,2,riemann_lr,channel_dropout,all_channels,1,0.2,0,22,4,0.5,0.6599286563614745,0.4973294462656441,0.49770833303604917,0.3.2,participant,,,,,,b86ad3d586a53a1c8327c50145dfc03932f2ea9b36901736375dcb1bc4a121a2
BNCI2014-001,2,riemann_lr,channel_dropout,all_channels,1,0.2,1,22,4,0.5,0.652794292508918,0.49102459377799534,0.49327571315251173,0.3.2,participant,,,,,,b86ad3d586a53a1c8327c50145dfc03932f2ea9b36901736375dcb1bc4a121a2
BNCI2014-001,2,riemann_lr,channel_dropout,all_channels,1,0.2,2,22,4,0.5,0.6884661117717004,0.46801322692025726,0.47227075234438287,0.3.2,participant,,,,,,b86ad3d586a53a1c8327c50145dfc03932f2ea9b36901736375dcb1bc4a121a2
BNCI2014-001,2,riemann_lr,channel_dropout,all_channels,1,0.2,3,22,4,0.5517241379310345,0.5945303210463734,0.298687453745244,0.27799642035170086,0.3.2,participant,,,,,,b86ad3d586a53a1c8327c50145dfc03932f2ea9b36901736375dcb1bc4a121a2
BNCI2014-001,2,riemann_lr,channel_dropout,all_channels,1,0.2,4,22,4,0.5517241379310345,0.6587395957193817,0.2555195107658564,0.15685230436903697,0.3.2,participant,,,,,,b86ad3d586a53a1c8327c50145dfc03932f2ea9b36901736375dcb1bc4a121a2
BNCI2014-001,2,riemann_lr,channel_dropout,all_channels,1,0.2,5,22,4,0.5689655172413793,0.6432818073721759,0.2688356431634397,0.23599035679904087,0.3.2,participant,,,,,,b86ad3d586a53a1c8327c50145dfc03932f2ea9b36901736375dcb1bc4a121a2
BNCI2014-001,2,riemann_lr,channel_dropout,all_channels,1,0.2,6,22,4,0.5689655172413793,0.7312722948870393,0.2500482817490352,0.19076195945087365,0.3.2,participant,,,,,,b86ad3d586a53a1c8327c50145dfc03932f2ea9b36901736375dcb1bc4a121a2
BNCI2014-001,2,riemann_lr,channel_dropout,all_channels,1,0.2,7,22,4,0.5172413793103449,0.5873959571938169,0.3609289615935653,0.3973141534980646,0.3.2,participant,,,,,,b86ad3d586a53a1c8327c50145dfc03932f2ea9b36901736375dcb1bc4a121a2
BNCI2014-001,2,riemann_lr,channel_dropout,all_channels,1,0.2,8,22,4,0.4827586206896552,0.6040428061831153,0.30861188001350176,0.28685114580445453,0.3.2,participant,,,,,,b86ad3d586a53a1c8327c50145dfc03932f2ea9b36901736375dcb1bc4a121a2
BNCI2014-001,2,riemann_lr,channel_dropout,all_channels,1,0.2,9,22,4,0.5689655172413793,0.5969084423305588,0.3489916631587972,0.34305490404096317,0.3.2,participant,,,,,,b86ad3d586a53a1c8327c50145dfc03932f2ea9b36901736375dcb1bc4a121a2
BNCI2014-001,2,riemann_lr,channel_dropout,all_channels,1,0.3,0,22,7,0.603448275862069,0.689655172413793,0.225607793018807,0.10158060743314026,0.3.2,participant,,,,,,b86ad3d586a53a1c8327c50145dfc03932f2ea9b36901736375dcb1bc4a121a2
BNCI2014-001,2,riemann_lr,channel_dropout,all_channels,1,0.3,1,22,7,0.5,0.5065398335315101,0.47639509601016444,0.4759272542326126,0.3.2,participant,,,,,,b86ad3d586a53a1c8327c50145dfc03932f2ea9b36901736375dcb1bc4a121a2
BNCI2014-001,2,riemann_lr,channel_dropout,all_channels,1,0.3,2,22,7,0.5,0.5219976218787158,0.49926062301287766,0.49928066951468447,0.3.2,participant,,,,,,b86ad3d586a53a1c8327c50145dfc03932f2ea9b36901736375dcb1bc4a121a2
BNCI2014-001,2,riemann_lr,channel_dropout,all_channels,1,0.3,3,22,7,0.5,0.5457788347205708,0.44671096014746453,0.4545332267418416,0.3.2,participant,,,,,,b86ad3d586a53a1c8327c50145dfc03932f2ea9b36901736375dcb1bc4a121a2
BNCI2014-001,2,riemann_lr,channel_dropout,all_channels,1,0.3,4,22,7,0.5,0.5315101070154579,0.48979018785616796,0.4897153687738214,0.3.2,participant,,,,,,b86ad3d586a53a1c8327c50145dfc03932f2ea9b36901736375dcb1bc4a121a2
BNCI2014-001,2,riemann_lr,channel_dropout,all_channels,1,0.3,5,22,7,0.5,0.6135552913198573,0.49983356635819637,0.49985361964285574,0.3.2,participant,,,,,,b86ad3d586a53a1c8327c50145dfc03932f2ea9b36901736375dcb1bc4a121a2
BNCI2014-001,2,riemann_lr,channel_dropout,all_channels,1,0.3,6,22,7,0.5344827586206896,0.5862068965517242,0.28891553845037,0.22156474353675384,0.3.2,participant,,,,,,b86ad3d586a53a1c8327c50145dfc03932f2ea9b36901736375dcb1bc4a121a2
BNCI2014-001,2,riemann_lr,channel_dropout,all_channels,1,0.3,7,22,7,0.5,0.5386444708680143,0.4797299048246377,0.4805103405738147,0.3.2,participant,,,,,,b86ad3d586a53a1c8327c50145dfc03932f2ea9b36901736375dcb1bc4a121a2
BNCI2014-001,2,riemann_lr,channel_dropout,all_channels,1,0.3,8,22,7,0.5,0.56718192627824,0.4997810887766761,0.4997957906378978,0.3.2,participant,,,,,,b86ad3d586a53a1c8327c50145dfc03932f2ea9b36901736375dcb1bc4a121a2
BNCI2014-001,2,riemann_lr,channel_dropout,all_channels,1,0.3,9,22,7,0.5172413793103449,0.6135552913198573,0.28509731770008045,0.2526111617514495,0.3.2,participant,,,,,,b86ad3d586a53a1c8327c50145dfc03932f2ea9b36901736375dcb1bc4a121a2
BNCI2014-001,2,riemann_lr,channel_dropout,all_channels,1,0.5,0,22,11,0.5,0.6111771700356718,0.4987028926099873,0.49880510848701465,0.3.2,participant,,,,,,b86ad3d586a53a1c8327c50145dfc03932f2ea9b36901736375dcb1bc4a121a2
BNCI2014-001,2,riemann_lr,channel_dropout,all_channels,1,0.5,1,22,11,0.5,0.5386444708680143,0.3902794364655123,0.3819643221611534,0.3.2,participant,,,,,,b86ad3d586a53a1c8327c50145dfc03932f2ea9b36901736375dcb1bc4a121a2
BNCI2014-001,2,riemann_lr,channel_dropout,all_channels,1,0.5,2,22,11,0.5,0.5172413793103448,0.3339716502229436,0.29729556935877277,0.3.2,participant,,,,,,b86ad3d586a53a1c8327c50145dfc03932f2ea9b36901736375dcb1bc4a121a2
BNCI2014-001,2,riemann_lr,channel_dropout,all_channels,1,0.5,3,22,11,0.5,0.5231866825208085,0.24894733466674132,0.08934302247234813,0.3.2,participant,,,,,,b86ad3d586a53a1c8327c50145dfc03932f2ea9b36901736375dcb1bc4a121a2
BNCI2014-001,2,riemann_lr,channel_dropout,all_channels,1,0.5,4,22,11,0.5,0.46135552913198574,0.49338996829853105,0.49310989861676613,0.3.2,participant,,,,,,b86ad3d586a53a1c8327c50145dfc03932f2ea9b36901736375dcb1bc4a121a2
BNCI2014-001,2,riemann_lr,channel_dropout,all_channels,1,0.5,5,22,11,0.5,0.47800237812128415,0.49733639952861847,0.4972536224689384,0.3.2,participant,,,,,,b86ad3d586a53a1c8327c50145dfc03932f2ea9b36901736375dcb1bc4a121a2
BNCI2014-001,2,riemann_lr,channel_dropout,all_channels,1,0.5,6,22,11,0.5,0.5231866825208085,0.49896208452448065,0.498879253355239,0.3.2,participant,,,,,,b86ad3d586a53a1c8327c50145dfc03932f2ea9b36901736375dcb1bc4a121a2
BNCI2014-001,2,riemann_lr,channel_dropout,all_channels,1,0.5,7,22,11,0.5,0.5291319857312724,0.4972392967651377,0.4971106393916445,0.3.2,participant,,,,,,b86ad3d586a53a1c8327c50145dfc03932f2ea9b36901736375dcb1bc4a121a2
BNCI2014-001,2,riemann_lr,channel_dropout,all_channels,1,0.5,8,22,11,0.5862068965517242,0.7776456599286564,0.23791445352052118,0.16658730618482748,0.3.2,participant,,,,,,b86ad3d586a53a1c8327c50145dfc03932f2ea9b36901736375dcb1bc4a121a2
BNCI2014-001,2,riemann_lr,channel_dropout,all_channels,1,0.5,9,22,11,0.5,0.47681331747919153,0.32921929270496875,0.2723730604770651,0.3.2,participant,,,,,,b86ad3d586a53a1c8327c50145dfc03932f2ea9b36901736375dcb1bc4a121a2
BNCI2014-001,2,riemann_lr,clean,all_channels,2,0.0,0,22,0,0.7241379310344828,0.6753864447086801,0.2264438631613448,0.20070298796387032,0.3.2,participant,,,,,,b86ad3d586a53a1c8327c50145dfc03932f2ea9b36901736375dcb1bc4a121a2
BNCI2014-001,2,riemann_lr,channel_dropout,all_channels,2,0.1,0,22,2,0.5,0.5600475624256838,0.3927155737883754,0.376282304906605,0.3.2,participant,,,,,,b86ad3d586a53a1c8327c50145dfc03932f2ea9b36901736375dcb1bc4a121a2
BNCI2014-001,2,riemann_lr,channel_dropout,all_channels,2,0.1,1,22,2,0.6206896551724138,0.6504161712247325,0.2537985537541902,0.16923142947591113,0.3.2,participant,,,,,,b86ad3d586a53a1c8327c50145dfc03932f2ea9b36901736375dcb1bc4a121a2
BNCI2014-001,2,riemann_lr,channel_dropout,all_channels,2,0.1,2,22,2,0.5,0.6658739595719381,0.4830501022302921,0.4847841179196687,0.3.2,participant,,,,,,b86ad3d586a53a1c8327c50145dfc03932f2ea9b36901736375dcb1bc4a121a2
BNCI2014-001,2,riemann_lr,channel_dropout,all_channels,2,0.1,3,22,2,0.5172413793103449,0.5743162901307965,0.3224137901434592,0.27212783462134027,0.3.2,participant,,,,,,b86ad3d586a53a1c8327c50145dfc03932f2ea9b36901736375dcb1bc4a121a2
BNCI2014-001,2,riemann_lr,channel_dropout,all_channels,2,0.1,4,22,2,0.5862068965517242,0.6373365041617123,0.24733233526538465,0.2043238354318937,0.3.2,participant,,,,,,b86ad3d586a53a1c8327c50145dfc03932f2ea9b36901736375dcb1bc4a121a2
BNCI2014-001,2,riemann_lr,channel_dropout,all_channels,2,0.1,5,22,2,0.5862068965517242,0.5683709869203329,0.25867560015213037,0.11291547760046641,0.3.2,participant,,,,,,b86ad3d586a53a1c8327c50145dfc03932f2ea9b36901736375dcb1bc4a121a2
BNCI2014-001,2,riemann_lr,channel_dropout,all_channels,2,0.1,6,22,2,0.5,0.6492271105826396,0.48138140729269596,0.4822710630496444,0.3.2,participant,,,,,,b86ad3d586a53a1c8327c50145dfc03932f2ea9b36901736375dcb1bc4a121a2
BNCI2014-001,2,riemann_lr,channel_dropout,all_channels,2,0.1,7,22,2,0.5,0.6551724137931033,0.3486649023171843,0.33980602105847174,0.3.2,participant,,,,,,b86ad3d586a53a1c8327c50145dfc03932f2ea9b36901736375dcb1bc4a121a2
BNCI2014-001,2,riemann_lr,channel_dropout,all_channels,2,0.1,8,22,2,0.5,0.6777645659928656,0.4800090048672232,0.48483757341976763,0.3.2,participant,,,,,,b86ad3d586a53a1c8327c50145dfc03932f2ea9b36901736375dcb1bc4a121a2
BNCI2014-001,2,riemann_lr,channel_dropout,all_channels,2,0.1,9,22,2,0.6206896551724138,0.6076099881093936,0.24356130491369052,0.09318866977243544,0.3.2,participant,,,,,,b86ad3d586a53a1c8327c50145dfc03932f2ea9b36901736375dcb1bc4a121a2
BNCI2014-001,2,riemann_lr,channel_dropout,all_channels,2,0.2,0,22,4,0.5,0.5315101070154578,0.4703853449727539,0.4739958389828386,0.3.2,participant,,,,,,b86ad3d586a53a1c8327c50145dfc03932f2ea9b36901736375dcb1bc4a121a2
BNCI2014-001,2,riemann_lr,channel_dropout,all_channels,2,0.2,1,22,4,0.5,0.643281807372176,0.44964981361919937,0.45048456780687657,0.3.2,participant,,,,,,b86ad3d586a53a1c8327c50145dfc03932f2ea9b36901736375dcb1bc4a121a2
BNCI2014-001,2,riemann_lr,channel_dropout,all_channels,2,0.2,2,22,4,0.5517241379310345,0.6468489892984542,0.2372892569119578,0.11413801864133868,0.3.2,participant,,,,,,b86ad3d586a53a1c8327c50145dfc03932f2ea9b36901736375dcb1bc4a121a2
BNCI2014-001,2,riemann_lr,channel_dropout,all_channels,2,0.2,3,22,4,0.5,0.48513674197384066,0.49685104836088617,0.49675921985112864,0.3.2,participant,,,,,,b86ad3d586a53a1c8327c50145dfc03932f2ea9b36901736375dcb1bc4a121a2
BNCI2014-001,2,riemann_lr,channel_dropout,all_channels,2,0.2,4,22,4,0.6896551724137931,0.6956004756242568,0.22827611368221007,0.14835215139023158,0.3.2,participant,,,,,,b86ad3d586a53a1c8327c50145dfc03932f2ea9b36901736375dcb1bc4a121a2
BNCI2014-001,2,riemann_lr,channel_dropout,all_channels,2,0.2,5,22,4,0.603448275862069,0.624256837098692,0.24226350190813933,0.08774754195154508,0.3.2,participant,,,,,,b86ad3d586a53a1c8327c50145dfc03932f2ea9b36901736375dcb1bc4a121a2
BNCI2014-001,2,riemann_lr,channel_dropout,all_channels,2,0.2,6,22,4,0.5517241379310345,0.6040428061831153,0.2489501864431239,0.10437144195150137,0.3.2,participant,,,,,,b86ad3d586a53a1c8327c50145dfc03932f2ea9b36901736375dcb1bc4a121a2
BNCI2014-001,2,riemann_lr,channel_dropout,all_channels,2,0.2,7,22,4,0.5517241379310345,0.7122473246135553,0.2851938141535606,0.2682362096373365,0.3.2,participant,,,,,,b86ad3d586a53a1c8327c50145dfc03932f2ea9b36901736375dcb1bc4a121a2
BNCI2014-001,2,riemann_lr,channel_dropout,all_channels,2,0.2,8,22,4,0.5,0.6409036860879905,0.4361218538939926,0.4435279094603241,0.3.2,participant,,,,,,b86ad3d586a53a1c8327c50145dfc03932f2ea9b36901736375dcb1bc4a121a2
BNCI2014-001,2,riemann_lr,channel_dropout,all_channels,2,0.2,9,22,4,0.5,0.6099881093935791,0.37801807615912686,0.3663357771611066,0.3.2,participant,,,,,,b86ad3d586a53a1c8327c50145dfc03932f2ea9b36901736375dcb1bc4a121a2
BNCI2014-001,2,riemann_lr,channel_dropout,all_channels,2,0.3,0,22,7,0.5,0.42449464922711055,0.4777938901914216,0.47604168437386735,0.3.2,participant,,,,,,b86ad3d586a53a1c8327c50145dfc03932f2ea9b36901736375dcb1bc4a121a2
BNCI2014-001,2,riemann_lr,channel_dropout,all_channels,2,0.3,1,22,7,0.5,0.5445897740784781,0.46695433296072864,0.46720760517277643,0.3.2,participant,,,,,,b86ad3d586a53a1c8327c50145dfc03932f2ea9b36901736375dcb1bc4a121a2
BNCI2014-001,2,riemann_lr,channel_dropout,all_channels,2,0.3,2,22,7,0.5,0.5089179548156956,0.48186329030336816,0.4811462028574815,0.3.2,participant,,,,,,b86ad3d586a53a1c8327c50145dfc03932f2ea9b36901736375dcb1bc4a121a2
BNCI2014-001,2,riemann_lr,channel_dropout,all_channels,2,0.3,3,22,7,0.5,0.4482758620689655,0.49991219189581315,0.49990379389973916,0.3.2,participant,,,,,,b86ad3d586a53a1c8327c50145dfc03932f2ea9b36901736375dcb1bc4a121a2
BNCI2014-001,2,riemann_lr,channel_dropout,all_channels,2,0.3,4,22,7,0.5,0.573127229488704,0.494565167906368,0.49435930040316683,0.3.2,participant,,,,,,b86ad3d586a53a1c8327c50145dfc03932f2ea9b36901736375dcb1bc4a121a2
BNCI2014-001,2,riemann_lr,channel_dropout,all_channels,2,0.3,5,22,7,0.5,0.5790725326991676,0.3890725475199162,0.38873095713222794,0.3.2,participant,,,,,,b86ad3d586a53a1c8327c50145dfc03932f2ea9b36901736375dcb1bc4a121a2
BNCI2014-001,2,riemann_lr,channel_dropout,all_channels,2,0.3,6,22,7,0.5,0.5291319857312723,0.4737193774435534,0.47335294155748914,0.3.2,participant,,,,,,b86ad3d586a53a1c8327c50145dfc03932f2ea9b36901736375dcb1bc4a121a2
BNCI2014-001,2,riemann_lr,channel_dropout,all_channels,2,0.3,7,22,7,0.5344827586206896,0.6361474435196195,0.3064090391208888,0.2756648216189731,0.3.2,participant,,,,,,b86ad3d586a53a1c8327c50145dfc03932f2ea9b36901736375dcb1bc4a121a2
BNCI2014-001,2,riemann_lr,channel_dropout,all_channels,2,0.3,8,22,7,0.5,0.4839476813317479,0.4635921555736586,0.4609600481551765,0.3.2,participant,,,,,,b86ad3d586a53a1c8327c50145dfc03932f2ea9b36901736375dcb1bc4a121a2
BNCI2014-001,2,riemann_lr,channel_dropout,all_channels,2,0.3,9,22,7,0.5172413793103449,0.5315101070154578,0.29150952461766677,0.21570848895911843,0.3.2,participant,,,,,,b86ad3d586a53a1c8327c50145dfc03932f2ea9b36901736375dcb1bc4a121a2
BNCI2014-001,2,riemann_lr,channel_dropout,all_channels,2,0.5,0,22,11,0.5,0.4221165279429251,0.4132317603165407,0.3950582518428289,0.3.2,participant,,,,,,b86ad3d586a53a1c8327c50145dfc03932f2ea9b36901736375dcb1bc4a121a2
BNCI2014-001,2,riemann_lr,channel_dropout,all_channels,2,0.5,1,22,11,0.5,0.6325802615933412,0.47915551284214575,0.47988340148889913,0.3.2,participant,,,,,,b86ad3d586a53a1c8327c50145dfc03932f2ea9b36901736375dcb1bc4a121a2
BNCI2014-001,2,riemann_lr,channel_dropout,all_channels,2,0.5,2,22,11,0.5,0.44233055885850175,0.4292816288119052,0.4189137983776598,0.3.2,participant,,,,,,b86ad3d586a53a1c8327c50145dfc03932f2ea9b36901736375dcb1bc4a121a2
BNCI2014-001,2,riemann_lr,channel_dropout,all_channels,2,0.5,3,22,11,0.5,0.3983353151010702,0.49554863561178775,0.4951758203532016,0.3.2,participant,,,,,,b86ad3d586a53a1c8327c50145dfc03932f2ea9b36901736375dcb1bc4a121a2
BNCI2014-001,2,riemann_lr,channel_dropout,all_channels,2,0.5,4,22,11,0.5,0.5731272294887039,0.4810980982013317,0.4836041047601577,0.3.2,participant,,,,,,b86ad3d586a53a1c8327c50145dfc03932f2ea9b36901736375dcb1bc4a121a2
BNCI2014-001,2,riemann_lr,channel_dropout,all_channels,2,0.5,5,22,11,0.5,0.5136741973840666,0.4980890417855883,0.4981132674321489,0.3.2,participant,,,,,,b86ad3d586a53a1c8327c50145dfc03932f2ea9b36901736375dcb1bc4a121a2
BNCI2014-001,2,riemann_lr,channel_dropout,all_channels,2,0.5,6,22,11,0.5,0.4244946492271106,0.49914431965733924,0.4990455026033318,0.3.2,participant,,,,,,b86ad3d586a53a1c8327c50145dfc03932f2ea9b36901736375dcb1bc4a121a2
BNCI2014-001,2,riemann_lr,channel_dropout,all_channels,2,0.5,7,22,11,0.4827586206896552,0.366230677764566,0.30961881297966515,0.22007634156525974,0.3.2,participant,,,,,,b86ad3d586a53a1c8327c50145dfc03932f2ea9b36901736375dcb1bc4a121a2
BNCI2014-001,2,riemann_lr,channel_dropout,all_channels,2,0.5,8,22,11,0.5,0.3697978596908442,0.3254295902706892,0.2963634799468603,0.3.2,participant,,,,,,b86ad3d586a53a1c8327c50145dfc03932f2ea9b36901736375dcb1bc4a121a2
BNCI2014-001,2,riemann_lr,channel_dropout,all_channels,2,0.5,9,22,11,0.5,0.511296076099881,0.3148318336670299,0.2380556319241172,0.3.2,participant,,,,,,b86ad3d586a53a1c8327c50145dfc03932f2ea9b36901736375dcb1bc4a121a2
BNCI2014-001,2,riemann_lr,clean,all_channels,3,0.0,0,22,0,0.5689655172413792,0.558858501783591,0.26944255099700976,0.17456032436330607,0.3.2,participant,,,,,,b86ad3d586a53a1c8327c50145dfc03932f2ea9b36901736375dcb1bc4a121a2
BNCI2014-001,2,riemann_lr,channel_dropout,all_channels,3,0.1,0,22,2,0.5862068965517241,0.5564803804994054,0.2697989534099896,0.1612660218647508,0.3.2,participant,,,,,,b86ad3d586a53a1c8327c50145dfc03932f2ea9b36901736375dcb1bc4a121a2
BNCI2014-001,2,riemann_lr,channel_dropout,all_channels,3,0.1,1,22,2,0.48275862068965514,0.5172413793103449,0.33969835132566945,0.29453059880787463,0.3.2,participant,,,,,,b86ad3d586a53a1c8327c50145dfc03932f2ea9b36901736375dcb1bc4a121a2
BNCI2014-001,2,riemann_lr,channel_dropout,all_channels,3,0.1,2,22,2,0.5,0.46135552913198574,0.46738452096854194,0.45967603669658236,0.3.2,participant,,,,,,b86ad3d586a53a1c8327c50145dfc03932f2ea9b36901736375dcb1bc4a121a2
BNCI2014-001,2,riemann_lr,channel_dropout,all_channels,3,0.1,3,22,2,0.5,0.5196195005945303,0.46488370700763204,0.4622362952975012,0.3.2,participant,,,,,,b86ad3d586a53a1c8327c50145dfc03932f2ea9b36901736375dcb1bc4a121a2
BNCI2014-001,2,riemann_lr,channel_dropout,all_channels,3,0.1,4,22,2,0.5,0.5743162901307967,0.38231849615630586,0.3843142954052775,0.3.2,participant,,,,,,b86ad3d586a53a1c8327c50145dfc03932f2ea9b36901736375dcb1bc4a121a2
BNCI2014-001,2,riemann_lr,channel_dropout,all_channels,3,0.1,5,22,2,0.5689655172413793,0.5969084423305587,0.27275254732115056,0.18300157910763118,0.3.2,participant,,,,,,b86ad3d586a53a1c8327c50145dfc03932f2ea9b36901736375dcb1bc4a121a2
BNCI2014-001,2,riemann_lr,channel_dropout,all_channels,3,0.1,6,22,2,0.5,0.5231866825208086,0.31534426372027347,0.2443054001657824,0.3.2,participant,,,,,,b86ad3d586a53a1c8327c50145dfc03932f2ea9b36901736375dcb1bc4a121a2
BNCI2014-001,2,riemann_lr,channel_dropout,all_channels,3,0.1,7,22,2,0.5,0.5374554102259215,0.44200761265657296,0.4355003264456855,0.3.2,participant,,,,,,b86ad3d586a53a1c8327c50145dfc03932f2ea9b36901736375dcb1bc4a121a2
BNCI2014-001,2,riemann_lr,channel_dropout,all_channels,3,0.1,8,22,2,0.46551724137931033,0.5017835909631391,0.35622747734642596,0.3396625733706602,0.3.2,participant,,,,,,b86ad3d586a53a1c8327c50145dfc03932f2ea9b36901736375dcb1bc4a121a2
BNCI2014-001,2,riemann_lr,channel_dropout,all_channels,3,0.1,9,22,2,0.5,0.5434007134363852,0.48570333193246806,0.48613421753959185,0.3.2,participant,,,,,,b86ad3d586a53a1c8327c50145dfc03932f2ea9b36901736375dcb1bc4a121a2
BNCI2014-001,2,riemann_lr,channel_dropout,all_channels,3,0.2,0,22,4,0.5,0.5945303210463734,0.36693362798235585,0.37754544764579845,0.3.2,participant,,,,,,b86ad3d586a53a1c8327c50145dfc03932f2ea9b36901736375dcb1bc4a121a2
BNCI2014-001,2,riemann_lr,channel_dropout,all_channels,3,0.2,1,22,4,0.5,0.43876337693222356,0.4967745099997509,0.49605154014470765,0.3.2,participant,,,,,,b86ad3d586a53a1c8327c50145dfc03932f2ea9b36901736375dcb1bc4a121a2
BNCI2014-001,2,riemann_lr,channel_dropout,all_channels,3,0.2,2,22,4,0.5,0.5897740784780023,0.3814229668192428,0.3742507503735163,0.3.2,participant,,,,,,b86ad3d586a53a1c8327c50145dfc03932f2ea9b36901736375dcb1bc4a121a2
BNCI2014-001,2,riemann_lr,channel_dropout,all_channels,3,0.2,3,22,4,0.5,0.48632580261593344,0.491967836149824,0.49126735741719585,0.3.2,participant,,,,,,b86ad3d586a53a1c8327c50145dfc03932f2ea9b36901736375dcb1bc4a121a2
BNCI2014-001,2,riemann_lr,channel_dropout,all_channels,3,0.2,4,22,4,0.5,0.44351961950059454,0.44140386798505726,0.42835290380509883,0.3.2,participant,,,,,,b86ad3d586a53a1c8327c50145dfc03932f2ea9b36901736375dcb1bc4a121a2
BNCI2014-001,2,riemann_lr,channel_dropout,all_channels,3,0.2,5,22,4,0.5,0.4565992865636148,0.4681841286038135,0.46386534863424767,0.3.2,participant,,,,,,b86ad3d586a53a1c8327c50145dfc03932f2ea9b36901736375dcb1bc4a121a2
BNCI2014-001,2,riemann_lr,channel_dropout,all_channels,3,0.2,6,22,4,0.5,0.6016646848989299,0.48004600297870204,0.48196636230515133,0.3.2,participant,,,,,,b86ad3d586a53a1c8327c50145dfc03932f2ea9b36901736375dcb1bc4a121a2
BNCI2014-001,2,riemann_lr,channel_dropout,all_channels,3,0.2,7,22,4,0.5,0.5148632580261593,0.45110723360828375,0.4535524636923078,0.3.2,participant,,,,,,b86ad3d586a53a1c8327c50145dfc03932f2ea9b36901736375dcb1bc4a121a2
BNCI2014-001,2,riemann_lr,channel_dropout,all_channels,3,0.2,8,22,4,0.4827586206896552,0.5291319857312723,0.3936351690924674,0.3849497443439781,0.3.2,participant,,,,,,b86ad3d586a53a1c8327c50145dfc03932f2ea9b36901736375dcb1bc4a121a2
BNCI2014-001,2,riemann_lr,channel_dropout,all_channels,3,0.2,9,22,4,0.5,0.5160523186682521,0.489392073806419,0.4891792691838168,0.3.2,participant,,,,,,b86ad3d586a53a1c8327c50145dfc03932f2ea9b36901736375dcb1bc4a121a2
BNCI2014-001,2,riemann_lr,channel_dropout,all_channels,3,0.3,0,22,7,0.48275862068965514,0.45778834720570755,0.3657087757196046,0.3250948555273735,0.3.2,participant,,,,,,b86ad3d586a53a1c8327c50145dfc03932f2ea9b36901736375dcb1bc4a121a2
BNCI2014-001,2,riemann_lr,channel_dropout,all_channels,3,0.3,1,22,7,0.5,0.6325802615933414,0.4968702058289117,0.49722794589254066,0.3.2,participant,,,,,,b86ad3d586a53a1c8327c50145dfc03932f2ea9b36901736375dcb1bc4a121a2
BNCI2014-001,2,riemann_lr,channel_dropout,all_channels,3,0.3,2,22,7,0.5172413793103449,0.4768133174791914,0.3236799706495498,0.25220647603522667,0.3.2,participant,,,,,,b86ad3d586a53a1c8327c50145dfc03932f2ea9b36901736375dcb1bc4a121a2
BNCI2014-001,2,riemann_lr,channel_dropout,all_channels,3,0.3,3,22,7,0.5,0.4946492271105826,0.49693946271587114,0.4968046631318545,0.3.2,participant,,,,,,b86ad3d586a53a1c8327c50145dfc03932f2ea9b36901736375dcb1bc4a121a2
BNCI2014-001,2,riemann_lr,channel_dropout,all_channels,3,0.3,4,22,7,0.5,0.6135552913198574,0.4969819166024115,0.49723577526427887,0.3.2,participant,,,,,,b86ad3d586a53a1c8327c50145dfc03932f2ea9b36901736375dcb1bc4a121a2
BNCI2014-001,2,riemann_lr,channel_dropout,all_channels,3,0.3,5,22,7,0.5,0.5481569560047563,0.49976390833561624,0.4997664602284746,0.3.2,participant,,,,,,b86ad3d586a53a1c8327c50145dfc03932f2ea9b36901736375dcb1bc4a121a2
BNCI2014-001,2,riemann_lr,channel_dropout,all_channels,3,0.3,6,22,7,0.5,0.5576694411414982,0.49338116733296944,0.49336091231045953,0.3.2,participant,,,,,,b86ad3d586a53a1c8327c50145dfc03932f2ea9b36901736375dcb1bc4a121a2
BNCI2014-001,2,riemann_lr,channel_dropout,all_channels,3,0.3,7,22,7,0.5,0.42211652794292503,0.46918705107294756,0.46400764944751455,0.3.2,participant,,,,,,b86ad3d586a53a1c8327c50145dfc03932f2ea9b36901736375dcb1bc4a121a2
BNCI2014-001,2,riemann_lr,channel_dropout,all_channels,3,0.3,8,22,7,0.5,0.375743162901308,0.39800224138722223,0.37676823769280204,0.3.2,participant,,,,,,b86ad3d586a53a1c8327c50145dfc03932f2ea9b36901736375dcb1bc4a121a2
BNCI2014-001,2,riemann_lr,channel_dropout,all_channels,3,0.3,9,22,7,0.5,0.44470868014268733,0.4944641388665036,0.4938689540643403,0.3.2,participant,,,,,,b86ad3d586a53a1c8327c50145dfc03932f2ea9b36901736375dcb1bc4a121a2
BNCI2014-001,2,riemann_lr,channel_dropout,all_channels,3,0.5,0,22,11,0.5,0.4661117717003567,0.4840493819951154,0.48313125079170094,0.3.2,participant,,,,,,b86ad3d586a53a1c8327c50145dfc03932f2ea9b36901736375dcb1bc4a121a2
BNCI2014-001,2,riemann_lr,channel_dropout,all_channels,3,0.5,1,22,11,0.5,0.5219976218787159,0.4974632573517338,0.4974098105315727,0.3.2,participant,,,,,,b86ad3d586a53a1c8327c50145dfc03932f2ea9b36901736375dcb1bc4a121a2
BNCI2014-001,2,riemann_lr,channel_dropout,all_channels,3,0.5,2,22,11,0.5,0.4161712247324614,0.4298452226712502,0.4155747219269903,0.3.2,participant,,,,,,b86ad3d586a53a1c8327c50145dfc03932f2ea9b36901736375dcb1bc4a121a2
BNCI2014-001,2,riemann_lr,channel_dropout,all_channels,3,0.5,3,22,11,0.5,0.5279429250891796,0.4778594438049999,0.47734925865436784,0.3.2,participant,,,,,,b86ad3d586a53a1c8327c50145dfc03932f2ea9b36901736375dcb1bc4a121a2
BNCI2014-001,2,riemann_lr,channel_dropout,all_channels,3,0.5,4,22,11,0.5,0.563614744351962,0.4922405434162867,0.49232301688731833,0.3.2,participant,,,,,,b86ad3d586a53a1c8327c50145dfc03932f2ea9b36901736375dcb1bc4a121a2
BNCI2014-001,2,riemann_lr,channel_dropout,all_channels,3,0.5,5,22,11,0.4827586206896552,0.5695600475624256,0.3240780885335028,0.28784048366350573,0.3.2,participant,,,,,,b86ad3d586a53a1c8327c50145dfc03932f2ea9b36901736375dcb1bc4a121a2
BNCI2014-001,2,riemann_lr,channel_dropout,all_channels,3,0.5,6,22,11,0.5,0.4351961950059453,0.46565144710952017,0.46494454323594303,0.3.2,participant,,,,,,b86ad3d586a53a1c8327c50145dfc03932f2ea9b36901736375dcb1bc4a121a2
BNCI2014-001,2,riemann_lr,channel_dropout,all_channels,3,0.5,7,22,11,0.5,0.5148632580261594,0.49901396646266194,0.4989547293517416,0.3.2,participant,,,,,,b86ad3d586a53a1c8327c50145dfc03932f2ea9b36901736375dcb1bc4a121a2
BNCI2014-001,2,riemann_lr,channel_dropout,all_channels,3,0.5,8,22,11,0.5,0.38168846611177176,0.48220954292757273,0.47955308670515584,0.3.2,participant,,,,,,b86ad3d586a53a1c8327c50145dfc03932f2ea9b36901736375dcb1bc4a121a2
BNCI2014-001,2,riemann_lr,channel_dropout,all_channels,3,0.5,9,22,11,0.5,0.4637336504161712,0.4790471695755759,0.47743147062077296,0.3.2,participant,,,,,,b86ad3d586a53a1c8327c50145dfc03932f2ea9b36901736375dcb1bc4a121a2
BNCI2014-001,2,riemann_lr,clean,all_channels,4,0.0,0,22,0,0.6847290640394088,0.7450738916256158,0.2122516939102912,0.11704128504560465,0.3.2,participant,,,,,,b86ad3d586a53a1c8327c50145dfc03932f2ea9b36901736375dcb1bc4a121a2
BNCI2014-001,2,riemann_lr,channel_dropout,all_channels,4,0.1,0,22,2,0.5,0.7056650246305418,0.5031370939097424,0.5051489128262483,0.3.2,participant,,,,,,b86ad3d586a53a1c8327c50145dfc03932f2ea9b36901736375dcb1bc4a121a2
BNCI2014-001,2,riemann_lr,channel_dropout,all_channels,4,0.1,1,22,2,0.6293103448275862,0.6970443349753694,0.22507341937808972,0.11079109928811222,0.3.2,participant,,,,,,b86ad3d586a53a1c8327c50145dfc03932f2ea9b36901736375dcb1bc4a121a2
BNCI2014-001,2,riemann_lr,channel_dropout,all_channels,4,0.1,2,22,2,0.5,0.6034482758620692,0.3131668747126927,0.2711041042668755,0.3.2,participant,,,,,,b86ad3d586a53a1c8327c50145dfc03932f2ea9b36901736375dcb1bc4a121a2
BNCI2014-001,2,riemann_lr,channel_dropout,all_channels,4,0.1,3,22,2,0.5517241379310345,0.6416256157635467,0.3232484756817217,0.2994780598451434,0.3.2,participant,,,,,,b86ad3d586a53a1c8327c50145dfc03932f2ea9b36901736375dcb1bc4a121a2
BNCI2014-001,2,riemann_lr,channel_dropout,all_channels,4,0.1,4,22,2,0.5,0.5763546798029556,0.4314105445462417,0.43191717490065173,0.3.2,participant,,,,,,b86ad3d586a53a1c8327c50145dfc03932f2ea9b36901736375dcb1bc4a121a2
BNCI2014-001,2,riemann_lr,channel_dropout,all_channels,4,0.1,5,22,2,0.5,0.708128078817734,0.48712305140260065,0.4927025374624476,0.3.2,participant,,,,,,b86ad3d586a53a1c8327c50145dfc03932f2ea9b36901736375dcb1bc4a121a2
BNCI2014-001,2,riemann_lr,channel_dropout,all_channels,4,0.1,6,22,2,0.5517241379310345,0.6810344827586207,0.32843845853986564,0.33279888405530916,0.3.2,participant,,,,,,b86ad3d586a53a1c8327c50145dfc03932f2ea9b36901736375dcb1bc4a121a2
BNCI2014-001,2,riemann_lr,channel_dropout,all_channels,4,0.1,7,22,2,0.5166256157635468,0.6847290640394088,0.2771607767305036,0.22688284369204342,0.3.2,participant,,,,,,b86ad3d586a53a1c8327c50145dfc03932f2ea9b36901736375dcb1bc4a121a2
BNCI2014-001,2,riemann_lr,channel_dropout,all_channels,4,0.1,8,22,2,0.5,0.7093596059113301,0.41563808030417687,0.429693651738408,0.3.2,participant,,,,,,b86ad3d586a53a1c8327c50145dfc03932f2ea9b36901736375dcb1bc4a121a2
BNCI2014-001,2,riemann_lr,channel_dropout,all_channels,4,0.1,9,22,2,0.5,0.6736453201970444,0.4828989353214112,0.48838745043140946,0.3.2,participant,,,,,,b86ad3d586a53a1c8327c50145dfc03932f2ea9b36901736375dcb1bc4a121a2
BNCI2014-001,2,riemann_lr,channel_dropout,all_channels,4,0.2,0,22,4,0.5,0.6699507389162561,0.3216080358030784,0.2949521242097374,0.3.2,participant,,,,,,b86ad3d586a53a1c8327c50145dfc03932f2ea9b36901736375dcb1bc4a121a2
BNCI2014-001,2,riemann_lr,channel_dropout,all_channels,4,0.2,1,22,4,0.5,0.5591133004926109,0.4304590773915243,0.4285313537693014,0.3.2,participant,,,,,,b86ad3d586a53a1c8327c50145dfc03932f2ea9b36901736375dcb1bc4a121a2
BNCI2014-001,2,riemann_lr,channel_dropout,all_channels,4,0.2,2,22,4,0.5,0.6514778325123152,0.4947203120427533,0.49785332749601297,0.3.2,participant,,,,,,b86ad3d586a53a1c8327c50145dfc03932f2ea9b36901736375dcb1bc4a121a2
BNCI2014-001,2,riemann_lr,channel_dropout,all_channels,4,0.2,3,22,4,0.5,0.6317733990147784,0.48243314431109896,0.48329114348940244,0.3.2,participant,,,,,,b86ad3d586a53a1c8327c50145dfc03932f2ea9b36901736375dcb1bc4a121a2
BNCI2014-001,2,riemann_lr,channel_dropout,all_channels,4,0.2,4,22,4,0.5,0.6761083743842364,0.5041750780567968,0.5058487789246074,0.3.2,participant,,,,,,b86ad3d586a53a1c8327c50145dfc03932f2ea9b36901736375dcb1bc4a121a2
BNCI2014-001,2,riemann_lr,channel_dropout,all_channels,4,0.2,5,22,4,0.5178571428571429,0.6502463054187192,0.3481123745068083,0.33893689971800683,0.3.2,participant,,,,,,b86ad3d586a53a1c8327c50145dfc03932f2ea9b36901736375dcb1bc4a121a2
BNCI2014-001,2,riemann_lr,channel_dropout,all_channels,4,0.2,6,22,4,0.5172413793103449,0.6317733990147784,0.30876607741601436,0.26801697468662034,0.3.2,participant,,,,,,b86ad3d586a53a1c8327c50145dfc03932f2ea9b36901736375dcb1bc4a121a2
BNCI2014-001,2,riemann_lr,channel_dropout,all_channels,4,0.2,7,22,4,0.5,0.5960591133004927,0.4459094681352963,0.45098296766694546,0.3.2,participant,,,,,,b86ad3d586a53a1c8327c50145dfc03932f2ea9b36901736375dcb1bc4a121a2
BNCI2014-001,2,riemann_lr,channel_dropout,all_channels,4,0.2,8,22,4,0.5,0.6822660098522167,0.44304725524573746,0.45881668058001784,0.3.2,participant,,,,,,b86ad3d586a53a1c8327c50145dfc03932f2ea9b36901736375dcb1bc4a121a2
BNCI2014-001,2,riemann_lr,channel_dropout,all_channels,4,0.2,9,22,4,0.5,0.7438423645320197,0.47521287562146297,0.48511854997210446,0.3.2,participant,,,,,,b86ad3d586a53a1c8327c50145dfc03932f2ea9b36901736375dcb1bc4a121a2
BNCI2014-001,2,riemann_lr,channel_dropout,all_channels,4,0.3,0,22,7,0.47105911330049266,0.5566502463054187,0.25000967727539336,0.1527042432551784,0.3.2,participant,,,,,,b86ad3d586a53a1c8327c50145dfc03932f2ea9b36901736375dcb1bc4a121a2
BNCI2014-001,2,riemann_lr,channel_dropout,all_channels,4,0.3,1,22,7,0.5,0.6108374384236452,0.40722153446777215,0.41199285775393535,0.3.2,participant,,,,,,b86ad3d586a53a1c8327c50145dfc03932f2ea9b36901736375dcb1bc4a121a2
BNCI2014-001,2,riemann_lr,channel_dropout,all_channels,4,0.3,2,22,7,0.5,0.6428571428571428,0.4920776076371335,0.4946945829922532,0.3.2,participant,,,,,,b86ad3d586a53a1c8327c50145dfc03932f2ea9b36901736375dcb1bc4a121a2
BNCI2014-001,2,riemann_lr,channel_dropout,all_channels,4,0.3,3,22,7,0.5,0.5492610837438423,0.4617262892896824,0.4610350979522152,0.3.2,participant,,,,,,b86ad3d586a53a1c8327c50145dfc03932f2ea9b36901736375dcb1bc4a121a2
BNCI2014-001,2,riemann_lr,channel_dropout,all_channels,4,0.3,4,22,7,0.5,0.5997536945812807,0.5047417333480253,0.5061387867710897,0.3.2,participant,,,,,,b86ad3d586a53a1c8327c50145dfc03932f2ea9b36901736375dcb1bc4a121a2
BNCI2014-001,2,riemann_lr,channel_dropout,all_channels,4,0.3,5,22,7,0.5,0.6859605911330049,0.48536263352686393,0.48902144735874886,0.3.2,participant,,,,,,b86ad3d586a53a1c8327c50145dfc03932f2ea9b36901736375dcb1bc4a121a2
BNCI2014-001,2,riemann_lr,channel_dropout,all_channels,4,0.3,6,22,7,0.5,0.5160098522167488,0.4789643231243124,0.47761478921112305,0.3.2,participant,,,,,,b86ad3d586a53a1c8327c50145dfc03932f2ea9b36901736375dcb1bc4a121a2
BNCI2014-001,2,riemann_lr,channel_dropout,all_channels,4,0.3,7,22,7,0.5,0.46921182266009853,0.34829216586973877,0.3021272248829794,0.3.2,participant,,,,,,b86ad3d586a53a1c8327c50145dfc03932f2ea9b36901736375dcb1bc4a121a2
BNCI2014-001,2,riemann_lr,channel_dropout,all_channels,4,0.3,8,22,7,0.5,0.5344827586206896,0.48978016594311624,0.4897901413939044,0.3.2,participant,,,,,,b86ad3d586a53a1c8327c50145dfc03932f2ea9b36901736375dcb1bc4a121a2
BNCI2014-001,2,riemann_lr,channel_dropout,all_channels,4,0.3,9,22,7,0.5689655172413793,0.6539408866995073,0.3118847356950518,0.28023569925280184,0.3.2,participant,,,,,,b86ad3d586a53a1c8327c50145dfc03932f2ea9b36901736375dcb1bc4a121a2
BNCI2014-001,2,riemann_lr,channel_dropout,all_channels,4,0.5,0,22,11,0.5,0.5295566502463054,0.33788152726574877,0.29971754120012306,0.3.2,participant,,,,,,b86ad3d586a53a1c8327c50145dfc03932f2ea9b36901736375dcb1bc4a121a2
BNCI2014-001,2,riemann_lr,channel_dropout,all_channels,4,0.5,1,22,11,0.5344827586206896,0.5640394088669951,0.28915827445336834,0.2084163654129485,0.3.2,participant,,,,,,b86ad3d586a53a1c8327c50145dfc03932f2ea9b36901736375dcb1bc4a121a2
BNCI2014-001,2,riemann_lr,channel_dropout,all_channels,4,0.5,2,22,11,0.5,0.6268472906403941,0.3884229490548376,0.38652272594471637,0.3.2,participant,,,,,,b86ad3d586a53a1c8327c50145dfc03932f2ea9b36901736375dcb1bc4a121a2
BNCI2014-001,2,riemann_lr,channel_dropout,all_channels,4,0.5,3,22,11,0.5,0.6182266009852218,0.3563341442244776,0.34045847144876284,0.3.2,participant,,,,,,b86ad3d586a53a1c8327c50145dfc03932f2ea9b36901736375dcb1bc4a121a2
BNCI2014-001,2,riemann_lr,channel_dropout,all_channels,4,0.5,4,22,11,0.5344827586206896,0.5566502463054187,0.38990733771012126,0.4101701874898893,0.3.2,participant,,,,,,b86ad3d586a53a1c8327c50145dfc03932f2ea9b36901736375dcb1bc4a121a2
BNCI2014-001,2,riemann_lr,channel_dropout,all_channels,4,0.5,5,22,11,0.5,0.5504926108374384,0.4009367031352409,0.3870836623582943,0.3.2,participant,,,,,,b86ad3d586a53a1c8327c50145dfc03932f2ea9b36901736375dcb1bc4a121a2
BNCI2014-001,2,riemann_lr,channel_dropout,all_channels,4,0.5,6,22,11,0.5,0.6625615763546798,0.3958447350339623,0.3982723458774726,0.3.2,participant,,,,,,b86ad3d586a53a1c8327c50145dfc03932f2ea9b36901736375dcb1bc4a121a2
BNCI2014-001,2,riemann_lr,channel_dropout,all_channels,4,0.5,7,22,11,0.5,0.5480295566502463,0.4655842534267152,0.4697938296819222,0.3.2,participant,,,,,,b86ad3d586a53a1c8327c50145dfc03932f2ea9b36901736375dcb1bc4a121a2
BNCI2014-001,2,riemann_lr,channel_dropout,all_channels,4,0.5,8,22,11,0.5,0.4482758620689655,0.4754056150187906,0.47415537491941817,0.3.2,participant,,,,,,b86ad3d586a53a1c8327c50145dfc03932f2ea9b36901736375dcb1bc4a121a2
BNCI2014-001,2,riemann_lr,channel_dropout,all_channels,4,0.5,9,22,11,0.5,0.41995073891625617,0.49118876467330674,0.491148336227985,0.3.2,participant,,,,,,b86ad3d586a53a1c8327c50145dfc03932f2ea9b36901736375dcb1bc4a121a2
BNCI2014-001,2,riemann_lr,clean,all_channels,5,0.0,0,22,0,0.5972906403940887,0.6785714285714286,0.22603851415273046,0.09043653472870514,0.3.2,participant,,,,,,b86ad3d586a53a1c8327c50145dfc03932f2ea9b36901736375dcb1bc4a121a2
BNCI2014-001,2,riemann_lr,channel_dropout,all_channels,5,0.1,0,22,2,0.5,0.5172413793103448,0.49515723726367605,0.4951690701310695,0.3.2,participant,,,,,,b86ad3d586a53a1c8327c50145dfc03932f2ea9b36901736375dcb1bc4a121a2
BNCI2014-001,2,riemann_lr,channel_dropout,all_channels,5,0.1,1,22,2,0.5394088669950738,0.5431034482758621,0.26654173766533257,0.17693030688367165,0.3.2,participant,,,,,,b86ad3d586a53a1c8327c50145dfc03932f2ea9b36901736375dcb1bc4a121a2
BNCI2014-001,2,riemann_lr,channel_dropout,all_channels,5,0.1,2,22,2,0.5,0.6342364532019704,0.46249819924698615,0.46633006462852145,0.3.2,participant,,,,,,b86ad3d586a53a1c8327c50145dfc03932f2ea9b36901736375dcb1bc4a121a2
BNCI2014-001,2,riemann_lr,channel_dropout,all_channels,5,0.1,3,22,2,0.583743842364532,0.626847290640394,0.25613138047436423,0.13161767531300422,0.3.2,participant,,,,,,b86ad3d586a53a1c8327c50145dfc03932f2ea9b36901736375dcb1bc4a121a2
BNCI2014-001,2,riemann_lr,channel_dropout,all_channels,5,0.1,4,22,2,0.5665024630541872,0.6219211822660099,0.2838761741416891,0.1970703468021687,0.3.2,participant,,,,,,b86ad3d586a53a1c8327c50145dfc03932f2ea9b36901736375dcb1bc4a121a2
BNCI2014-001,2,riemann_lr,channel_dropout,all_channels,5,0.1,5,22,2,0.5,0.6699507389162562,0.4290036230494421,0.4343425962934159,0.3.2,participant,,,,,,b86ad3d586a53a1c8327c50145dfc03932f2ea9b36901736375dcb1bc4a121a2
BNCI2014-001,2,riemann_lr,channel_dropout,all_channels,5,0.1,6,22,2,0.6311576354679802,0.6539408866995073,0.2365862047918453,0.10890191390048252,0.3.2,participant,,,,,,b86ad3d586a53a1c8327c50145dfc03932f2ea9b36901736375dcb1bc4a121a2
BNCI2014-001,2,riemann_lr,channel_dropout,all_channels,5,0.1,7,22,2,0.5,0.6674876847290642,0.5073676781378987,0.5076062570644485,0.3.2,participant,,,,,,b86ad3d586a53a1c8327c50145dfc03932f2ea9b36901736375dcb1bc4a121a2
BNCI2014-001,2,riemann_lr,channel_dropout,all_channels,5,0.1,8,22,2,0.5,0.6366995073891626,0.4171973600727701,0.4199257346291422,0.3.2,participant,,,,,,b86ad3d586a53a1c8327c50145dfc03932f2ea9b36901736375dcb1bc4a121a2
BNCI2014-001,2,riemann_lr,channel_dropout,all_channels,5,0.1,9,22,2,0.5381773399014778,0.562807881773399,0.35141792331528454,0.31232439073185614,0.3.2,participant,,,,,,b86ad3d586a53a1c8327c50145dfc03932f2ea9b36901736375dcb1bc4a121a2
BNCI2014-001,2,riemann_lr,channel_dropout,all_channels,5,0.2,0,22,4,0.5,0.6379310344827587,0.5065580063879538,0.5067773799710049,0.3.2,participant,,,,,,b86ad3d586a53a1c8327c50145dfc03932f2ea9b36901736375dcb1bc4a121a2
BNCI2014-001,2,riemann_lr,channel_dropout,all_channels,5,0.2,1,22,4,0.5,0.5763546798029556,0.4926072559807594,0.4932747801924125,0.3.2,participant,,,,,,b86ad3d586a53a1c8327c50145dfc03932f2ea9b36901736375dcb1bc4a121a2
BNCI2014-001,2,riemann_lr,channel_dropout,all_channels,5,0.2,2,22,4,0.5172413793103449,0.5923645320197044,0.3643979586557308,0.34840715369977415,0.3.2,participant,,,,,,b86ad3d586a53a1c8327c50145dfc03932f2ea9b36901736375dcb1bc4a121a2
BNCI2014-001,2,riemann_lr,channel_dropout,all_channels,5,0.2,3,22,4,0.5486453201970443,0.5825123152709359,0.2556340030536563,0.10495846247290959,0.3.2,participant,,,,,,b86ad3d586a53a1c8327c50145dfc03932f2ea9b36901736375dcb1bc4a121a2
BNCI2014-001,2,riemann_lr,channel_dropout,all_channels,5,0.2,4,22,4,0.5,0.5431034482758621,0.5083663364443062,0.5083798320630498,0.3.2,participant,,,,,,b86ad3d586a53a1c8327c50145dfc03932f2ea9b36901736375dcb1bc4a121a2
BNCI2014-001,2,riemann_lr,channel_dropout,all_channels,5,0.2,5,22,4,0.5,0.6637931034482758,0.49631456791767237,0.49800214556999345,0.3.2,participant,,,,,,b86ad3d586a53a1c8327c50145dfc03932f2ea9b36901736375dcb1bc4a121a2
BNCI2014-001,2,riemann_lr,channel_dropout,all_channels,5,0.2,6,22,4,0.5172413793103449,0.6009852216748769,0.3540440810603179,0.34093867217417184,0.3.2,participant,,,,,,b86ad3d586a53a1c8327c50145dfc03932f2ea9b36901736375dcb1bc4a121a2
BNCI2014-001,2,riemann_lr,channel_dropout,all_channels,5,0.2,7,22,4,0.5,0.6514778325123153,0.4940627176303483,0.4962621008990806,0.3.2,participant,,,,,,b86ad3d586a53a1c8327c50145dfc03932f2ea9b36901736375dcb1bc4a121a2
BNCI2014-001,2,riemann_lr,channel_dropout,all_channels,5,0.2,8,22,4,0.5,0.6256157635467982,0.48550757885456197,0.4882397561168583,0.3.2,participant,,,,,,b86ad3d586a53a1c8327c50145dfc03932f2ea9b36901736375dcb1bc4a121a2
BNCI2014-001,2,riemann_lr,channel_dropout,all_channels,5,0.2,9,22,4,0.5357142857142857,0.5849753694581281,0.3261157495451994,0.28138872133111065,0.3.2,participant,,,,,,b86ad3d586a53a1c8327c50145dfc03932f2ea9b36901736375dcb1bc4a121a2
BNCI2014-001,2,riemann_lr,channel_dropout,all_channels,5,0.3,0,22,7,0.5,0.4766009852216749,0.4873978044325722,0.4876666448961527,0.3.2,participant,,,,,,b86ad3d586a53a1c8327c50145dfc03932f2ea9b36901736375dcb1bc4a121a2
BNCI2014-001,2,riemann_lr,channel_dropout,all_channels,5,0.3,1,22,7,0.5,0.5098522167487685,0.5087572028079732,0.5087588300218169,0.3.2,participant,,,,,,b86ad3d586a53a1c8327c50145dfc03932f2ea9b36901736375dcb1bc4a121a2
BNCI2014-001,2,riemann_lr,channel_dropout,all_channels,5,0.3,2,22,7,0.5,0.4778325123152709,0.5087681731106038,0.50876841711207,0.3.2,participant,,,,,,b86ad3d586a53a1c8327c50145dfc03932f2ea9b36901736375dcb1bc4a121a2
BNCI2014-001,2,riemann_lr,channel_dropout,all_channels,5,0.3,3,22,7,0.5,0.5086206896551725,0.5086606435947719,0.5086743493986321,0.3.2,participant,,,,,,b86ad3d586a53a1c8327c50145dfc03932f2ea9b36901736375dcb1bc4a121a2
BNCI2014-001,2,riemann_lr,channel_dropout,all_channels,5,0.3,4,22,7,0.5689655172413793,0.5800492610837438,0.2675289223944707,0.17441340180727014,0.3.2,participant,,,,,,b86ad3d586a53a1c8327c50145dfc03932f2ea9b36901736375dcb1bc4a121a2
BNCI2014-001,2,riemann_lr,channel_dropout,all_channels,5,0.3,5,22,7,0.5,0.43349753694581283,0.5085021261911925,0.5084934417888997,0.3.2,participant,,,,,,b86ad3d586a53a1c8327c50145dfc03932f2ea9b36901736375dcb1bc4a121a2
BNCI2014-001,2,riemann_lr,channel_dropout,all_channels,5,0.3,6,22,7,0.5,0.46428571428571425,0.5085701340642417,0.5085675146263235,0.3.2,participant,,,,,,b86ad3d586a53a1c8327c50145dfc03932f2ea9b36901736375dcb1bc4a121a2
BNCI2014-001,2,riemann_lr,channel_dropout,all_channels,5,0.3,7,22,7,0.5,0.5886699507389163,0.4560007151184162,0.45896661056221877,0.3.2,participant,,,,,,b86ad3d586a53a1c8327c50145dfc03932f2ea9b36901736375dcb1bc4a121a2
BNCI2014-001,2,riemann_lr,channel_dropout,all_channels,5,0.3,8,22,7,0.5,0.5270935960591133,0.3495432177832457,0.32303620997411364,0.3.2,participant,,,,,,b86ad3d586a53a1c8327c50145dfc03932f2ea9b36901736375dcb1bc4a121a2
BNCI2014-001,2,riemann_lr,channel_dropout,all_channels,5,0.3,9,22,7,0.5,0.4852216748768473,0.4701730049923857,0.4679080987748391,0.3.2,participant,,,,,,b86ad3d586a53a1c8327c50145dfc03932f2ea9b36901736375dcb1bc4a121a2
BNCI2014-001,2,riemann_lr,channel_dropout,all_channels,5,0.5,0,22,11,0.5,0.5751231527093597,0.49312660928528407,0.49377655146936134,0.3.2,participant,,,,,,b86ad3d586a53a1c8327c50145dfc03932f2ea9b36901736375dcb1bc4a121a2
BNCI2014-001,2,riemann_lr,channel_dropout,all_channels,5,0.5,1,22,11,0.5,0.5221674876847291,0.4706157298207461,0.4713441871813958,0.3.2,participant,,,,,,b86ad3d586a53a1c8327c50145dfc03932f2ea9b36901736375dcb1bc4a121a2
BNCI2014-001,2,riemann_lr,channel_dropout,all_channels,5,0.5,2,22,11,0.5,0.4482758620689655,0.5075561702629456,0.5075413193959636,0.3.2,participant,,,,,,b86ad3d586a53a1c8327c50145dfc03932f2ea9b36901736375dcb1bc4a121a2
BNCI2014-001,2,riemann_lr,channel_dropout,all_channels,5,0.5,3,22,11,0.5,0.4298029556650246,0.5087498079413758,0.5087493599584508,0.3.2,participant,,,,,,b86ad3d586a53a1c8327c50145dfc03932f2ea9b36901736375dcb1bc4a121a2
BNCI2014-001,2,riemann_lr,channel_dropout,all_channels,5,0.5,4,22,11,0.5,0.41625615763546797,0.5086966391214583,0.5086909058989898,0.3.2,participant,,,,,,b86ad3d586a53a1c8327c50145dfc03932f2ea9b36901736375dcb1bc4a121a2
BNCI2014-001,2,riemann_lr,channel_dropout,all_channels,5,0.5,5,22,11,0.5,0.47044334975369456,0.508629070429361,0.5086324487203255,0.3.2,participant,,,,,,b86ad3d586a53a1c8327c50145dfc03932f2ea9b36901736375dcb1bc4a121a2
BNCI2014-001,2,riemann_lr,channel_dropout,all_channels,5,0.5,6,22,11,0.5,0.39285714285714285,0.5087183456234569,0.5087145118940622,0.3.2,participant,,,,,,b86ad3d586a53a1c8327c50145dfc03932f2ea9b36901736375dcb1bc4a121a2
BNCI2014-001,2,riemann_lr,channel_dropout,all_channels,5,0.5,7,22,11,0.5,0.48891625615763545,0.5042956596344751,0.5042858418996566,0.3.2,participant,,,,,,b86ad3d586a53a1c8327c50145dfc03932f2ea9b36901736375dcb1bc4a121a2
BNCI2014-001,2,riemann_lr,channel_dropout,all_channels,5,0.5,8,22,11,0.5,0.5098522167487685,0.506615150592124,0.5066732589931151,0.3.2,participant,,,,,,b86ad3d586a53a1c8327c50145dfc03932f2ea9b36901736375dcb1bc4a121a2
BNCI2014-001,2,riemann_lr,channel_dropout,all_channels,5,0.5,9,22,11,0.5,0.562807881773399,0.5083437268311354,0.5083604886917007,0.3.2,participant,,,,,,b86ad3d586a53a1c8327c50145dfc03932f2ea9b36901736375dcb1bc4a121a2
BNCI2014-001,2,riemann_lr,reduced_montage,motor_core,1,0.0,0,3,0,0.5344827586206897,0.5469678953626635,0.24841565179560063,0.035740299014509064,0.3.2,not_applicable,"C3,Cz,C4",,,,,b86ad3d586a53a1c8327c50145dfc03932f2ea9b36901736375dcb1bc4a121a2
BNCI2014-001,2,riemann_lr,reduced_montage,motor_core,2,0.0,0,3,0,0.5344827586206896,0.5980975029726516,0.2441828718532204,0.008982284758181544,0.3.2,not_applicable,"C3,Cz,C4",,,,,b86ad3d586a53a1c8327c50145dfc03932f2ea9b36901736375dcb1bc4a121a2
BNCI2014-001,2,riemann_lr,reduced_montage,motor_core,3,0.0,0,3,0,0.5,0.4637336504161712,0.26074488833533005,0.10226790234383351,0.3.2,not_applicable,"C3,Cz,C4",,,,,b86ad3d586a53a1c8327c50145dfc03932f2ea9b36901736375dcb1bc4a121a2
BNCI2014-001,2,riemann_lr,reduced_montage,motor_core,4,0.0,0,3,0,0.5800492610837439,0.6256157635467982,0.242094506987898,0.03902784694424504,0.3.2,not_applicable,"C3,Cz,C4",,,,,b86ad3d586a53a1c8327c50145dfc03932f2ea9b36901736375dcb1bc4a121a2
BNCI2014-001,2,riemann_lr,reduced_montage,motor_core,5,0.0,0,3,0,0.5277093596059113,0.5160098522167488,0.2542258564041719,0.08238990585426428,0.3.2,not_applicable,"C3,Cz,C4",,,,,b86ad3d586a53a1c8327c50145dfc03932f2ea9b36901736375dcb1bc4a121a2
BNCI2014-001,2,riemann_lr,reduced_montage,motor_extended,1,0.0,0,9,0,0.6206896551724138,0.6242568370986921,0.23773620933344855,0.1261227967674744,0.3.2,not_applicable,"FC3,FCz,FC4,C3,Cz,C4,CP3,CPz,CP4",,,,,b86ad3d586a53a1c8327c50145dfc03932f2ea9b36901736375dcb1bc4a121a2
BNCI2014-001,2,riemann_lr,reduced_montage,motor_extended,2,0.0,0,9,0,0.5344827586206897,0.5743162901307967,0.24807982689645108,0.11491159812832881,0.3.2,not_applicable,"FC3,FCz,FC4,C3,Cz,C4,CP3,CPz,CP4",,,,,b86ad3d586a53a1c8327c50145dfc03932f2ea9b36901736375dcb1bc4a121a2
BNCI2014-001,2,riemann_lr,reduced_montage,motor_extended,3,0.0,0,9,0,0.46551724137931033,0.5077288941736029,0.2702693063923253,0.20570749957373055,0.3.2,not_applicable,"FC3,FCz,FC4,C3,Cz,C4,CP3,CPz,CP4",,,,,b86ad3d586a53a1c8327c50145dfc03932f2ea9b36901736375dcb1bc4a121a2
BNCI2014-001,2,riemann_lr,reduced_montage,motor_extended,4,0.0,0,9,0,0.5966748768472906,0.7032019704433498,0.2231071194293839,0.07898249666543847,0.3.2,not_applicable,"FC3,FCz,FC4,C3,Cz,C4,CP3,CPz,CP4",,,,,b86ad3d586a53a1c8327c50145dfc03932f2ea9b36901736375dcb1bc4a121a2
BNCI2014-001,2,riemann_lr,reduced_montage,motor_extended,5,0.0,0,9,0,0.5431034482758621,0.6169950738916257,0.24054694364745177,0.08430091688421573,0.3.2,not_applicable,"FC3,FCz,FC4,C3,Cz,C4,CP3,CPz,CP4",,,,,b86ad3d586a53a1c8327c50145dfc03932f2ea9b36901736375dcb1bc4a121a2
BNCI2014-001,2,riemann_lr,region_dropout,all_channels,1,0.3181818181818182,0,22,7,0.5,0.5695600475624257,0.47944971567983924,0.4821016847713634,0.3.2,not_applicable,,left_motor_strip,"FC3,FC1,C5,C3,C1,CP3,CP1",,,b86ad3d586a53a1c8327c50145dfc03932f2ea9b36901736375dcb1bc4a121a2
BNCI2014-001,2,riemann_lr,region_dropout,all_channels,1,0.13636363636363635,0,22,3,0.6206896551724138,0.6682520808561236,0.23632945167261638,0.10033569798640385,0.3.2,not_applicable,,midline_motor_strip,"FCz,Cz,CPz",,,b86ad3d586a53a1c8327c50145dfc03932f2ea9b36901736375dcb1bc4a121a2
BNCI2014-001,2,riemann_lr,region_dropout,all_channels,1,0.3181818181818182,0,22,7,0.5,0.6932223543400714,0.4672138055328801,0.4728588151414599,0.3.2,not_applicable,,right_motor_strip,"FC2,FC4,C2,C4,C6,CP2,CP4",,,b86ad3d586a53a1c8327c50145dfc03932f2ea9b36901736375dcb1bc4a121a2
BNCI2014-001,2,riemann_lr,region_dropout,all_channels,2,0.3181818181818182,0,22,7,0.5,0.5552913198573127,0.4775474225866563,0.4791183972097094,0.3.2,not_applicable,,left_motor_strip,"FC3,FC1,C5,C3,C1,CP3,CP1",,,b86ad3d586a53a1c8327c50145dfc03932f2ea9b36901736375dcb1bc4a121a2
BNCI2014-001,2,riemann_lr,region_dropout,all_channels,2,0.13636363636363635,0,22,3,0.5,0.5683709869203329,0.3593474348542998,0.344820157407647,0.3.2,not_applicable,,midline_motor_strip,"FCz,Cz,CPz",,,b86ad3d586a53a1c8327c50145dfc03932f2ea9b36901736375dcb1bc4a121a2
BNCI2014-001,2,riemann_lr,region_dropout,all_channels,2,0.3181818181818182,0,22,7,0.5172413793103449,0.6349583828775267,0.2831231131491599,0.21979736732169636,0.3.2,not_applicable,,right_motor_strip,"FC2,FC4,C2,C4,C6,CP2,CP4",,,b86ad3d586a53a1c8327c50145dfc03932f2ea9b36901736375dcb1bc4a121a2
BNCI2014-001,2,riemann_lr,region_dropout,all_channels,3,0.3181818181818182,0,22,7,0.5,0.4565992865636148,0.49908670336981,0.49889258848106544,0.3.2,not_applicable,,left_motor_strip,"FC3,FC1,C5,C3,C1,CP3,CP1",,,b86ad3d586a53a1c8327c50145dfc03932f2ea9b36901736375dcb1bc4a121a2
BNCI2014-001,2,riemann_lr,region_dropout,all_channels,3,0.13636363636363635,0,22,3,0.5,0.48275862068965514,0.435981390336019,0.4274282451736631,0.3.2,not_applicable,,midline_motor_strip,"FCz,Cz,CPz",,,b86ad3d586a53a1c8327c50145dfc03932f2ea9b36901736375dcb1bc4a121a2
BNCI2014-001,2,riemann_lr,region_dropout,all_channels,3,0.3181818181818182,0,22,7,0.5,0.5659928656361475,0.4058585123880891,0.40086723554704223,0.3.2,not_applicable,,right_motor_strip,"FC2,FC4,C2,C4,C6,CP2,CP4",,,b86ad3d586a53a1c8327c50145dfc03932f2ea9b36901736375dcb1bc4a121a2
BNCI2014-001,2,riemann_lr,region_dropout,all_channels,4,0.3181818181818182,0,22,7,0.5,0.6083743842364532,0.5051839313014376,0.5059821278656136,0.3.2,not_applicable,,left_motor_strip,"FC3,FC1,C5,C3,C1,CP3,CP1",,,b86ad3d586a53a1c8327c50145dfc03932f2ea9b36901736375dcb1bc4a121a2
BNCI2014-001,2,riemann_lr,region_dropout,all_channels,4,0.13636363636363635,0,22,3,0.5,0.6096059113300493,0.4367080134823544,0.44017347984732513,0.3.2,not_applicable,,midline_motor_strip,"FCz,Cz,CPz",,,b86ad3d586a53a1c8327c50145dfc03932f2ea9b36901736375dcb1bc4a121a2
BNCI2014-001,2,riemann_lr,region_dropout,all_channels,4,0.3181818181818182,0,22,7,0.6342364532019704,0.6736453201970443,0.2366028187620264,0.09356816331699869,0.3.2,not_applicable,,right_motor_strip,"FC2,FC4,C2,C4,C6,CP2,CP4",,,b86ad3d586a53a1c8327c50145dfc03932f2ea9b36901736375dcb1bc4a121a2
BNCI2014-001,2,riemann_lr,region_dropout,all_channels,5,0.3181818181818182,0,22,7,0.5,0.5578817733990149,0.4237050324801319,0.4228538328575356,0.3.2,not_applicable,,left_motor_strip,"FC3,FC1,C5,C3,C1,CP3,CP1",,,b86ad3d586a53a1c8327c50145dfc03932f2ea9b36901736375dcb1bc4a121a2
BNCI2014-001,2,riemann_lr,region_dropout,all_channels,5,0.13636363636363635,0,22,3,0.518472906403941,0.6453201970443351,0.25103753778460447,0.13433975119181218,0.3.2,not_applicable,,midline_motor_strip,"FCz,Cz,CPz",,,b86ad3d586a53a1c8327c50145dfc03932f2ea9b36901736375dcb1bc4a121a2
BNCI2014-001,2,riemann_lr,region_dropout,all_channels,5,0.3181818181818182,0,22,7,0.5,0.5677339901477834,0.4700712791504595,0.47242485174545135,0.3.2,not_applicable,,right_motor_strip,"FC2,FC4,C2,C4,C6,CP2,CP4",,,b86ad3d586a53a1c8327c50145dfc03932f2ea9b36901736375dcb1bc4a121a2
BNCI2014-001,2,riemann_lr,cross_session,all_channels,0,0.0,0,22,0,0.5625,0.6589506172839507,0.24120464015098303,0.16036872932048718,0.3.2,not_applicable,,,,0train,1test,b86ad3d586a53a1c8327c50145dfc03932f2ea9b36901736375dcb1bc4a121a2
BNCI2014-001,3,riemann_lr,clean,all_channels,1,0.0,0,22,0,1.0,1.0,0.015201274923478399,0.08414543307975493,0.3.2,participant,,,,,,b86ad3d586a53a1c8327c50145dfc03932f2ea9b36901736375dcb1bc4a121a2
BNCI2014-001,3,riemann_lr,channel_dropout,all_channels,1,0.1,0,22,2,0.7413793103448276,0.995243757431629,0.14055858394298415,0.22831094888977188,0.3.2,participant,,,,,,b86ad3d586a53a1c8327c50145dfc03932f2ea9b36901736375dcb1bc4a121a2
BNCI2014-001,3,riemann_lr,channel_dropout,all_channels,1,0.1,1,22,2,0.7241379310344828,0.9976218787158144,0.16353418964352048,0.23969946836883577,0.3.2,participant,,,,,,b86ad3d586a53a1c8327c50145dfc03932f2ea9b36901736375dcb1bc4a121a2
BNCI2014-001,3,riemann_lr,channel_dropout,all_channels,1,0.1,2,22,2,0.8275862068965517,1.0,0.09296614200780232,0.19970225946374487,0.3.2,participant,,,,,,b86ad3d586a53a1c8327c50145dfc03932f2ea9b36901736375dcb1bc4a121a2
BNCI2014-001,3,riemann_lr,channel_dropout,all_channels,1,0.1,3,22,2,0.5862068965517242,0.9892984542211652,0.2694699915207692,0.3461580854745381,0.3.2,participant,,,,,,b86ad3d586a53a1c8327c50145dfc03932f2ea9b36901736375dcb1bc4a121a2
BNCI2014-001,3,riemann_lr,channel_dropout,all_channels,1,0.1,4,22,2,0.8275862068965517,1.0,0.0977483697306642,0.21628992997739802,0.3.2,participant,,,,,,b86ad3d586a53a1c8327c50145dfc03932f2ea9b36901736375dcb1bc4a121a2
BNCI2014-001,3,riemann_lr,channel_dropout,all_channels,1,0.1,5,22,2,0.5,0.9976218787158144,0.3991307507364315,0.4425738191554647,0.3.2,participant,,,,,,b86ad3d586a53a1c8327c50145dfc03932f2ea9b36901736375dcb1bc4a121a2
BNCI2014-001,3,riemann_lr,channel_dropout,all_channels,1,0.1,6,22,2,0.7241379310344828,0.9976218787158144,0.16353418964352048,0.23969946836883577,0.3.2,participant,,,,,,b86ad3d586a53a1c8327c50145dfc03932f2ea9b36901736375dcb1bc4a121a2
BNCI2014-001,3,riemann_lr,channel_dropout,all_channels,1,0.1,7,22,2,0.7068965517241379,1.0,0.18088761613582863,0.2691261739975824,0.3.2,participant,,,,,,b86ad3d586a53a1c8327c50145dfc03932f2ea9b36901736375dcb1bc4a121a2
BNCI2014-001,3,riemann_lr,channel_dropout,all_channels,1,0.1,8,22,2,0.7413793103448276,1.0,0.14887238463699995,0.25260483689994756,0.3.2,participant,,,,,,b86ad3d586a53a1c8327c50145dfc03932f2ea9b36901736375dcb1bc4a121a2
BNCI2014-001,3,riemann_lr,channel_dropout,all_channels,1,0.1,9,22,2,0.6896551724137931,1.0,0.1947242193348451,0.27495752652233413,0.3.2,participant,,,,,,b86ad3d586a53a1c8327c50145dfc03932f2ea9b36901736375dcb1bc4a121a2
BNCI2014-001,3,riemann_lr,channel_dropout,all_channels,1,0.2,0,22,4,0.7586206896551724,0.9976218787158145,0.14555653046936842,0.2506563570949685,0.3.2,participant,,,,,,b86ad3d586a53a1c8327c50145dfc03932f2ea9b36901736375dcb1bc4a121a2
BNCI2014-001,3,riemann_lr,channel_dropout,all_channels,1,0.2,1,22,4,0.5,0.9904875148632579,0.4970286404911934,0.4984278520068263,0.3.2,participant,,,,,,b86ad3d586a53a1c8327c50145dfc03932f2ea9b36901736375dcb1bc4a121a2
BNCI2014-001,3,riemann_lr,channel_dropout,all_channels,1,0.2,2,22,4,0.9482758620689655,1.0,0.04759012186507156,0.1439189445295983,0.3.2,participant,,,,,,b86ad3d586a53a1c8327c50145dfc03932f2ea9b36901736375dcb1bc4a121a2
BNCI2014-001,3,riemann_lr,channel_dropout,all_channels,1,0.2,3,22,4,0.5,0.9583828775267539,0.4849173372789373,0.4919058338102701,0.3.2,participant,,,,,,b86ad3d586a53a1c8327c50145dfc03932f2ea9b36901736375dcb1bc4a121a2
BNCI2014-001,3,riemann_lr,channel_dropout,all_channels,1,0.2,4,22,4,0.8275862068965517,0.9928656361474435,0.12365102311876044,0.22565411925641113,0.3.2,participant,,,,,,b86ad3d586a53a1c8327c50145dfc03932f2ea9b36901736375dcb1bc4a121a2
BNCI2014-001,3,riemann_lr,channel_dropout,all_channels,1,0.2,5,22,4,0.5344827586206896,0.9928656361474435,0.33662865627727195,0.39693900771261736,0.3.2,participant,,,,,,b86ad3d586a53a1c8327c50145dfc03932f2ea9b36901736375dcb1bc4a121a2
BNCI2014-001,3,riemann_lr,channel_dropout,all_channels,1,0.2,6,22,4,0.9137931034482758,0.995243757431629,0.07968098944587776,0.1981159974756743,0.3.2,participant,,,,,,b86ad3d586a53a1c8327c50145dfc03932f2ea9b36901736375dcb1bc4a121a2
BNCI2014-001,3,riemann_lr,channel_dropout,all_channels,1,0.2,7,22,4,0.7931034482758621,0.9928656361474435,0.12778064134639278,0.2272016762777749,0.3.2,participant,,,,,,b86ad3d586a53a1c8327c50145dfc03932f2ea9b36901736375dcb1bc4a121a2
BNCI2014-001,3,riemann_lr,channel_dropout,all_channels,1,0.2,8,22,4,0.5,0.9821640903686089,0.44277405512599527,0.4674003798497203,0.3.2,participant,,,,,,b86ad3d586a53a1c8327c50145dfc03932f2ea9b36901736375dcb1bc4a121a2
BNCI2014-001,3,riemann_lr,channel_dropout,all_channels,1,0.2,9,22,4,0.5,0.9964328180737217,0.39936407865632323,0.441966285135439,0.3.2,participant,,,,,,b86ad3d586a53a1c8327c50145dfc03932f2ea9b36901736375dcb1bc4a121a2
BNCI2014-001,3,riemann_lr,channel_dropout,all_channels,1,0.3,0,22,7,0.5,0.9762187871581451,0.3685085600354615,0.41438463101398537,0.3.2,participant,,,,,,b86ad3d586a53a1c8327c50145dfc03932f2ea9b36901736375dcb1bc4a121a2
BNCI2014-001,3,riemann_lr,channel_dropout,all_channels,1,0.3,1,22,7,0.5,0.985731272294887,0.4885262023203467,0.49377867995497404,0.3.2,participant,,,,,,b86ad3d586a53a1c8327c50145dfc03932f2ea9b36901736375dcb1bc4a121a2
BNCI2014-001,3,riemann_lr,channel_dropout,all_channels,1,0.3,2,22,7,0.5,0.9964328180737217,0.2864340444603904,0.37796288348060425,0.3.2,participant,,,,,,b86ad3d586a53a1c8327c50145dfc03932f2ea9b36901736375dcb1bc4a121a2
BNCI2014-001,3,riemann_lr,channel_dropout,all_channels,1,0.3,3,22,7,0.9137931034482758,0.9702734839476813,0.11648311133520177,0.21325809514591465,0.3.2,participant,,,,,,b86ad3d586a53a1c8327c50145dfc03932f2ea9b36901736375dcb1bc4a121a2
BNCI2014-001,3,riemann_lr,channel_dropout,all_channels,1,0.3,4,22,7,0.6896551724137931,0.9809750297265161,0.16784846131699613,0.2537986935851078,0.3.2,participant,,,,,,b86ad3d586a53a1c8327c50145dfc03932f2ea9b36901736375dcb1bc4a121a2
BNCI2014-001,3,riemann_lr,channel_dropout,all_channels,1,0.3,5,22,7,0.5,0.9881093935790726,0.4033759653915967,0.4423939429869461,0.3.2,participant,,,,,,b86ad3d586a53a1c8327c50145dfc03932f2ea9b36901736375dcb1bc4a121a2
BNCI2014-001,3,riemann_lr,channel_dropout,all_channels,1,0.3,6,22,7,0.5,0.9916765755053507,0.4561502350126605,0.4758373385739241,0.3.2,participant,,,,,,b86ad3d586a53a1c8327c50145dfc03932f2ea9b36901736375dcb1bc4a121a2
BNCI2014-001,3,riemann_lr,channel_dropout,all_channels,1,0.3,7,22,7,0.6206896551724138,0.9762187871581451,0.19177511263343416,0.28568813860191516,0.3.2,participant,,,,,,b86ad3d586a53a1c8327c50145dfc03932f2ea9b36901736375dcb1bc4a121a2
BNCI2014-001,3,riemann_lr,channel_dropout,all_channels,1,0.3,8,22,7,0.5,0.9667063020214031,0.35558149158925606,0.39244273699090515,0.3.2,participant,,,,,,b86ad3d586a53a1c8327c50145dfc03932f2ea9b36901736375dcb1bc4a121a2
BNCI2014-001,3,riemann_lr,channel_dropout,all_channels,1,0.3,9,22,7,0.5,0.990487514863258,0.38372255053279847,0.42913870607525906,0.3.2,participant,,,,,,b86ad3d586a53a1c8327c50145dfc03932f2ea9b36901736375dcb1bc4a121a2
BNCI2014-001,3,riemann_lr,channel_dropout,all_channels,1,0.5,0,22,11,0.5,0.9690844233055886,0.3466787568785694,0.3809925481810218,0.3.2,participant,,,,,,b86ad3d586a53a1c8327c50145dfc03932f2ea9b36901736375dcb1bc4a121a2
BNCI2014-001,3,riemann_lr,channel_dropout,all_channels,1,0.5,1,22,11,0.5,0.708680142687277,0.4945093568589226,0.49561730812907623,0.3.2,participant,,,,,,b86ad3d586a53a1c8327c50145dfc03932f2ea9b36901736375dcb1bc4a121a2
BNCI2014-001,3,riemann_lr,channel_dropout,all_channels,1,0.5,2,22,11,0.5,0.9131985731272295,0.45634174265661265,0.46717645324266416,0.3.2,participant,,,,,,b86ad3d586a53a1c8327c50145dfc03932f2ea9b36901736375dcb1bc4a121a2
BNCI2014-001,3,riemann_lr,channel_dropout,all_channels,1,0.5,3,22,11,0.5,0.9548156956004756,0.4534453628122572,0.46771817423373985,0.3.2,participant,,,,,,b86ad3d586a53a1c8327c50145dfc03932f2ea9b36901736375dcb1bc4a121a2
BNCI2014-001,3,riemann_lr,channel_dropout,all_channels,1,0.5,4,22,11,0.5,0.929845422116528,0.48887025451481303,0.4922920701951486,0.3.2,participant,,,,,,b86ad3d586a53a1c8327c50145dfc03932f2ea9b36901736375dcb1bc4a121a2
BNCI2014-001,3,riemann_lr,channel_dropout,all_channels,1,0.5,5,22,11,0.5,1.0,0.26537471253867256,0.3609571034054985,0.3.2,participant,,,,,,b86ad3d586a53a1c8327c50145dfc03932f2ea9b36901736375dcb1bc4a121a2
BNCI2014-001,3,riemann_lr,channel_dropout,all_channels,1,0.5,6,22,11,0.8275862068965517,0.9892984542211652,0.1404804642867545,0.28344046072093665,0.3.2,participant,,,,,,b86ad3d586a53a1c8327c50145dfc03932f2ea9b36901736375dcb1bc4a121a2
BNCI2014-001,3,riemann_lr,channel_dropout,all_channels,1,0.5,7,22,11,0.5,0.9227110582639715,0.4953425774037593,0.496574920330962,0.3.2,participant,,,,,,b86ad3d586a53a1c8327c50145dfc03932f2ea9b36901736375dcb1bc4a121a2
BNCI2014-001,3,riemann_lr,channel_dropout,all_channels,1,0.5,8,22,11,0.5,0.9453032104637337,0.4965485531314913,0.4976205909600922,0.3.2,participant,,,,,,b86ad3d586a53a1c8327c50145dfc03932f2ea9b36901736375dcb1bc4a121a2
BNCI2014-001,3,riemann_lr,channel_dropout,all_channels,1,0.5,9,22,11,0.5,0.9239001189060643,0.30199002755770143,0.3226885907012891,0.3.2,participant,,,,,,b86ad3d586a53a1c8327c50145dfc03932f2ea9b36901736375dcb1bc4a121a2
BNCI2014-001,3,riemann_lr,clean,all_channels,2,0.0,0,22,0,0.9827586206896552,1.0,0.02374429824468411,0.10276883089302657,0.3.2,participant,,,,,,b86ad3d586a53a1c8327c50145dfc03932f2ea9b36901736375dcb1bc4a121a2
BNCI2014-001,3,riemann_lr,channel_dropout,all_channels,2,0.1,0,22,2,0.9482758620689655,0.990487514863258,0.07096921052873299,0.12654179531671836,0.3.2,participant,,,,,,b86ad3d586a53a1c8327c50145dfc03932f2ea9b36901736375dcb1bc4a121a2
BNCI2014-001,3,riemann_lr,channel_dropout,all_channels,2,0.1,1,22,2,0.5,0.9952437574316291,0.4711824982810358,0.4846308013099242,0.3.2,participant,,,,,,b86ad3d586a53a1c8327c50145dfc03932f2ea9b36901736375dcb1bc4a121a2
BNCI2014-001,3,riemann_lr,channel_dropout,all_channels,2,0.1,2,22,2,0.896551724137931,0.9797859690844233,0.06776496357809593,0.13062393034941983,0.3.2,participant,,,,,,b86ad3d586a53a1c8327c50145dfc03932f2ea9b36901736375dcb1bc4a121a2
BNCI2014-001,3,riemann_lr,channel_dropout,all_channels,2,0.1,3,22,2,0.6206896551724138,1.0,0.23642867564120965,0.3181742362235159,0.3.2,participant,,,,,,b86ad3d586a53a1c8327c50145dfc03932f2ea9b36901736375dcb1bc4a121a2
BNCI2014-001,3,riemann_lr,channel_dropout,all_channels,2,0.1,4,22,2,0.7758620689655172,0.9809750297265161,0.13685117370563396,0.21745349830852165,0.3.2,participant,,,,,,b86ad3d586a53a1c8327c50145dfc03932f2ea9b36901736375dcb1bc4a121a2
BNCI2014-001,3,riemann_lr,channel_dropout,all_channels,2,0.1,5,22,2,0.7068965517241379,0.9916765755053507,0.17407598546529948,0.25352652054595337,0.3.2,participant,,,,,,b86ad3d586a53a1c8327c50145dfc03932f2ea9b36901736375dcb1bc4a121a2
BNCI2014-001,3,riemann_lr,channel_dropout,all_channels,2,0.1,6,22,2,0.6379310344827587,0.9988109393579073,0.2167583855458304,0.2954038251876266,0.3.2,participant,,,,,,b86ad3d586a53a1c8327c50145dfc03932f2ea9b36901736375dcb1bc4a121a2
BNCI2014-001,3,riemann_lr,channel_dropout,all_channels,2,0.1,7,22,2,0.9655172413793103,0.9964328180737217,0.04748444744634974,0.13798686317900025,0.3.2,participant,,,,,,b86ad3d586a53a1c8327c50145dfc03932f2ea9b36901736375dcb1bc4a121a2
BNCI2014-001,3,riemann_lr,channel_dropout,all_channels,2,0.1,8,22,2,0.9310344827586207,0.9988109393579073,0.05668115169935411,0.13473385716432068,0.3.2,participant,,,,,,b86ad3d586a53a1c8327c50145dfc03932f2ea9b36901736375dcb1bc4a121a2
BNCI2014-001,3,riemann_lr,channel_dropout,all_channels,2,0.1,9,22,2,0.9827586206896552,0.9988109393579073,0.03102278844129933,0.10777363621988119,0.3.2,participant,,,,,,b86ad3d586a53a1c8327c50145dfc03932f2ea9b36901736375dcb1bc4a121a2
BNCI2014-001,3,riemann_lr,channel_dropout,all_channels,2,0.2,0,22,4,0.8448275862068966,0.9881093935790726,0.09522990960257481,0.19324579714532053,0.3.2,participant,,,,,,b86ad3d586a53a1c8327c50145dfc03932f2ea9b36901736375dcb1bc4a121a2
BNCI2014-001,3,riemann_lr,channel_dropout,all_channels,2,0.2,1,22,4,0.896551724137931,0.9904875148632581,0.06272874024354883,0.15237826444802635,0.3.2,participant,,,,,,b86ad3d586a53a1c8327c50145dfc03932f2ea9b36901736375dcb1bc4a121a2
BNCI2014-001,3,riemann_lr,channel_dropout,all_channels,2,0.2,2,22,4,0.5172413793103449,0.9881093935790726,0.3332309952180115,0.3943571455505813,0.3.2,participant,,,,,,b86ad3d586a53a1c8327c50145dfc03932f2ea9b36901736375dcb1bc4a121a2
BNCI2014-001,3,riemann_lr,channel_dropout,all_channels,2,0.2,3,22,4,0.5517241379310345,0.9548156956004756,0.2699426826798186,0.3289176497993498,0.3.2,participant,,,,,,b86ad3d586a53a1c8327c50145dfc03932f2ea9b36901736375dcb1bc4a121a2
BNCI2014-001,3,riemann_lr,channel_dropout,all_channels,2,0.2,4,22,4,0.5344827586206896,0.985731272294887,0.387847410729303,0.4316271396630564,0.3.2,participant,,,,,,b86ad3d586a53a1c8327c50145dfc03932f2ea9b36901736375dcb1bc4a121a2
BNCI2014-001,3,riemann_lr,channel_dropout,all_channels,2,0.2,5,22,4,0.5,0.9785969084423305,0.4734016741694228,0.4855960031280441,0.3.2,participant,,,,,,b86ad3d586a53a1c8327c50145dfc03932f2ea9b36901736375dcb1bc4a121a2
BNCI2014-001,3,riemann_lr,channel_dropout,all_channels,2,0.2,6,22,4,0.5,1.0,0.41158328609932304,0.44919055074724135,0.3.2,participant,,,,,,b86ad3d586a53a1c8327c50145dfc03932f2ea9b36901736375dcb1bc4a121a2
BNCI2014-001,3,riemann_lr,channel_dropout,all_channels,2,0.2,7,22,4,0.5,0.93935790725327,0.49699087892643407,0.49841872902864304,0.3.2,participant,,,,,,b86ad3d586a53a1c8327c50145dfc03932f2ea9b36901736375dcb1bc4a121a2
BNCI2014-001,3,riemann_lr,channel_dropout,all_channels,2,0.2,8,22,4,0.5,0.9845422116527943,0.45813850320783833,0.47703731320999365,0.3.2,participant,,,,,,b86ad3d586a53a1c8327c50145dfc03932f2ea9b36901736375dcb1bc4a121a2
BNCI2014-001,3,riemann_lr,channel_dropout,all_channels,2,0.2,9,22,4,0.9482758620689655,0.9881093935790725,0.06842093025272143,0.16039540613089195,0.3.2,participant,,,,,,b86ad3d586a53a1c8327c50145dfc03932f2ea9b36901736375dcb1bc4a121a2
BNCI2014-001,3,riemann_lr,channel_dropout,all_channels,2,0.3,0,22,7,0.5,0.9655172413793104,0.4831210757239485,0.49048649961625557,0.3.2,participant,,,,,,b86ad3d586a53a1c8327c50145dfc03932f2ea9b36901736375dcb1bc4a121a2
BNCI2014-001,3,riemann_lr,channel_dropout,all_channels,2,0.3,1,22,7,0.5,0.9619500594530321,0.4942330657269248,0.49680770180723605,0.3.2,participant,,,,,,b86ad3d586a53a1c8327c50145dfc03932f2ea9b36901736375dcb1bc4a121a2
BNCI2014-001,3,riemann_lr,channel_dropout,all_channels,2,0.3,2,22,7,0.5172413793103449,0.8632580261593341,0.23289595189613627,0.21833216296869296,0.3.2,participant,,,,,,b86ad3d586a53a1c8327c50145dfc03932f2ea9b36901736375dcb1bc4a121a2
BNCI2014-001,3,riemann_lr,channel_dropout,all_channels,2,0.3,3,22,7,0.5,0.9881093935790726,0.3007388886800721,0.36401249426653604,0.3.2,participant,,,,,,b86ad3d586a53a1c8327c50145dfc03932f2ea9b36901736375dcb1bc4a121a2
BNCI2014-001,3,riemann_lr,channel_dropout,all_channels,2,0.3,4,22,7,0.5172413793103449,0.868014268727705,0.32096716340425224,0.3408219862903057,0.3.2,participant,,,,,,b86ad3d586a53a1c8327c50145dfc03932f2ea9b36901736375dcb1bc4a121a2
BNCI2014-001,3,riemann_lr,channel_dropout,all_channels,2,0.3,5,22,7,0.5,0.9310344827586208,0.49956650582599277,0.49975099858275135,0.3.2,participant,,,,,,b86ad3d586a53a1c8327c50145dfc03932f2ea9b36901736375dcb1bc4a121a2
BNCI2014-001,3,riemann_lr,channel_dropout,all_channels,2,0.3,6,22,7,0.8448275862068966,0.9143876337693223,0.17735940100104036,0.23236889605279798,0.3.2,participant,,,,,,b86ad3d586a53a1c8327c50145dfc03932f2ea9b36901736375dcb1bc4a121a2
BNCI2014-001,3,riemann_lr,channel_dropout,all_channels,2,0.3,7,22,7,0.8793103448275862,0.9405469678953627,0.1298120997021028,0.18261913785013428,0.3.2,participant,,,,,,b86ad3d586a53a1c8327c50145dfc03932f2ea9b36901736375dcb1bc4a121a2
BNCI2014-001,3,riemann_lr,channel_dropout,all_channels,2,0.3,8,22,7,0.5,0.9322235434007135,0.4909128201468172,0.4944922469670535,0.3.2,participant,,,,,,b86ad3d586a53a1c8327c50145dfc03932f2ea9b36901736375dcb1bc4a121a2
BNCI2014-001,3,riemann_lr,channel_dropout,all_channels,2,0.3,9,22,7,0.5,0.887039239001189,0.46342928701023395,0.47486559217749774,0.3.2,participant,,,,,,b86ad3d586a53a1c8327c50145dfc03932f2ea9b36901736375dcb1bc4a121a2
BNCI2014-001,3,riemann_lr,channel_dropout,all_channels,2,0.5,0,22,11,0.603448275862069,0.9833531510107016,0.20981607059857488,0.29541671804935865,0.3.2,participant,,,,,,b86ad3d586a53a1c8327c50145dfc03932f2ea9b36901736375dcb1bc4a121a2
BNCI2014-001,3,riemann_lr,channel_dropout,all_channels,2,0.5,1,22,11,0.5,0.9631391200951249,0.30339475782804215,0.36166934555741037,0.3.2,participant,,,,,,b86ad3d586a53a1c8327c50145dfc03932f2ea9b36901736375dcb1bc4a121a2
BNCI2014-001,3,riemann_lr,channel_dropout,all_channels,2,0.5,2,22,11,0.5,0.9334126040428062,0.46214782379034264,0.47215089376688685,0.3.2,participant,,,,,,b86ad3d586a53a1c8327c50145dfc03932f2ea9b36901736375dcb1bc4a121a2
BNCI2014-001,3,riemann_lr,channel_dropout,all_channels,2,0.5,3,22,11,0.5344827586206896,0.9797859690844233,0.25410766132563667,0.3215090285191572,0.3.2,participant,,,,,,b86ad3d586a53a1c8327c50145dfc03932f2ea9b36901736375dcb1bc4a121a2
BNCI2014-001,3,riemann_lr,channel_dropout,all_channels,2,0.5,4,22,11,0.5,0.8418549346016647,0.4805107776519727,0.4856985814300132,0.3.2,participant,,,,,,b86ad3d586a53a1c8327c50145dfc03932f2ea9b36901736375dcb1bc4a121a2
BNCI2014-001,3,riemann_lr,channel_dropout,all_channels,2,0.5,5,22,11,0.5,0.9346016646848989,0.4740479634222695,0.4827504809616474,0.3.2,participant,,,,,,b86ad3d586a53a1c8327c50145dfc03932f2ea9b36901736375dcb1bc4a121a2
BNCI2014-001,3,riemann_lr,channel_dropout,all_channels,2,0.5,6,22,11,0.5,0.9274673008323425,0.3091279689135895,0.34368556030762687,0.3.2,participant,,,,,,b86ad3d586a53a1c8327c50145dfc03932f2ea9b36901736375dcb1bc4a121a2
BNCI2014-001,3,riemann_lr,channel_dropout,all_channels,2,0.5,7,22,11,0.5,0.9024970273483948,0.49806801166531983,0.49852253136399005,0.3.2,participant,,,,,,b86ad3d586a53a1c8327c50145dfc03932f2ea9b36901736375dcb1bc4a121a2
BNCI2014-001,3,riemann_lr,channel_dropout,all_channels,2,0.5,8,22,11,0.5,0.7502972651605231,0.499900615524141,0.4999202264841354,0.3.2,participant,,,,,,b86ad3d586a53a1c8327c50145dfc03932f2ea9b36901736375dcb1bc4a121a2
BNCI2014-001,3,riemann_lr,channel_dropout,all_channels,2,0.5,9,22,11,0.5,0.9785969084423305,0.29269910376727704,0.3578244552889779,0.3.2,participant,,,,,,b86ad3d586a53a1c8327c50145dfc03932f2ea9b36901736375dcb1bc4a121a2
BNCI2014-001,3,riemann_lr,clean,all_channels,3,0.0,0,22,0,0.9482758620689655,0.990487514863258,0.04355244629902807,0.096032976412175,0.3.2,participant,,,,,,b86ad3d586a53a1c8327c50145dfc03932f2ea9b36901736375dcb1bc4a121a2
BNCI2014-001,3,riemann_lr,channel_dropout,all_channels,3,0.1,0,22,2,0.5862068965517242,0.9976218787158144,0.2579230782989682,0.34123776972404385,0.3.2,participant,,,,,,b86ad3d586a53a1c8327c50145dfc03932f2ea9b36901736375dcb1bc4a121a2
BNCI2014-001,3,riemann_lr,channel_dropout,all_channels,3,0.1,1,22,2,0.7413793103448276,0.9845422116527943,0.1548019332113526,0.24549637822656556,0.3.2,participant,,,,,,b86ad3d586a53a1c8327c50145dfc03932f2ea9b36901736375dcb1bc4a121a2
BNCI2014-001,3,riemann_lr,channel_dropout,all_channels,3,0.1,2,22,2,0.8103448275862069,0.9940546967895363,0.12254313791253832,0.193562141098382,0.3.2,participant,,,,,,b86ad3d586a53a1c8327c50145dfc03932f2ea9b36901736375dcb1bc4a121a2
BNCI2014-001,3,riemann_lr,channel_dropout,all_channels,3,0.1,3,22,2,0.5,0.9940546967895363,0.4804582114991481,0.4898496670103105,0.3.2,participant,,,,,,b86ad3d586a53a1c8327c50145dfc03932f2ea9b36901736375dcb1bc4a121a2
BNCI2014-001,3,riemann_lr,channel_dropout,all_channels,3,0.1,4,22,2,0.9310344827586207,0.9892984542211654,0.05311810404526489,0.10361679567374193,0.3.2,participant,,,,,,b86ad3d586a53a1c8327c50145dfc03932f2ea9b36901736375dcb1bc4a121a2
BNCI2014-001,3,riemann_lr,channel_dropout,all_channels,3,0.1,5,22,2,0.9655172413793103,0.9916765755053508,0.053800510082349436,0.12757825883623491,0.3.2,participant,,,,,,b86ad3d586a53a1c8327c50145dfc03932f2ea9b36901736375dcb1bc4a121a2
BNCI2014-001,3,riemann_lr,channel_dropout,all_channels,3,0.1,6,22,2,0.5517241379310345,0.990487514863258,0.28128667192060275,0.35826060286924644,0.3.2,participant,,,,,,b86ad3d586a53a1c8327c50145dfc03932f2ea9b36901736375dcb1bc4a121a2
BNCI2014-001,3,riemann_lr,channel_dropout,all_channels,3,0.1,7,22,2,0.9137931034482758,0.9988109393579073,0.07075641194637747,0.1525638087813017,0.3.2,participant,,,,,,b86ad3d586a53a1c8327c50145dfc03932f2ea9b36901736375dcb1bc4a121a2
BNCI2014-001,3,riemann_lr,channel_dropout,all_channels,3,0.1,8,22,2,0.5689655172413793,0.9785969084423305,0.3212897967743238,0.3848183275642,0.3.2,participant,,,,,,b86ad3d586a53a1c8327c50145dfc03932f2ea9b36901736375dcb1bc4a121a2
BNCI2014-001,3,riemann_lr,channel_dropout,all_channels,3,0.1,9,22,2,0.7413793103448276,0.9845422116527943,0.1548019332113526,0.24549637822656556,0.3.2,participant,,,,,,b86ad3d586a53a1c8327c50145dfc03932f2ea9b36901736375dcb1bc4a121a2
BNCI2014-001,3,riemann_lr,channel_dropout,all_channels,3,0.2,0,22,4,0.7931034482758621,0.9869203329369798,0.1300380772179535,0.21890929100466547,0.3.2,participant,,,,,,b86ad3d586a53a1c8327c50145dfc03932f2ea9b36901736375dcb1bc4a121a2
BNCI2014-001,3,riemann_lr,channel_dropout,all_channels,3,0.2,1,22,4,0.7931034482758621,0.9988109393579073,0.13914971512634042,0.27780792722652026,0.3.2,participant,,,,,,b86ad3d586a53a1c8327c50145dfc03932f2ea9b36901736375dcb1bc4a121a2
BNCI2014-001,3,riemann_lr,channel_dropout,all_channels,3,0.2,2,22,4,0.5689655172413793,0.9964328180737217,0.2628073880774963,0.3426776169510689,0.3.2,participant,,,,,,b86ad3d586a53a1c8327c50145dfc03932f2ea9b36901736375dcb1bc4a121a2
BNCI2014-001,3,riemann_lr,channel_dropout,all_channels,3,0.2,3,22,4,0.7931034482758621,0.9940546967895363,0.12991365691155238,0.27033328402597007,0.3.2,participant,,,,,,b86ad3d586a53a1c8327c50145dfc03932f2ea9b36901736375dcb1bc4a121a2
BNCI2014-001,3,riemann_lr,channel_dropout,all_channels,3,0.2,4,22,4,0.6724137931034483,0.9964328180737217,0.1870648750989276,0.27296149039592627,0.3.2,participant,,,,,,b86ad3d586a53a1c8327c50145dfc03932f2ea9b36901736375dcb1bc4a121a2
BNCI2014-001,3,riemann_lr,channel_dropout,all_channels,3,0.2,5,22,4,0.5,0.9964328180737217,0.41984174918722816,0.45493048370067923,0.3.2,participant,,,,,,b86ad3d586a53a1c8327c50145dfc03932f2ea9b36901736375dcb1bc4a121a2
BNCI2014-001,3,riemann_lr,channel_dropout,all_channels,3,0.2,6,22,4,0.5517241379310345,0.995243757431629,0.32567995007566536,0.3876960751674119,0.3.2,participant,,,,,,b86ad3d586a53a1c8327c50145dfc03932f2ea9b36901736375dcb1bc4a121a2
BNCI2014-001,3,riemann_lr,channel_dropout,all_channels,3,0.2,7,22,4,0.9482758620689655,0.9869203329369798,0.07140008685713431,0.163172790727957,0.3.2,participant,,,,,,b86ad3d586a53a1c8327c50145dfc03932f2ea9b36901736375dcb1bc4a121a2
BNCI2014-001,3,riemann_lr,channel_dropout,all_channels,3,0.2,8,22,4,0.9482758620689655,0.990487514863258,0.10080955036343686,0.21699113251817417,0.3.2,participant,,,,,,b86ad3d586a53a1c8327c50145dfc03932f2ea9b36901736375dcb1bc4a121a2
BNCI2014-001,3,riemann_lr,channel_dropout,all_channels,3,0.2,9,22,4,0.5,0.971462544589774,0.4970422247809742,0.49843038314312976,0.3.2,participant,,,,,,b86ad3d586a53a1c8327c50145dfc03932f2ea9b36901736375dcb1bc4a121a2
BNCI2014-001,3,riemann_lr,channel_dropout,all_channels,3,0.3,0,22,7,0.5,0.9881093935790726,0.4177826280123895,0.45140225785024185,0.3.2,participant,,,,,,b86ad3d586a53a1c8327c50145dfc03932f2ea9b36901736375dcb1bc4a121a2
BNCI2014-001,3,riemann_lr,channel_dropout,all_channels,3,0.3,1,22,7,0.5,0.9024970273483948,0.4560508585602249,0.470460758510335,0.3.2,participant,,,,,,b86ad3d586a53a1c8327c50145dfc03932f2ea9b36901736375dcb1bc4a121a2
BNCI2014-001,3,riemann_lr,channel_dropout,all_channels,3,0.3,2,22,7,0.5172413793103449,0.985731272294887,0.24828986550790583,0.32333317482324997,0.3.2,participant,,,,,,b86ad3d586a53a1c8327c50145dfc03932f2ea9b36901736375dcb1bc4a121a2
BNCI2014-001,3,riemann_lr,channel_dropout,all_channels,3,0.3,3,22,7,0.8620689655172413,0.9738406658739596,0.11383349247151445,0.1660776253716188,0.3.2,participant,,,,,,b86ad3d586a53a1c8327c50145dfc03932f2ea9b36901736375dcb1bc4a121a2
BNCI2014-001,3,riemann_lr,channel_dropout,all_channels,3,0.3,4,22,7,0.5,0.9560047562425684,0.4597784408270783,0.477165859103767,0.3.2,participant,,,,,,b86ad3d586a53a1c8327c50145dfc03932f2ea9b36901736375dcb1bc4a121a2
BNCI2014-001,3,riemann_lr,channel_dropout,all_channels,3,0.3,5,22,7,0.5,0.9964328180737217,0.2964353784659631,0.36834808768021093,0.3.2,participant,,,,,,b86ad3d586a53a1c8327c50145dfc03932f2ea9b36901736375dcb1bc4a121a2
BNCI2014-001,3,riemann_lr,channel_dropout,all_channels,3,0.3,6,22,7,0.5,0.9750297265160524,0.3316565445876857,0.38428722894498596,0.3.2,participant,,,,,,b86ad3d586a53a1c8327c50145dfc03932f2ea9b36901736375dcb1bc4a121a2
BNCI2014-001,3,riemann_lr,channel_dropout,all_channels,3,0.3,7,22,7,0.603448275862069,0.9928656361474435,0.1885173149314093,0.2938340808077041,0.3.2,participant,,,,,,b86ad3d586a53a1c8327c50145dfc03932f2ea9b36901736375dcb1bc4a121a2
BNCI2014-001,3,riemann_lr,channel_dropout,all_channels,3,0.3,8,22,7,0.5,0.8810939357907253,0.4996112053334715,0.49977785756406573,0.3.2,participant,,,,,,b86ad3d586a53a1c8327c50145dfc03932f2ea9b36901736375dcb1bc4a121a2
BNCI2014-001,3,riemann_lr,channel_dropout,all_channels,3,0.3,9,22,7,0.5172413793103449,0.9928656361474436,0.38062171510948123,0.4283301764172869,0.3.2,participant,,,,,,b86ad3d586a53a1c8327c50145dfc03932f2ea9b36901736375dcb1bc4a121a2
BNCI2014-001,3,riemann_lr,channel_dropout,all_channels,3,0.5,0,22,11,0.5,0.9881093935790725,0.30462690203537074,0.39671918229935327,0.3.2,participant,,,,,,b86ad3d586a53a1c8327c50145dfc03932f2ea9b36901736375dcb1bc4a121a2
BNCI2014-001,3,riemann_lr,channel_dropout,all_channels,3,0.5,1,22,11,0.5,0.8585017835909632,0.49936248755921464,0.4995626982806094,0.3.2,participant,,,,,,b86ad3d586a53a1c8327c50145dfc03932f2ea9b36901736375dcb1bc4a121a2
BNCI2014-001,3,riemann_lr,channel_dropout,all_channels,3,0.5,2,22,11,0.5,0.8335315101070154,0.483103721171775,0.48653585881113925,0.3.2,participant,,,,,,b86ad3d586a53a1c8327c50145dfc03932f2ea9b36901736375dcb1bc4a121a2
BNCI2014-001,3,riemann_lr,channel_dropout,all_channels,3,0.5,3,22,11,0.5,0.8941736028537455,0.49075651979975743,0.49206113823495845,0.3.2,participant,,,,,,b86ad3d586a53a1c8327c50145dfc03932f2ea9b36901736375dcb1bc4a121a2
BNCI2014-001,3,riemann_lr,channel_dropout,all_channels,3,0.5,4,22,11,0.5,0.9346016646848989,0.44895688239738263,0.46534339372505207,0.3.2,participant,,,,,,b86ad3d586a53a1c8327c50145dfc03932f2ea9b36901736375dcb1bc4a121a2
BNCI2014-001,3,riemann_lr,channel_dropout,all_channels,3,0.5,5,22,11,0.5,0.8002378121284186,0.4200703919675842,0.43661502911636013,0.3.2,participant,,,,,,b86ad3d586a53a1c8327c50145dfc03932f2ea9b36901736375dcb1bc4a121a2
BNCI2014-001,3,riemann_lr,channel_dropout,all_channels,3,0.5,6,22,11,0.5344827586206896,0.9524375743162902,0.2569886423590871,0.31525213397000984,0.3.2,participant,,,,,,b86ad3d586a53a1c8327c50145dfc03932f2ea9b36901736375dcb1bc4a121a2
BNCI2014-001,3,riemann_lr,channel_dropout,all_channels,3,0.5,7,22,11,0.5,0.9845422116527942,0.4891632615166947,0.4938314704911665,0.3.2,participant,,,,,,b86ad3d586a53a1c8327c50145dfc03932f2ea9b36901736375dcb1bc4a121a2
BNCI2014-001,3,riemann_lr,channel_dropout,all_channels,3,0.5,8,22,11,0.5689655172413793,0.9274673008323425,0.21308802549651187,0.30476284239180135,0.3.2,participant,,,,,,b86ad3d586a53a1c8327c50145dfc03932f2ea9b36901736375dcb1bc4a121a2
BNCI2014-001,3,riemann_lr,channel_dropout,all_channels,3,0.5,9,22,11,0.5,0.8454221165279429,0.471685487661028,0.47717190844103036,0.3.2,participant,,,,,,b86ad3d586a53a1c8327c50145dfc03932f2ea9b36901736375dcb1bc4a121a2
BNCI2014-001,3,riemann_lr,clean,all_channels,4,0.0,0,22,0,0.9649014778325123,0.9926108374384237,0.034512415760635726,0.05791116382960314,0.3.2,participant,,,,,,b86ad3d586a53a1c8327c50145dfc03932f2ea9b36901736375dcb1bc4a121a2
BNCI2014-001,3,riemann_lr,channel_dropout,all_channels,4,0.1,0,22,2,0.8275862068965517,0.9852216748768473,0.11823727590913148,0.18386786862278143,0.3.2,participant,,,,,,b86ad3d586a53a1c8327c50145dfc03932f2ea9b36901736375dcb1bc4a121a2
BNCI2014-001,3,riemann_lr,channel_dropout,all_channels,4,0.1,1,22,2,0.8392857142857143,0.9901477832512315,0.09666089967984043,0.17732885899952658,0.3.2,participant,,,,,,b86ad3d586a53a1c8327c50145dfc03932f2ea9b36901736375dcb1bc4a121a2
BNCI2014-001,3,riemann_lr,channel_dropout,all_channels,4,0.1,2,22,2,0.6607142857142857,0.9913793103448276,0.20023690007751904,0.27579556207537015,0.3.2,participant,,,,,,b86ad3d586a53a1c8327c50145dfc03932f2ea9b36901736375dcb1bc4a121a2
BNCI2014-001,3,riemann_lr,channel_dropout,all_channels,4,0.1,3,22,2,0.9649014778325123,0.998768472906404,0.035598114168956536,0.07179402340092714,0.3.2,participant,,,,,,b86ad3d586a53a1c8327c50145dfc03932f2ea9b36901736375dcb1bc4a121a2
BNCI2014-001,3,riemann_lr,channel_dropout,all_channels,4,0.1,4,22,2,0.7678571428571428,0.9827586206896552,0.14262402066185145,0.211843043153881,0.3.2,participant,,,,,,b86ad3d586a53a1c8327c50145dfc03932f2ea9b36901736375dcb1bc4a121a2
BNCI2014-001,3,riemann_lr,channel_dropout,all_channels,4,0.1,5,22,2,0.5,0.9852216748768473,0.4828018214117997,0.4868766109181085,0.3.2,participant,,,,,,b86ad3d586a53a1c8327c50145dfc03932f2ea9b36901736375dcb1bc4a121a2
BNCI2014-001,3,riemann_lr,channel_dropout,all_channels,4,0.1,6,22,2,0.7068965517241379,0.9704433497536946,0.18610789067197708,0.2571433921826965,0.3.2,participant,,,,,,b86ad3d586a53a1c8327c50145dfc03932f2ea9b36901736375dcb1bc4a121a2
BNCI2014-001,3,riemann_lr,channel_dropout,all_channels,4,0.1,7,22,2,0.9470443349753694,0.9889162561576355,0.0496459992925111,0.10231281316461205,0.3.2,participant,,,,,,b86ad3d586a53a1c8327c50145dfc03932f2ea9b36901736375dcb1bc4a121a2
BNCI2014-001,3,riemann_lr,channel_dropout,all_channels,4,0.1,8,22,2,0.5357142857142857,0.9913793103448276,0.3657706596417947,0.4145872747078251,0.3.2,participant,,,,,,b86ad3d586a53a1c8327c50145dfc03932f2ea9b36901736375dcb1bc4a121a2
BNCI2014-001,3,riemann_lr,channel_dropout,all_channels,4,0.1,9,22,2,0.9470443349753694,0.9889162561576355,0.0594372773163915,0.12597579526799915,0.3.2,participant,,,,,,b86ad3d586a53a1c8327c50145dfc03932f2ea9b36901736375dcb1bc4a121a2
BNCI2014-001,3,riemann_lr,channel_dropout,all_channels,4,0.2,0,22,4,0.5714285714285714,0.9704433497536946,0.2633354264252933,0.3290729034380939,0.3.2,participant,,,,,,b86ad3d586a53a1c8327c50145dfc03932f2ea9b36901736375dcb1bc4a121a2
BNCI2014-001,3,riemann_lr,channel_dropout,all_channels,4,0.2,1,22,4,0.5344827586206896,0.956896551724138,0.33063693440161857,0.39130146621460227,0.3.2,participant,,,,,,b86ad3d586a53a1c8327c50145dfc03932f2ea9b36901736375dcb1bc4a121a2
BNCI2014-001,3,riemann_lr,channel_dropout,all_channels,4,0.2,2,22,4,0.7758620689655172,0.9827586206896552,0.14436216467601048,0.2142772467147661,0.3.2,participant,,,,,,b86ad3d586a53a1c8327c50145dfc03932f2ea9b36901736375dcb1bc4a121a2
BNCI2014-001,3,riemann_lr,channel_dropout,all_channels,4,0.2,3,22,4,0.8220443349753694,0.9605911330049262,0.117689416924685,0.18023900195277834,0.3.2,participant,,,,,,b86ad3d586a53a1c8327c50145dfc03932f2ea9b36901736375dcb1bc4a121a2
BNCI2014-001,3,riemann_lr,channel_dropout,all_channels,4,0.2,4,22,4,0.8214285714285714,0.9864532019704433,0.10880553591159361,0.2080662576701774,0.3.2,participant,,,,,,b86ad3d586a53a1c8327c50145dfc03932f2ea9b36901736375dcb1bc4a121a2
BNCI2014-001,3,riemann_lr,channel_dropout,all_channels,4,0.2,5,22,4,0.5,0.9913793103448275,0.48983764352234815,0.49050238869686325,0.3.2,participant,,,,,,b86ad3d586a53a1c8327c50145dfc03932f2ea9b36901736375dcb1bc4a121a2
BNCI2014-001,3,riemann_lr,channel_dropout,all_channels,4,0.2,6,22,4,0.5,0.9876847290640394,0.49066734774976933,0.49093950289193883,0.3.2,participant,,,,,,b86ad3d586a53a1c8327c50145dfc03932f2ea9b36901736375dcb1bc4a121a2
BNCI2014-001,3,riemann_lr,channel_dropout,all_channels,4,0.2,7,22,4,0.5,0.9913793103448275,0.48985550006349415,0.4905148076671229,0.3.2,participant,,,,,,b86ad3d586a53a1c8327c50145dfc03932f2ea9b36901736375dcb1bc4a121a2
BNCI2014-001,3,riemann_lr,channel_dropout,all_channels,4,0.2,8,22,4,0.625,0.9926108374384237,0.22006801509141236,0.3278059864951606,0.3.2,participant,,,,,,b86ad3d586a53a1c8327c50145dfc03932f2ea9b36901736375dcb1bc4a121a2
BNCI2014-001,3,riemann_lr,channel_dropout,all_channels,4,0.2,9,22,4,0.9476600985221675,0.9815270935960592,0.05674982998642611,0.11604618377595613,0.3.2,participant,,,,,,b86ad3d586a53a1c8327c50145dfc03932f2ea9b36901736375dcb1bc4a121a2
BNCI2014-001,3,riemann_lr,channel_dropout,all_channels,4,0.3,0,22,7,0.5,0.9938423645320197,0.4954070626720252,0.50024541975945,0.3.2,participant,,,,,,b86ad3d586a53a1c8327c50145dfc03932f2ea9b36901736375dcb1bc4a121a2
BNCI2014-001,3,riemann_lr,channel_dropout,all_channels,4,0.3,1,22,7,0.5172413793103449,0.9482758620689655,0.3432887889375768,0.39747504632501396,0.3.2,participant,,,,,,b86ad3d586a53a1c8327c50145dfc03932f2ea9b36901736375dcb1bc4a121a2
BNCI2014-001,3,riemann_lr,channel_dropout,all_channels,4,0.3,2,22,7,0.5535714285714286,0.9716748768472906,0.23456319302179632,0.2946458395620286,0.3.2,participant,,,,,,b86ad3d586a53a1c8327c50145dfc03932f2ea9b36901736375dcb1bc4a121a2
BNCI2014-001,3,riemann_lr,channel_dropout,all_channels,4,0.3,3,22,7,0.5,0.9544334975369458,0.4891929066128573,0.49003083258899083,0.3.2,participant,,,,,,b86ad3d586a53a1c8327c50145dfc03932f2ea9b36901736375dcb1bc4a121a2
BNCI2014-001,3,riemann_lr,channel_dropout,all_channels,4,0.3,4,22,7,0.5,0.9544334975369457,0.4829150903089459,0.48619075792271266,0.3.2,participant,,,,,,b86ad3d586a53a1c8327c50145dfc03932f2ea9b36901736375dcb1bc4a121a2
BNCI2014-001,3,riemann_lr,channel_dropout,all_channels,4,0.3,5,22,7,0.9298029556650247,0.9692118226600985,0.07685862149090289,0.12309700627625404,0.3.2,participant,,,,,,b86ad3d586a53a1c8327c50145dfc03932f2ea9b36901736375dcb1bc4a121a2
BNCI2014-001,3,riemann_lr,channel_dropout,all_channels,4,0.3,6,22,7,0.7684729064039408,0.9729064039408868,0.1353887134545618,0.23505036481862646,0.3.2,participant,,,,,,b86ad3d586a53a1c8327c50145dfc03932f2ea9b36901736375dcb1bc4a121a2
BNCI2014-001,3,riemann_lr,channel_dropout,all_channels,4,0.3,7,22,7,0.5172413793103449,0.9458128078817735,0.34459341826449924,0.3961579424509072,0.3.2,participant,,,,,,b86ad3d586a53a1c8327c50145dfc03932f2ea9b36901736375dcb1bc4a121a2
BNCI2014-001,3,riemann_lr,channel_dropout,all_channels,4,0.3,8,22,7,0.7857142857142857,0.9655172413793104,0.13930683714537467,0.24772782092164405,0.3.2,participant,,,,,,b86ad3d586a53a1c8327c50145dfc03932f2ea9b36901736375dcb1bc4a121a2
BNCI2014-001,3,riemann_lr,channel_dropout,all_channels,4,0.3,9,22,7,0.5714285714285714,0.9827586206896552,0.2084213920627165,0.3210411168305693,0.3.2,participant,,,,,,b86ad3d586a53a1c8327c50145dfc03932f2ea9b36901736375dcb1bc4a121a2
BNCI2014-001,3,riemann_lr,channel_dropout,all_channels,4,0.5,0,22,11,0.8399014778325123,0.9224137931034482,0.1969845474739455,0.2698053273507634,0.3.2,participant,,,,,,b86ad3d586a53a1c8327c50145dfc03932f2ea9b36901736375dcb1bc4a121a2
BNCI2014-001,3,riemann_lr,channel_dropout,all_channels,4,0.5,1,22,11,0.5,0.958128078817734,0.46578463382653434,0.4744332817875886,0.3.2,participant,,,,,,b86ad3d586a53a1c8327c50145dfc03932f2ea9b36901736375dcb1bc4a121a2
BNCI2014-001,3,riemann_lr,channel_dropout,all_channels,4,0.5,2,22,11,0.5,0.7783251231527093,0.41695085215840383,0.4262414743473781,0.3.2,participant,,,,,,b86ad3d586a53a1c8327c50145dfc03932f2ea9b36901736375dcb1bc4a121a2
BNCI2014-001,3,riemann_lr,channel_dropout,all_channels,4,0.5,3,22,11,0.5,0.9655172413793104,0.3886213317252778,0.42345382272289717,0.3.2,participant,,,,,,b86ad3d586a53a1c8327c50145dfc03932f2ea9b36901736375dcb1bc4a121a2
BNCI2014-001,3,riemann_lr,channel_dropout,all_channels,4,0.5,4,22,11,0.5,0.9310344827586208,0.4910957541077744,0.4911416015446152,0.3.2,participant,,,,,,b86ad3d586a53a1c8327c50145dfc03932f2ea9b36901736375dcb1bc4a121a2
BNCI2014-001,3,riemann_lr,channel_dropout,all_channels,4,0.5,5,22,11,0.5,0.9273399014778325,0.36850934556936016,0.38525555574748704,0.3.2,participant,,,,,,b86ad3d586a53a1c8327c50145dfc03932f2ea9b36901736375dcb1bc4a121a2
BNCI2014-001,3,riemann_lr,channel_dropout,all_channels,4,0.5,6,22,11,0.6964285714285714,0.9618226600985221,0.17677808885697863,0.2904703257888096,0.3.2,participant,,,,,,b86ad3d586a53a1c8327c50145dfc03932f2ea9b36901736375dcb1bc4a121a2
BNCI2014-001,3,riemann_lr,channel_dropout,all_channels,4,0.5,7,22,11,0.5,0.976600985221675,0.3387482290973628,0.3714227529974412,0.3.2,participant,,,,,,b86ad3d586a53a1c8327c50145dfc03932f2ea9b36901736375dcb1bc4a121a2
BNCI2014-001,3,riemann_lr,channel_dropout,all_channels,4,0.5,8,22,11,0.5,0.9347290640394089,0.4909876862629123,0.4910822102589559,0.3.2,participant,,,,,,b86ad3d586a53a1c8327c50145dfc03932f2ea9b36901736375dcb1bc4a121a2
BNCI2014-001,3,riemann_lr,channel_dropout,all_channels,4,0.5,9,22,11,0.5,0.980295566502463,0.3415520044227079,0.3825961774348338,0.3.2,participant,,,,,,b86ad3d586a53a1c8327c50145dfc03932f2ea9b36901736375dcb1bc4a121a2
BNCI2014-001,3,riemann_lr,clean,all_channels,5,0.0,0,22,0,0.9827586206896552,1.0,0.021100316676334295,0.07247387873227996,0.3.2,participant,,,,,,b86ad3d586a53a1c8327c50145dfc03932f2ea9b36901736375dcb1bc4a121a2
BNCI2014-001,3,riemann_lr,channel_dropout,all_channels,5,0.1,0,22,2,0.625,1.0,0.24646973559191668,0.3286710133231966,0.3.2,participant,,,,,,b86ad3d586a53a1c8327c50145dfc03932f2ea9b36901736375dcb1bc4a121a2
BNCI2014-001,3,riemann_lr,channel_dropout,all_channels,5,0.1,1,22,2,0.8275862068965517,1.0,0.10596992168908276,0.20912530947379762,0.3.2,participant,,,,,,b86ad3d586a53a1c8327c50145dfc03932f2ea9b36901736375dcb1bc4a121a2
BNCI2014-001,3,riemann_lr,channel_dropout,all_channels,5,0.1,2,22,2,0.9482758620689655,1.0,0.05366885029617635,0.16378091903659198,0.3.2,participant,,,,,,b86ad3d586a53a1c8327c50145dfc03932f2ea9b36901736375dcb1bc4a121a2
BNCI2014-001,3,riemann_lr,channel_dropout,all_channels,5,0.1,3,22,2,0.8928571428571428,1.0,0.07676892497032678,0.17876189936764644,0.3.2,participant,,,,,,b86ad3d586a53a1c8327c50145dfc03932f2ea9b36901736375dcb1bc4a121a2
BNCI2014-001,3,riemann_lr,channel_dropout,all_channels,5,0.1,4,22,2,0.7068965517241379,1.0,0.17655867472502246,0.27283162568577163,0.3.2,participant,,,,,,b86ad3d586a53a1c8327c50145dfc03932f2ea9b36901736375dcb1bc4a121a2
BNCI2014-001,3,riemann_lr,channel_dropout,all_channels,5,0.1,5,22,2,0.9137931034482758,0.9963054187192119,0.08284928528778292,0.1953632873341907,0.3.2,participant,,,,,,b86ad3d586a53a1c8327c50145dfc03932f2ea9b36901736375dcb1bc4a121a2
BNCI2014-001,3,riemann_lr,channel_dropout,all_channels,5,0.1,6,22,2,0.603448275862069,1.0,0.24226799128429885,0.33145284418301635,0.3.2,participant,,,,,,b86ad3d586a53a1c8327c50145dfc03932f2ea9b36901736375dcb1bc4a121a2
BNCI2014-001,3,riemann_lr,channel_dropout,all_channels,5,0.1,7,22,2,0.7586206896551724,0.9987684729064039,0.14985127391176464,0.24393952255588472,0.3.2,participant,,,,,,b86ad3d586a53a1c8327c50145dfc03932f2ea9b36901736375dcb1bc4a121a2
BNCI2014-001,3,riemann_lr,channel_dropout,all_channels,5,0.1,8,22,2,0.7931034482758621,0.9987684729064039,0.14062734885995207,0.23298095855435505,0.3.2,participant,,,,,,b86ad3d586a53a1c8327c50145dfc03932f2ea9b36901736375dcb1bc4a121a2
BNCI2014-001,3,riemann_lr,channel_dropout,all_channels,5,0.1,9,22,2,0.7758620689655172,0.9901477832512315,0.1524484845275248,0.23138450279851902,0.3.2,participant,,,,,,b86ad3d586a53a1c8327c50145dfc03932f2ea9b36901736375dcb1bc4a121a2
BNCI2014-001,3,riemann_lr,channel_dropout,all_channels,5,0.2,0,22,4,0.5,0.9926108374384236,0.4774624157263504,0.4839170858115105,0.3.2,participant,,,,,,b86ad3d586a53a1c8327c50145dfc03932f2ea9b36901736375dcb1bc4a121a2
BNCI2014-001,3,riemann_lr,channel_dropout,all_channels,5,0.2,1,22,4,0.8035714285714286,0.9987684729064039,0.11700804910075058,0.21857899809561007,0.3.2,participant,,,,,,b86ad3d586a53a1c8327c50145dfc03932f2ea9b36901736375dcb1bc4a121a2
BNCI2014-001,3,riemann_lr,channel_dropout,all_channels,5,0.2,2,22,4,0.9107142857142857,1.0,0.05542305004219056,0.1667759855839513,0.3.2,participant,,,,,,b86ad3d586a53a1c8327c50145dfc03932f2ea9b36901736375dcb1bc4a121a2
BNCI2014-001,3,riemann_lr,channel_dropout,all_channels,5,0.2,3,22,4,0.5,0.9926108374384236,0.4774624157263504,0.4839170858115105,0.3.2,participant,,,,,,b86ad3d586a53a1c8327c50145dfc03932f2ea9b36901736375dcb1bc4a121a2
BNCI2014-001,3,riemann_lr,channel_dropout,all_channels,5,0.2,4,22,4,0.5517241379310345,0.9987684729064039,0.3085612578880443,0.3850223259715104,0.3.2,participant,,,,,,b86ad3d586a53a1c8327c50145dfc03932f2ea9b36901736375dcb1bc4a121a2
BNCI2014-001,3,riemann_lr,channel_dropout,all_channels,5,0.2,5,22,4,0.5172413793103449,0.9963054187192119,0.37680194836493286,0.4260374826107146,0.3.2,participant,,,,,,b86ad3d586a53a1c8327c50145dfc03932f2ea9b36901736375dcb1bc4a121a2
BNCI2014-001,3,riemann_lr,channel_dropout,all_channels,5,0.2,6,22,4,0.9310344827586207,0.981527093596059,0.12437251432074485,0.2476933739096229,0.3.2,participant,,,,,,b86ad3d586a53a1c8327c50145dfc03932f2ea9b36901736375dcb1bc4a121a2
BNCI2014-001,3,riemann_lr,channel_dropout,all_channels,5,0.2,7,22,4,0.8928571428571428,0.9975369458128079,0.07243390200920455,0.1749916465056197,0.3.2,participant,,,,,,b86ad3d586a53a1c8327c50145dfc03932f2ea9b36901736375dcb1bc4a121a2
BNCI2014-001,3,riemann_lr,channel_dropout,all_channels,5,0.2,8,22,4,0.5714285714285714,0.9963054187192119,0.26155337895592173,0.3412596590091803,0.3.2,participant,,,,,,b86ad3d586a53a1c8327c50145dfc03932f2ea9b36901736375dcb1bc4a121a2
BNCI2014-001,3,riemann_lr,channel_dropout,all_channels,5,0.2,9,22,4,0.603448275862069,0.9901477832512315,0.23901954022824304,0.34685547405586403,0.3.2,participant,,,,,,b86ad3d586a53a1c8327c50145dfc03932f2ea9b36901736375dcb1bc4a121a2
BNCI2014-001,3,riemann_lr,channel_dropout,all_channels,5,0.3,0,22,7,0.5,0.960591133004926,0.47747897686546825,0.4829122605862406,0.3.2,participant,,,,,,b86ad3d586a53a1c8327c50145dfc03932f2ea9b36901736375dcb1bc4a121a2
BNCI2014-001,3,riemann_lr,channel_dropout,all_channels,5,0.3,1,22,7,0.5,0.9285714285714286,0.27253060742664537,0.32923947128424674,0.3.2,participant,,,,,,b86ad3d586a53a1c8327c50145dfc03932f2ea9b36901736375dcb1bc4a121a2
BNCI2014-001,3,riemann_lr,channel_dropout,all_channels,5,0.3,2,22,7,0.875,0.9839901477832513,0.11125216223637793,0.22278156206419356,0.3.2,participant,,,,,,b86ad3d586a53a1c8327c50145dfc03932f2ea9b36901736375dcb1bc4a121a2
BNCI2014-001,3,riemann_lr,channel_dropout,all_channels,5,0.3,3,22,7,0.5,0.9864532019704433,0.5082796233137079,0.5085015636287991,0.3.2,participant,,,,,,b86ad3d586a53a1c8327c50145dfc03932f2ea9b36901736375dcb1bc4a121a2
BNCI2014-001,3,riemann_lr,channel_dropout,all_channels,5,0.3,4,22,7,0.5,0.9876847290640395,0.48191819536094027,0.49331504800082293,0.3.2,participant,,,,,,b86ad3d586a53a1c8327c50145dfc03932f2ea9b36901736375dcb1bc4a121a2
BNCI2014-001,3,riemann_lr,channel_dropout,all_channels,5,0.3,5,22,7,0.5,0.9273399014778325,0.4460828544822931,0.4590492350673777,0.3.2,participant,,,,,,b86ad3d586a53a1c8327c50145dfc03932f2ea9b36901736375dcb1bc4a121a2
BNCI2014-001,3,riemann_lr,channel_dropout,all_channels,5,0.3,6,22,7,0.5,0.938423645320197,0.4861809347032287,0.4883787787233981,0.3.2,participant,,,,,,b86ad3d586a53a1c8327c50145dfc03932f2ea9b36901736375dcb1bc4a121a2
BNCI2014-001,3,riemann_lr,channel_dropout,all_channels,5,0.3,7,22,7,0.5,0.9864532019704434,0.47467724594628635,0.4876723344002815,0.3.2,participant,,,,,,b86ad3d586a53a1c8327c50145dfc03932f2ea9b36901736375dcb1bc4a121a2
BNCI2014-001,3,riemann_lr,channel_dropout,all_channels,5,0.3,8,22,7,0.5,0.9963054187192119,0.49501743081703536,0.5011063031343429,0.3.2,participant,,,,,,b86ad3d586a53a1c8327c50145dfc03932f2ea9b36901736375dcb1bc4a121a2
BNCI2014-001,3,riemann_lr,channel_dropout,all_channels,5,0.3,9,22,7,0.5,0.9938423645320198,0.46312025729093104,0.4829709086977309,0.3.2,participant,,,,,,b86ad3d586a53a1c8327c50145dfc03932f2ea9b36901736375dcb1bc4a121a2
BNCI2014-001,3,riemann_lr,channel_dropout,all_channels,5,0.5,0,22,11,0.5,0.9421182266009853,0.4907608922286691,0.4909481172059762,0.3.2,participant,,,,,,b86ad3d586a53a1c8327c50145dfc03932f2ea9b36901736375dcb1bc4a121a2
BNCI2014-001,3,riemann_lr,channel_dropout,all_channels,5,0.5,1,22,11,0.7050492610837439,0.7967980295566504,0.21296102351875834,0.14200457360959812,0.3.2,participant,,,,,,b86ad3d586a53a1c8327c50145dfc03932f2ea9b36901736375dcb1bc4a121a2
BNCI2014-001,3,riemann_lr,channel_dropout,all_channels,5,0.5,2,22,11,0.9131773399014778,0.9913793103448276,0.16294688362097412,0.3065140300053863,0.3.2,participant,,,,,,b86ad3d586a53a1c8327c50145dfc03932f2ea9b36901736375dcb1bc4a121a2
BNCI2014-001,3,riemann_lr,channel_dropout,all_channels,5,0.5,3,22,11,0.5,0.6798029556650246,0.4361951460354938,0.43691352547759477,0.3.2,participant,,,,,,b86ad3d586a53a1c8327c50145dfc03932f2ea9b36901736375dcb1bc4a121a2
BNCI2014-001,3,riemann_lr,channel_dropout,all_channels,5,0.5,4,22,11,0.5,0.8817733990147784,0.288845739960006,0.2984318438440242,0.3.2,participant,,,,,,b86ad3d586a53a1c8327c50145dfc03932f2ea9b36901736375dcb1bc4a121a2
BNCI2014-001,3,riemann_lr,channel_dropout,all_channels,5,0.5,5,22,11,0.5,0.8842364532019704,0.4627454949723619,0.4697621240212282,0.3.2,participant,,,,,,b86ad3d586a53a1c8327c50145dfc03932f2ea9b36901736375dcb1bc4a121a2
BNCI2014-001,3,riemann_lr,channel_dropout,all_channels,5,0.5,6,22,11,0.5,0.9778325123152709,0.3636684877289192,0.4078299464946061,0.3.2,participant,,,,,,b86ad3d586a53a1c8327c50145dfc03932f2ea9b36901736375dcb1bc4a121a2
BNCI2014-001,3,riemann_lr,channel_dropout,all_channels,5,0.5,7,22,11,0.5,0.9544334975369457,0.44006804218399154,0.4588298893681229,0.3.2,participant,,,,,,b86ad3d586a53a1c8327c50145dfc03932f2ea9b36901736375dcb1bc4a121a2
BNCI2014-001,3,riemann_lr,channel_dropout,all_channels,5,0.5,8,22,11,0.7185960591133005,0.791871921182266,0.21834700878598828,0.15926474120350437,0.3.2,participant,,,,,,b86ad3d586a53a1c8327c50145dfc03932f2ea9b36901736375dcb1bc4a121a2
BNCI2014-001,3,riemann_lr,channel_dropout,all_channels,5,0.5,9,22,11,0.6428571428571428,0.9753694581280787,0.17681591720103257,0.28613177650587457,0.3.2,participant,,,,,,b86ad3d586a53a1c8327c50145dfc03932f2ea9b36901736375dcb1bc4a121a2
BNCI2014-001,3,riemann_lr,reduced_montage,motor_core,1,0.0,0,3,0,0.9655172413793103,0.9964328180737217,0.04788012128059458,0.13828529922615723,0.3.2,not_applicable,"C3,Cz,C4",,,,,b86ad3d586a53a1c8327c50145dfc03932f2ea9b36901736375dcb1bc4a121a2
BNCI2014-001,3,riemann_lr,reduced_montage,motor_core,2,0.0,0,3,0,0.8620689655172413,0.9667063020214031,0.08756146991105515,0.1070007778513359,0.3.2,not_applicable,"C3,Cz,C4",,,,,b86ad3d586a53a1c8327c50145dfc03932f2ea9b36901736375dcb1bc4a121a2
BNCI2014-001,3,riemann_lr,reduced_montage,motor_core,3,0.0,0,3,0,0.8620689655172413,0.9346016646848989,0.0958693830830029,0.080464357792329,0.3.2,not_applicable,"C3,Cz,C4",,,,,b86ad3d586a53a1c8327c50145dfc03932f2ea9b36901736375dcb1bc4a121a2
BNCI2014-001,3,riemann_lr,reduced_montage,motor_core,4,0.0,0,3,0,0.9298029556650247,0.979064039408867,0.06719694219867288,0.09976156014846613,0.3.2,not_applicable,"C3,Cz,C4",,,,,b86ad3d586a53a1c8327c50145dfc03932f2ea9b36901736375dcb1bc4a121a2
BNCI2014-001,3,riemann_lr,reduced_montage,motor_core,5,0.0,0,3,0,0.9125615763546798,0.9926108374384237,0.062117879873279595,0.16865556220289962,0.3.2,not_applicable,"C3,Cz,C4",,,,,b86ad3d586a53a1c8327c50145dfc03932f2ea9b36901736375dcb1bc4a121a2
BNCI2014-001,3,riemann_lr,reduced_montage,motor_extended,1,0.0,0,9,0,1.0,1.0,0.022227255720766517,0.10744508778488608,0.3.2,not_applicable,"FC3,FCz,FC4,C3,Cz,C4,CP3,CPz,CP4",,,,,b86ad3d586a53a1c8327c50145dfc03932f2ea9b36901736375dcb1bc4a121a2
BNCI2014-001,3,riemann_lr,reduced_montage,motor_extended,2,0.0,0,9,0,0.9827586206896552,0.9976218787158144,0.037071334877628266,0.1150768139688673,0.3.2,not_applicable,"FC3,FCz,FC4,C3,Cz,C4,CP3,CPz,CP4",,,,,b86ad3d586a53a1c8327c50145dfc03932f2ea9b36901736375dcb1bc4a121a2
BNCI2014-001,3,riemann_lr,reduced_montage,motor_extended,3,0.0,0,9,0,0.9310344827586207,0.9785969084423305,0.05844502337972591,0.09552045737497704,0.3.2,not_applicable,"FC3,FCz,FC4,C3,Cz,C4,CP3,CPz,CP4",,,,,b86ad3d586a53a1c8327c50145dfc03932f2ea9b36901736375dcb1bc4a121a2
BNCI2014-001,3,riemann_lr,reduced_montage,motor_extended,4,0.0,0,9,0,0.9649014778325123,0.9889162561576355,0.04271891192876079,0.07337433604253772,0.3.2,not_applicable,"FC3,FCz,FC4,C3,Cz,C4,CP3,CPz,CP4",,,,,b86ad3d586a53a1c8327c50145dfc03932f2ea9b36901736375dcb1bc4a121a2
BNCI2014-001,3,riemann_lr,reduced_montage,motor_extended,5,0.0,0,9,0,0.9470443349753694,0.9963054187192119,0.033550217371443376,0.09831388721677486,0.3.2,not_applicable,"FC3,FCz,FC4,C3,Cz,C4,CP3,CPz,CP4",,,,,b86ad3d586a53a1c8327c50145dfc03932f2ea9b36901736375dcb1bc4a121a2
BNCI2014-001,3,riemann_lr,region_dropout,all_channels,1,0.3181818181818182,0,22,7,0.5,0.8466111771700358,0.49986500356813723,0.4999219740426907,0.3.2,not_applicable,,left_motor_strip,"FC3,FC1,C5,C3,C1,CP3,CP1",,,b86ad3d586a53a1c8327c50145dfc03932f2ea9b36901736375dcb1bc4a121a2
BNCI2014-001,3,riemann_lr,region_dropout,all_channels,1,0.13636363636363635,0,22,3,0.8793103448275862,0.9976218787158145,0.09715064860906619,0.19075672567578755,0.3.2,not_applicable,,midline_motor_strip,"FCz,Cz,CPz",,,b86ad3d586a53a1c8327c50145dfc03932f2ea9b36901736375dcb1bc4a121a2
BNCI2014-001,3,riemann_lr,region_dropout,all_channels,1,0.3181818181818182,0,22,7,0.5,0.9274673008323424,0.49991213354077424,0.49995151710708097,0.3.2,not_applicable,,right_motor_strip,"FC2,FC4,C2,C4,C6,CP2,CP4",,,b86ad3d586a53a1c8327c50145dfc03932f2ea9b36901736375dcb1bc4a121a2
BNCI2014-001,3,riemann_lr,region_dropout,all_channels,2,0.3181818181818182,0,22,7,0.5,0.8763376932223543,0.49971356994623917,0.49984819183366014,0.3.2,not_applicable,,left_motor_strip,"FC3,FC1,C5,C3,C1,CP3,CP1",,,b86ad3d586a53a1c8327c50145dfc03932f2ea9b36901736375dcb1bc4a121a2
BNCI2014-001,3,riemann_lr,region_dropout,all_channels,2,0.13636363636363635,0,22,3,0.7758620689655172,0.9976218787158144,0.13218374445727682,0.2094381615783013,0.3.2,not_applicable,,midline_motor_strip,"FCz,Cz,CPz",,,b86ad3d586a53a1c8327c50145dfc03932f2ea9b36901736375dcb1bc4a121a2
BNCI2014-001,3,riemann_lr,region_dropout,all_channels,2,0.3181818181818182,0,22,7,0.5,0.8739595719381689,0.4999415890128049,0.4999670838916233,0.3.2,not_applicable,,right_motor_strip,"FC2,FC4,C2,C4,C6,CP2,CP4",,,b86ad3d586a53a1c8327c50145dfc03932f2ea9b36901736375dcb1bc4a121a2
BNCI2014-001,3,riemann_lr,region_dropout,all_channels,3,0.3181818181818182,0,22,7,0.5,0.8989298454221165,0.4997865421394727,0.4998715890397938,0.3.2,not_applicable,,left_motor_strip,"FC3,FC1,C5,C3,C1,CP3,CP1",,,b86ad3d586a53a1c8327c50145dfc03932f2ea9b36901736375dcb1bc4a121a2
BNCI2014-001,3,riemann_lr,region_dropout,all_channels,3,0.13636363636363635,0,22,3,0.7586206896551724,0.990487514863258,0.15420866617929657,0.23614486529403306,0.3.2,not_applicable,,midline_motor_strip,"FCz,Cz,CPz",,,b86ad3d586a53a1c8327c50145dfc03932f2ea9b36901736375dcb1bc4a121a2
BNCI2014-001,3,riemann_lr,region_dropout,all_channels,3,0.3181818181818182,0,22,7,0.5,0.835909631391201,0.49992730066720936,0.4999592744857219,0.3.2,not_applicable,,right_motor_strip,"FC2,FC4,C2,C4,C6,CP2,CP4",,,b86ad3d586a53a1c8327c50145dfc03932f2ea9b36901736375dcb1bc4a121a2
BNCI2014-001,3,riemann_lr,region_dropout,all_channels,4,0.3181818181818182,0,22,7,0.5,0.8189655172413793,0.5086493419148291,0.5086984094029,0.3.2,not_applicable,,left_motor_strip,"FC3,FC1,C5,C3,C1,CP3,CP1",,,b86ad3d586a53a1c8327c50145dfc03932f2ea9b36901736375dcb1bc4a121a2
BNCI2014-001,3,riemann_lr,region_dropout,all_channels,4,0.13636363636363635,0,22,3,0.7678571428571428,0.9889162561576355,0.12729275997827846,0.20087262127648728,0.3.2,not_applicable,,midline_motor_strip,"FCz,Cz,CPz",,,b86ad3d586a53a1c8327c50145dfc03932f2ea9b36901736375dcb1bc4a121a2
BNCI2014-001,3,riemann_lr,region_dropout,all_channels,4,0.3181818181818182,0,22,7,0.5,0.9433497536945813,0.4911823061218644,0.49120370169555616,0.3.2,not_applicable,,right_motor_strip,"FC2,FC4,C2,C4,C6,CP2,CP4",,,b86ad3d586a53a1c8327c50145dfc03932f2ea9b36901736375dcb1bc4a121a2
BNCI2014-001,3,riemann_lr,region_dropout,all_channels,5,0.3181818181818182,0,22,7,0.5,0.8866995073891626,0.49107216786731855,0.49114026367871944,0.3.2,not_applicable,,left_motor_strip,"FC3,FC1,C5,C3,C1,CP3,CP1",,,b86ad3d586a53a1c8327c50145dfc03932f2ea9b36901736375dcb1bc4a121a2
BNCI2014-001,3,riemann_lr,region_dropout,all_channels,5,0.13636363636363635,0,22,3,0.8620689655172413,0.9987684729064039,0.07913824872945356,0.18841876260762522,0.3.2,not_applicable,,midline_motor_strip,"FCz,Cz,CPz",,,b86ad3d586a53a1c8327c50145dfc03932f2ea9b36901736375dcb1bc4a121a2
BNCI2014-001,3,riemann_lr,region_dropout,all_channels,5,0.3181818181818182,0,22,7,0.5,0.9137931034482759,0.5087104569460288,0.5087373437290031,0.3.2,not_applicable,,right_motor_strip,"FC2,FC4,C2,C4,C6,CP2,CP4",,,b86ad3d586a53a1c8327c50145dfc03932f2ea9b36901736375dcb1bc4a121a2
BNCI2014-001,3,riemann_lr,cross_session,all_channels,0,0.0,0,22,0,0.9652777777777778,0.998263888888889,0.048904811138849556,0.12485949862082137,0.3.2,not_applicable,,,,0train,1test,b86ad3d586a53a1c8327c50145dfc03932f2ea9b36901736375dcb1bc4a121a2
BNCI2014-001,4,riemann_lr,clean,all_channels,1,0.0,0,22,0,0.7758620689655172,0.8573127229488704,0.15959885414099406,0.15403279968624412,0.3.2,participant,,,,,,b86ad3d586a53a1c8327c50145dfc03932f2ea9b36901736375dcb1bc4a121a2
BNCI2014-001,4,riemann_lr,channel_dropout,all_channels,1,0.1,0,22,2,0.5,0.8335315101070154,0.47569867250385717,0.48313323543551145,0.3.2,participant,,,,,,b86ad3d586a53a1c8327c50145dfc03932f2ea9b36901736375dcb1bc4a121a2
BNCI2014-001,4,riemann_lr,channel_dropout,all_channels,1,0.1,1,22,2,0.6896551724137931,0.8038049940546967,0.18735437786308415,0.14557397521995466,0.3.2,participant,,,,,,b86ad3d586a53a1c8327c50145dfc03932f2ea9b36901736375dcb1bc4a121a2
BNCI2014-001,4,riemann_lr,channel_dropout,all_channels,1,0.1,2,22,2,0.6206896551724138,0.8121284185493459,0.23771838451615465,0.24729630958616916,0.3.2,participant,,,,,,b86ad3d586a53a1c8327c50145dfc03932f2ea9b36901736375dcb1bc4a121a2
BNCI2014-001,4,riemann_lr,channel_dropout,all_channels,1,0.1,3,22,2,0.7068965517241379,0.802615933412604,0.1854019100303672,0.12096558369526496,0.3.2,participant,,,,,,b86ad3d586a53a1c8327c50145dfc03932f2ea9b36901736375dcb1bc4a121a2
BNCI2014-001,4,riemann_lr,channel_dropout,all_channels,1,0.1,4,22,2,0.7241379310344828,0.83115338882283,0.1837929535464922,0.14567973411727242,0.3.2,participant,,,,,,b86ad3d586a53a1c8327c50145dfc03932f2ea9b36901736375dcb1bc4a121a2
BNCI2014-001,4,riemann_lr,channel_dropout,all_channels,1,0.1,5,22,2,0.5,0.8489892984542211,0.3458184187959431,0.38043549710612,0.3.2,participant,,,,,,b86ad3d586a53a1c8327c50145dfc03932f2ea9b36901736375dcb1bc4a121a2
BNCI2014-001,4,riemann_lr,channel_dropout,all_channels,1,0.1,6,22,2,0.5,0.8335315101070154,0.47569867250385717,0.48313323543551145,0.3.2,participant,,,,,,b86ad3d586a53a1c8327c50145dfc03932f2ea9b36901736375dcb1bc4a121a2
BNCI2014-001,4,riemann_lr,channel_dropout,all_channels,1,0.1,7,22,2,0.7068965517241379,0.8394768133174791,0.1877589019780579,0.18880998516756095,0.3.2,participant,,,,,,b86ad3d586a53a1c8327c50145dfc03932f2ea9b36901736375dcb1bc4a121a2
BNCI2014-001,4,riemann_lr,channel_dropout,all_channels,1,0.1,8,22,2,0.5,0.812128418549346,0.44114963730593815,0.45482809542140495,0.3.2,participant,,,,,,b86ad3d586a53a1c8327c50145dfc03932f2ea9b36901736375dcb1bc4a121a2
BNCI2014-001,4,riemann_lr,channel_dropout,all_channels,1,0.1,9,22,2,0.5,0.8252080856123661,0.4367250740105852,0.451584396795482,0.3.2,participant,,,,,,b86ad3d586a53a1c8327c50145dfc03932f2ea9b36901736375dcb1bc4a121a2
BNCI2014-001,4,riemann_lr,channel_dropout,all_channels,1,0.2,0,22,4,0.5862068965517242,0.7455410225921522,0.24911116295781674,0.20370232159962218,0.3.2,participant,,,,,,b86ad3d586a53a1c8327c50145dfc03932f2ea9b36901736375dcb1bc4a121a2
BNCI2014-001,4,riemann_lr,channel_dropout,all_channels,1,0.2,1,22,4,0.7758620689655172,0.7776456599286563,0.20199716050645386,0.168893727374426,0.3.2,participant,,,,,,b86ad3d586a53a1c8327c50145dfc03932f2ea9b36901736375dcb1bc4a121a2
BNCI2014-001,4,riemann_lr,channel_dropout,all_channels,1,0.2,2,22,4,0.5,0.8632580261593341,0.4826734510606526,0.488100683283817,0.3.2,participant,,,,,,b86ad3d586a53a1c8327c50145dfc03932f2ea9b36901736375dcb1bc4a121a2
BNCI2014-001,4,riemann_lr,channel_dropout,all_channels,1,0.2,3,22,4,0.5,0.7455410225921522,0.49717249604157676,0.49789106355558965,0.3.2,participant,,,,,,b86ad3d586a53a1c8327c50145dfc03932f2ea9b36901736375dcb1bc4a121a2
BNCI2014-001,4,riemann_lr,channel_dropout,all_channels,1,0.2,4,22,4,0.5,0.7455410225921523,0.4999555086326378,0.4999674961428841,0.3.2,participant,,,,,,b86ad3d586a53a1c8327c50145dfc03932f2ea9b36901736375dcb1bc4a121a2
BNCI2014-001,4,riemann_lr,channel_dropout,all_channels,1,0.2,5,22,4,0.5,0.7479191438763375,0.41119223179901354,0.42222005720669015,0.3.2,participant,,,,,,b86ad3d586a53a1c8327c50145dfc03932f2ea9b36901736375dcb1bc4a121a2
BNCI2014-001,4,riemann_lr,channel_dropout,all_channels,1,0.2,6,22,4,0.5,0.8049940546967895,0.42204251818498123,0.43759859548006347,0.3.2,participant,,,,,,b86ad3d586a53a1c8327c50145dfc03932f2ea9b36901736375dcb1bc4a121a2
BNCI2014-001,4,riemann_lr,channel_dropout,all_channels,1,0.2,7,22,4,0.5,0.8489892984542211,0.3665158629311714,0.38676725672153395,0.3.2,participant,,,,,,b86ad3d586a53a1c8327c50145dfc03932f2ea9b36901736375dcb1bc4a121a2
BNCI2014-001,4,riemann_lr,channel_dropout,all_channels,1,0.2,8,22,4,0.5344827586206896,0.7942925089179548,0.2635775545592551,0.2584885195993162,0.3.2,participant,,,,,,b86ad3d586a53a1c8327c50145dfc03932f2ea9b36901736375dcb1bc4a121a2
BNCI2014-001,4,riemann_lr,channel_dropout,all_channels,1,0.2,9,22,4,0.5,0.7633769322235433,0.498817778727257,0.4991849752653922,0.3.2,participant,,,,,,b86ad3d586a53a1c8327c50145dfc03932f2ea9b36901736375dcb1bc4a121a2
BNCI2014-001,4,riemann_lr,channel_dropout,all_channels,1,0.3,0,22,7,0.5,0.7681331747919143,0.4996953914511796,0.499770041581691,0.3.2,participant,,,,,,b86ad3d586a53a1c8327c50145dfc03932f2ea9b36901736375dcb1bc4a121a2
BNCI2014-001,4,riemann_lr,channel_dropout,all_channels,1,0.3,1,22,7,0.5,0.6551724137931034,0.4999989836236155,0.49999924811287166,0.3.2,participant,,,,,,b86ad3d586a53a1c8327c50145dfc03932f2ea9b36901736375dcb1bc4a121a2
BNCI2014-001,4,riemann_lr,channel_dropout,all_channels,1,0.3,2,22,7,0.5172413793103449,0.737217598097503,0.24765045205607175,0.1729673833141667,0.3.2,participant,,,,,,b86ad3d586a53a1c8327c50145dfc03932f2ea9b36901736375dcb1bc4a121a2
BNCI2014-001,4,riemann_lr,channel_dropout,all_channels,1,0.3,3,22,7,0.5,0.6266349583828775,0.48902592758950836,0.49003186614189576,0.3.2,participant,,,,,,b86ad3d586a53a1c8327c50145dfc03932f2ea9b36901736375dcb1bc4a121a2
BNCI2014-001,4,riemann_lr,channel_dropout,all_channels,1,0.3,4,22,7,0.5,0.7824019024970273,0.4621788387874347,0.4708708826389968,0.3.2,participant,,,,,,b86ad3d586a53a1c8327c50145dfc03932f2ea9b36901736375dcb1bc4a121a2
BNCI2014-001,4,riemann_lr,channel_dropout,all_channels,1,0.3,5,22,7,0.5,0.6587395957193817,0.4992897335469126,0.4994294082083418,0.3.2,participant,,,,,,b86ad3d586a53a1c8327c50145dfc03932f2ea9b36901736375dcb1bc4a121a2
BNCI2014-001,4,riemann_lr,channel_dropout,all_channels,1,0.3,6,22,7,0.5,0.713436385255648,0.4275310456094173,0.43318717293479925,0.3.2,participant,,,,,,b86ad3d586a53a1c8327c50145dfc03932f2ea9b36901736375dcb1bc4a121a2
BNCI2014-001,4,riemann_lr,channel_dropout,all_channels,1,0.3,7,22,7,0.5,0.708680142687277,0.4950299325127366,0.4956894075809106,0.3.2,participant,,,,,,b86ad3d586a53a1c8327c50145dfc03932f2ea9b36901736375dcb1bc4a121a2
BNCI2014-001,4,riemann_lr,channel_dropout,all_channels,1,0.3,8,22,7,0.5862068965517242,0.737217598097503,0.21351822478839033,0.14333833248591296,0.3.2,participant,,,,,,b86ad3d586a53a1c8327c50145dfc03932f2ea9b36901736375dcb1bc4a121a2
BNCI2014-001,4,riemann_lr,channel_dropout,all_channels,1,0.3,9,22,7,0.5,0.6599286563614745,0.49885500459816684,0.49897533958442475,0.3.2,participant,,,,,,b86ad3d586a53a1c8327c50145dfc03932f2ea9b36901736375dcb1bc4a121a2
BNCI2014-001,4,riemann_lr,channel_dropout,all_channels,1,0.5,0,22,11,0.5,0.6920332936979786,0.33993692395822245,0.3262259154930455,0.3.2,participant,,,,,,b86ad3d586a53a1c8327c50145dfc03932f2ea9b36901736375dcb1bc4a121a2
BNCI2014-001,4,riemann_lr,channel_dropout,all_channels,1,0.5,1,22,11,0.6379310344827587,0.7015457788347206,0.22999909889553766,0.10890842164777062,0.3.2,participant,,,,,,b86ad3d586a53a1c8327c50145dfc03932f2ea9b36901736375dcb1bc4a121a2
BNCI2014-001,4,riemann_lr,channel_dropout,all_channels,1,0.5,2,22,11,0.5172413793103449,0.638525564803805,0.27448065626743967,0.19627091180080408,0.3.2,participant,,,,,,b86ad3d586a53a1c8327c50145dfc03932f2ea9b36901736375dcb1bc4a121a2
BNCI2014-001,4,riemann_lr,channel_dropout,all_channels,1,0.5,3,22,11,0.5344827586206896,0.7550535077288941,0.24085988893747654,0.1874672262641304,0.3.2,participant,,,,,,b86ad3d586a53a1c8327c50145dfc03932f2ea9b36901736375dcb1bc4a121a2
BNCI2014-001,4,riemann_lr,channel_dropout,all_channels,1,0.5,4,22,11,0.5,0.6979785969084424,0.4999996311010981,0.49999967310005333,0.3.2,participant,,,,,,b86ad3d586a53a1c8327c50145dfc03932f2ea9b36901736375dcb1bc4a121a2
BNCI2014-001,4,riemann_lr,channel_dropout,all_channels,1,0.5,5,22,11,0.5,0.667063020214031,0.4999172986260828,0.4999310625534886,0.3.2,participant,,,,,,b86ad3d586a53a1c8327c50145dfc03932f2ea9b36901736375dcb1bc4a121a2
BNCI2014-001,4,riemann_lr,channel_dropout,all_channels,1,0.5,6,22,11,0.5,0.652794292508918,0.4001026311008455,0.40052054700172535,0.3.2,participant,,,,,,b86ad3d586a53a1c8327c50145dfc03932f2ea9b36901736375dcb1bc4a121a2
BNCI2014-001,4,riemann_lr,channel_dropout,all_channels,1,0.5,7,22,11,0.5,0.6444708680142688,0.45820435501593443,0.46071770937679823,0.3.2,participant,,,,,,b86ad3d586a53a1c8327c50145dfc03932f2ea9b36901736375dcb1bc4a121a2
BNCI2014-001,4,riemann_lr,channel_dropout,all_channels,1,0.5,8,22,11,0.5,0.7027348394768133,0.4691520424553194,0.47273860963311487,0.3.2,participant,,,,,,b86ad3d586a53a1c8327c50145dfc03932f2ea9b36901736375dcb1bc4a121a2
BNCI2014-001,4,riemann_lr,channel_dropout,all_channels,1,0.5,9,22,11,0.5,0.652794292508918,0.4520596836884613,0.45659962718320873,0.3.2,participant,,,,,,b86ad3d586a53a1c8327c50145dfc03932f2ea9b36901736375dcb1bc4a121a2
BNCI2014-001,4,riemann_lr,clean,all_channels,2,0.0,0,22,0,0.7931034482758621,0.9203329369797859,0.12673758089611267,0.127151460999433,0.3.2,participant,,,,,,b86ad3d586a53a1c8327c50145dfc03932f2ea9b36901736375dcb1bc4a121a2
BNCI2014-001,4,riemann_lr,channel_dropout,all_channels,2,0.1,0,22,2,0.5,0.8466111771700355,0.49664652716342184,0.49776906433996737,0.3.2,participant,,,,,,b86ad3d586a53a1c8327c50145dfc03932f2ea9b36901736375dcb1bc4a121a2
BNCI2014-001,4,riemann_lr,channel_dropout,all_channels,2,0.1,1,22,2,0.5,0.8751486325802615,0.3991713781675007,0.4296533507866707,0.3.2,participant,,,,,,b86ad3d586a53a1c8327c50145dfc03932f2ea9b36901736375dcb1bc4a121a2
BNCI2014-001,4,riemann_lr,channel_dropout,all_channels,2,0.1,2,22,2,0.5,0.8882282996432819,0.4746715275402117,0.48407410855086064,0.3.2,participant,,,,,,b86ad3d586a53a1c8327c50145dfc03932f2ea9b36901736375dcb1bc4a121a2
BNCI2014-001,4,riemann_lr,channel_dropout,all_channels,2,0.1,3,22,2,0.5,0.8478002378121284,0.39392590672271305,0.4212831556261233,0.3.2,participant,,,,,,b86ad3d586a53a1c8327c50145dfc03932f2ea9b36901736375dcb1bc4a121a2
BNCI2014-001,4,riemann_lr,channel_dropout,all_channels,2,0.1,4,22,2,0.8448275862068966,0.920332936979786,0.12911057956866204,0.1310186728406572,0.3.2,participant,,,,,,b86ad3d586a53a1c8327c50145dfc03932f2ea9b36901736375dcb1bc4a121a2
BNCI2014-001,4,riemann_lr,channel_dropout,all_channels,2,0.1,5,22,2,0.5,0.8335315101070154,0.4959947474092032,0.49740002772887726,0.3.2,participant,,,,,,b86ad3d586a53a1c8327c50145dfc03932f2ea9b36901736375dcb1bc4a121a2
BNCI2014-001,4,riemann_lr,channel_dropout,all_channels,2,0.1,6,22,2,0.5,0.8882282996432818,0.4757278248968446,0.4850996490895404,0.3.2,participant,,,,,,b86ad3d586a53a1c8327c50145dfc03932f2ea9b36901736375dcb1bc4a121a2
BNCI2014-001,4,riemann_lr,channel_dropout,all_channels,2,0.1,7,22,2,0.5,0.8703923900118907,0.4741216582927972,0.4831468223355565,0.3.2,participant,,,,,,b86ad3d586a53a1c8327c50145dfc03932f2ea9b36901736375dcb1bc4a121a2
BNCI2014-001,4,riemann_lr,channel_dropout,all_channels,2,0.1,8,22,2,0.5,0.8620689655172413,0.42328331482545584,0.4460108660348697,0.3.2,participant,,,,,,b86ad3d586a53a1c8327c50145dfc03932f2ea9b36901736375dcb1bc4a121a2
BNCI2014-001,4,riemann_lr,channel_dropout,all_channels,2,0.1,9,22,2,0.5344827586206896,0.8442330558858502,0.31731929959753186,0.3565632941436039,0.3.2,participant,,,,,,b86ad3d586a53a1c8327c50145dfc03932f2ea9b36901736375dcb1bc4a121a2
BNCI2014-001,4,riemann_lr,channel_dropout,all_channels,2,0.2,0,22,4,0.6206896551724138,0.816884661117717,0.24085176572758246,0.250276762915022,0.3.2,participant,,,,,,b86ad3d586a53a1c8327c50145dfc03932f2ea9b36901736375dcb1bc4a121a2
BNCI2014-001,4,riemann_lr,channel_dropout,all_channels,2,0.2,1,22,4,0.5,0.8109393579072532,0.4999779735856586,0.4999860618629758,0.3.2,participant,,,,,,b86ad3d586a53a1c8327c50145dfc03932f2ea9b36901736375dcb1bc4a121a2
BNCI2014-001,4,riemann_lr,channel_dropout,all_channels,2,0.2,2,22,4,0.5,0.8525564803804994,0.4969593261164149,0.49795904335775854,0.3.2,participant,,,,,,b86ad3d586a53a1c8327c50145dfc03932f2ea9b36901736375dcb1bc4a121a2
BNCI2014-001,4,riemann_lr,channel_dropout,all_channels,2,0.2,3,22,4,0.5,0.8228299643281807,0.4941796061988601,0.4960675852153801,0.3.2,participant,,,,,,b86ad3d586a53a1c8327c50145dfc03932f2ea9b36901736375dcb1bc4a121a2
BNCI2014-001,4,riemann_lr,channel_dropout,all_channels,2,0.2,4,22,4,0.5,0.8810939357907254,0.38979137929755564,0.42151385796482166,0.3.2,participant,,,,,,b86ad3d586a53a1c8327c50145dfc03932f2ea9b36901736375dcb1bc4a121a2
BNCI2014-001,4,riemann_lr,channel_dropout,all_channels,2,0.2,5,22,4,0.5,0.8038049940546967,0.47759921762110774,0.483555794776363,0.3.2,participant,,,,,,b86ad3d586a53a1c8327c50145dfc03932f2ea9b36901736375dcb1bc4a121a2
BNCI2014-001,4,riemann_lr,channel_dropout,all_channels,2,0.2,6,22,4,0.5,0.8799048751486326,0.47968525553318586,0.486575011385578,0.3.2,participant,,,,,,b86ad3d586a53a1c8327c50145dfc03932f2ea9b36901736375dcb1bc4a121a2
BNCI2014-001,4,riemann_lr,channel_dropout,all_channels,2,0.2,7,22,4,0.5,0.8275862068965517,0.4887784372704123,0.49253821171211987,0.3.2,participant,,,,,,b86ad3d586a53a1c8327c50145dfc03932f2ea9b36901736375dcb1bc4a121a2
BNCI2014-001,4,riemann_lr,channel_dropout,all_channels,2,0.2,8,22,4,0.5,0.7883472057074911,0.4993861276684032,0.49956722240030993,0.3.2,participant,,,,,,b86ad3d586a53a1c8327c50145dfc03932f2ea9b36901736375dcb1bc4a121a2
BNCI2014-001,4,riemann_lr,channel_dropout,all_channels,2,0.2,9,22,4,0.7931034482758621,0.8668252080856124,0.1546418037763698,0.12096936572413666,0.3.2,participant,,,,,,b86ad3d586a53a1c8327c50145dfc03932f2ea9b36901736375dcb1bc4a121a2
BNCI2014-001,4,riemann_lr,channel_dropout,all_channels,2,0.3,0,22,7,0.5,0.7764565992865635,0.4356516193615667,0.44860629650971995,0.3.2,participant,,,,,,b86ad3d586a53a1c8327c50145dfc03932f2ea9b36901736375dcb1bc4a121a2
BNCI2014-001,4,riemann_lr,channel_dropout,all_channels,2,0.3,1,22,7,0.5,0.7514863258026159,0.30426803261323065,0.30186129120962313,0.3.2,participant,,,,,,b86ad3d586a53a1c8327c50145dfc03932f2ea9b36901736375dcb1bc4a121a2
BNCI2014-001,4,riemann_lr,channel_dropout,all_channels,2,0.3,2,22,7,0.5,0.7502972651605232,0.41366424244530814,0.4241040019970821,0.3.2,participant,,,,,,b86ad3d586a53a1c8327c50145dfc03932f2ea9b36901736375dcb1bc4a121a2
BNCI2014-001,4,riemann_lr,channel_dropout,all_channels,2,0.3,3,22,7,0.5,0.7574316290130796,0.49970468870135903,0.4997712283547189,0.3.2,participant,,,,,,b86ad3d586a53a1c8327c50145dfc03932f2ea9b36901736375dcb1bc4a121a2
BNCI2014-001,4,riemann_lr,channel_dropout,all_channels,2,0.3,4,22,7,0.5,0.8240190249702735,0.499992841428041,0.4999951215629408,0.3.2,participant,,,,,,b86ad3d586a53a1c8327c50145dfc03932f2ea9b36901736375dcb1bc4a121a2
BNCI2014-001,4,riemann_lr,channel_dropout,all_channels,2,0.3,5,22,7,0.5,0.727705112960761,0.49703876917829015,0.4975708426216495,0.3.2,participant,,,,,,b86ad3d586a53a1c8327c50145dfc03932f2ea9b36901736375dcb1bc4a121a2
BNCI2014-001,4,riemann_lr,channel_dropout,all_channels,2,0.3,6,22,7,0.5,0.8323424494649228,0.4999527187932678,0.49996452578894346,0.3.2,participant,,,,,,b86ad3d586a53a1c8327c50145dfc03932f2ea9b36901736375dcb1bc4a121a2
BNCI2014-001,4,riemann_lr,channel_dropout,all_channels,2,0.3,7,22,7,0.6551724137931034,0.7229488703923899,0.21749318863357187,0.09333632637641014,0.3.2,participant,,,,,,b86ad3d586a53a1c8327c50145dfc03932f2ea9b36901736375dcb1bc4a121a2
BNCI2014-001,4,riemann_lr,channel_dropout,all_channels,2,0.3,8,22,7,0.5,0.7954815695600477,0.4303996877652081,0.4443572793434585,0.3.2,participant,,,,,,b86ad3d586a53a1c8327c50145dfc03932f2ea9b36901736375dcb1bc4a121a2
BNCI2014-001,4,riemann_lr,channel_dropout,all_channels,2,0.3,9,22,7,0.5,0.7265160523186682,0.4997746770333221,0.4998342561594168,0.3.2,participant,,,,,,b86ad3d586a53a1c8327c50145dfc03932f2ea9b36901736375dcb1bc4a121a2
BNCI2014-001,4,riemann_lr,channel_dropout,all_channels,2,0.5,0,22,11,0.5,0.699167657550535,0.499988300955105,0.4999899401224346,0.3.2,participant,,,,,,b86ad3d586a53a1c8327c50145dfc03932f2ea9b36901736375dcb1bc4a121a2
BNCI2014-001,4,riemann_lr,channel_dropout,all_channels,2,0.5,1,22,11,0.5,0.7942925089179549,0.49999069456357825,0.499992595028258,0.3.2,participant,,,,,,b86ad3d586a53a1c8327c50145dfc03932f2ea9b36901736375dcb1bc4a121a2
BNCI2014-001,4,riemann_lr,channel_dropout,all_channels,2,0.5,2,22,11,0.5,0.7479191438763376,0.46212896227959077,0.4679153442035965,0.3.2,participant,,,,,,b86ad3d586a53a1c8327c50145dfc03932f2ea9b36901736375dcb1bc4a121a2
BNCI2014-001,4,riemann_lr,channel_dropout,all_channels,2,0.5,3,22,11,0.5,0.7158145065398335,0.4992450214848885,0.49935522798392296,0.3.2,participant,,,,,,b86ad3d586a53a1c8327c50145dfc03932f2ea9b36901736375dcb1bc4a121a2
BNCI2014-001,4,riemann_lr,channel_dropout,all_channels,2,0.5,4,22,11,0.5,0.7550535077288941,0.4941417557612916,0.49529037758287675,0.3.2,participant,,,,,,b86ad3d586a53a1c8327c50145dfc03932f2ea9b36901736375dcb1bc4a121a2
BNCI2014-001,4,riemann_lr,channel_dropout,all_channels,2,0.5,5,22,11,0.5,0.807372175980975,0.4774519792163781,0.48195697423489414,0.3.2,participant,,,,,,b86ad3d586a53a1c8327c50145dfc03932f2ea9b36901736375dcb1bc4a121a2
BNCI2014-001,4,riemann_lr,channel_dropout,all_channels,2,0.5,6,22,11,0.5,0.6884661117717004,0.460051085666145,0.4628650217081907,0.3.2,participant,,,,,,b86ad3d586a53a1c8327c50145dfc03932f2ea9b36901736375dcb1bc4a121a2
BNCI2014-001,4,riemann_lr,channel_dropout,all_channels,2,0.5,7,22,11,0.5344827586206897,0.7324613555291319,0.25464659371438964,0.20984329702751042,0.3.2,participant,,,,,,b86ad3d586a53a1c8327c50145dfc03932f2ea9b36901736375dcb1bc4a121a2
BNCI2014-001,4,riemann_lr,channel_dropout,all_channels,2,0.5,8,22,11,0.5,0.7217598097502973,0.49946906329615437,0.49956842287343395,0.3.2,participant,,,,,,b86ad3d586a53a1c8327c50145dfc03932f2ea9b36901736375dcb1bc4a121a2
BNCI2014-001,4,riemann_lr,channel_dropout,all_channels,2,0.5,9,22,11,0.5,0.7669441141498217,0.4963849262112313,0.4971081339186808,0.3.2,participant,,,,,,b86ad3d586a53a1c8327c50145dfc03932f2ea9b36901736375dcb1bc4a121a2
BNCI2014-001,4,riemann_lr,clean,all_channels,3,0.0,0,22,0,0.7931034482758621,0.8656361474435197,0.15101771642708894,0.08618000159704377,0.3.2,participant,,,,,,b86ad3d586a53a1c8327c50145dfc03932f2ea9b36901736375dcb1bc4a121a2
BNCI2014-001,4,riemann_lr,channel_dropout,all_channels,3,0.1,0,22,2,0.5,0.7800237812128419,0.4212461467908969,0.4387648044682826,0.3.2,participant,,,,,,b86ad3d586a53a1c8327c50145dfc03932f2ea9b36901736375dcb1bc4a121a2
BNCI2014-001,4,riemann_lr,channel_dropout,all_channels,3,0.1,1,22,2,0.5,0.8489892984542212,0.49546983014805673,0.4971343549701106,0.3.2,participant,,,,,,b86ad3d586a53a1c8327c50145dfc03932f2ea9b36901736375dcb1bc4a121a2
BNCI2014-001,4,riemann_lr,channel_dropout,all_channels,3,0.1,2,22,2,0.5,0.8228299643281807,0.47923825956023675,0.48522554751227875,0.3.2,participant,,,,,,b86ad3d586a53a1c8327c50145dfc03932f2ea9b36901736375dcb1bc4a121a2
BNCI2014-001,4,riemann_lr,channel_dropout,all_channels,3,0.1,3,22,2,0.5,0.8382877526753865,0.49985168608646996,0.4999070329387215,0.3.2,participant,,,,,,b86ad3d586a53a1c8327c50145dfc03932f2ea9b36901736375dcb1bc4a121a2
BNCI2014-001,4,riemann_lr,channel_dropout,all_channels,3,0.1,4,22,2,0.5,0.8549346016646849,0.48393976808323785,0.4893837569391398,0.3.2,participant,,,,,,b86ad3d586a53a1c8327c50145dfc03932f2ea9b36901736375dcb1bc4a121a2
BNCI2014-001,4,riemann_lr,channel_dropout,all_channels,3,0.1,5,22,2,0.5,0.8727705112960762,0.48714884827206945,0.4919164023477397,0.3.2,participant,,,,,,b86ad3d586a53a1c8327c50145dfc03932f2ea9b36901736375dcb1bc4a121a2
BNCI2014-001,4,riemann_lr,channel_dropout,all_channels,3,0.1,6,22,2,0.5,0.8585017835909631,0.4867312700714478,0.4914254864503341,0.3.2,participant,,,,,,b86ad3d586a53a1c8327c50145dfc03932f2ea9b36901736375dcb1bc4a121a2
BNCI2014-001,4,riemann_lr,channel_dropout,all_channels,3,0.1,7,22,2,0.5,0.802615933412604,0.49511040827714337,0.49662858548272093,0.3.2,participant,,,,,,b86ad3d586a53a1c8327c50145dfc03932f2ea9b36901736375dcb1bc4a121a2
BNCI2014-001,4,riemann_lr,channel_dropout,all_channels,3,0.1,8,22,2,0.5,0.8442330558858501,0.46568963745719444,0.4771664542091913,0.3.2,participant,,,,,,b86ad3d586a53a1c8327c50145dfc03932f2ea9b36901736375dcb1bc4a121a2
BNCI2014-001,4,riemann_lr,channel_dropout,all_channels,3,0.1,9,22,2,0.5,0.7645659928656361,0.49889106109384396,0.49916650688989206,0.3.2,participant,,,,,,b86ad3d586a53a1c8327c50145dfc03932f2ea9b36901736375dcb1bc4a121a2
BNCI2014-001,4,riemann_lr,channel_dropout,all_channels,3,0.2,0,22,4,0.5,0.7942925089179548,0.49760271076528084,0.49834363120630354,0.3.2,participant,,,,,,b86ad3d586a53a1c8327c50145dfc03932f2ea9b36901736375dcb1bc4a121a2
BNCI2014-001,4,riemann_lr,channel_dropout,all_channels,3,0.2,1,22,4,0.5,0.8168846611177171,0.4556061259431777,0.46582916305869876,0.3.2,participant,,,,,,b86ad3d586a53a1c8327c50145dfc03932f2ea9b36901736375dcb1bc4a121a2
BNCI2014-001,4,riemann_lr,channel_dropout,all_channels,3,0.2,2,22,4,0.5,0.7800237812128419,0.4692268453994611,0.47697603052495674,0.3.2,participant,,,,,,b86ad3d586a53a1c8327c50145dfc03932f2ea9b36901736375dcb1bc4a121a2
BNCI2014-001,4,riemann_lr,channel_dropout,all_channels,3,0.2,3,22,4,0.5689655172413793,0.7598097502972652,0.26219860492960545,0.24516452988911205,0.3.2,participant,,,,,,b86ad3d586a53a1c8327c50145dfc03932f2ea9b36901736375dcb1bc4a121a2
BNCI2014-001,4,riemann_lr,channel_dropout,all_channels,3,0.2,4,22,4,0.5,0.7502972651605231,0.4996717409926183,0.4997513982912346,0.3.2,participant,,,,,,b86ad3d586a53a1c8327c50145dfc03932f2ea9b36901736375dcb1bc4a121a2
BNCI2014-001,4,riemann_lr,channel_dropout,all_channels,3,0.2,5,22,4,0.5,0.7633769322235434,0.4024391573434887,0.41298586954296057,0.3.2,participant,,,,,,b86ad3d586a53a1c8327c50145dfc03932f2ea9b36901736375dcb1bc4a121a2
BNCI2014-001,4,riemann_lr,channel_dropout,all_channels,3,0.2,6,22,4,0.5,0.8180737217598099,0.49924646692835534,0.49945893693828813,0.3.2,participant,,,,,,b86ad3d586a53a1c8327c50145dfc03932f2ea9b36901736375dcb1bc4a121a2
BNCI2014-001,4,riemann_lr,channel_dropout,all_channels,3,0.2,7,22,4,0.5,0.8323424494649228,0.49996053208894053,0.4999747602229335,0.3.2,participant,,,,,,b86ad3d586a53a1c8327c50145dfc03932f2ea9b36901736375dcb1bc4a121a2
BNCI2014-001,4,riemann_lr,channel_dropout,all_channels,3,0.2,8,22,4,0.5,0.7431629013079667,0.4120529259101855,0.42666615128500107,0.3.2,participant,,,,,,b86ad3d586a53a1c8327c50145dfc03932f2ea9b36901736375dcb1bc4a121a2
BNCI2014-001,4,riemann_lr,channel_dropout,all_channels,3,0.2,9,22,4,0.5,0.821640903686088,0.36314606121109194,0.3897094943799611,0.3.2,participant,,,,,,b86ad3d586a53a1c8327c50145dfc03932f2ea9b36901736375dcb1bc4a121a2
BNCI2014-001,4,riemann_lr,channel_dropout,all_channels,3,0.3,0,22,7,0.5,0.6623067776456599,0.4977121081290946,0.49815409211112194,0.3.2,participant,,,,,,b86ad3d586a53a1c8327c50145dfc03932f2ea9b36901736375dcb1bc4a121a2
BNCI2014-001,4,riemann_lr,channel_dropout,all_channels,3,0.3,1,22,7,0.5,0.7491082045184305,0.4996041282295567,0.49968044276551116,0.3.2,participant,,,,,,b86ad3d586a53a1c8327c50145dfc03932f2ea9b36901736375dcb1bc4a121a2
BNCI2014-001,4,riemann_lr,channel_dropout,all_channels,3,0.3,2,22,7,0.5,0.6646848989298455,0.49714646151764064,0.49749348420374306,0.3.2,participant,,,,,,b86ad3d586a53a1c8327c50145dfc03932f2ea9b36901736375dcb1bc4a121a2
BNCI2014-001,4,riemann_lr,channel_dropout,all_channels,3,0.3,3,22,7,0.5,0.793103448275862,0.4996913354181283,0.49976368602207544,0.3.2,participant,,,,,,b86ad3d586a53a1c8327c50145dfc03932f2ea9b36901736375dcb1bc4a121a2
BNCI2014-001,4,riemann_lr,channel_dropout,all_channels,3,0.3,4,22,7,0.4827586206896552,0.4827586206896552,0.2819993019579357,0.17905441894988722,0.3.2,participant,,,,,,b86ad3d586a53a1c8327c50145dfc03932f2ea9b36901736375dcb1bc4a121a2
BNCI2014-001,4,riemann_lr,channel_dropout,all_channels,3,0.3,5,22,7,0.5689655172413793,0.6064209274673008,0.25666244388749504,0.1559707517645976,0.3.2,participant,,,,,,b86ad3d586a53a1c8327c50145dfc03932f2ea9b36901736375dcb1bc4a121a2
BNCI2014-001,4,riemann_lr,channel_dropout,all_channels,3,0.3,6,22,7,0.5,0.7669441141498217,0.48727463349718,0.49028452710018877,0.3.2,participant,,,,,,b86ad3d586a53a1c8327c50145dfc03932f2ea9b36901736375dcb1bc4a121a2
BNCI2014-001,4,riemann_lr,channel_dropout,all_channels,3,0.3,7,22,7,0.5344827586206896,0.6623067776456599,0.2596094908721236,0.2196053813897502,0.3.2,participant,,,,,,b86ad3d586a53a1c8327c50145dfc03932f2ea9b36901736375dcb1bc4a121a2
BNCI2014-001,4,riemann_lr,channel_dropout,all_channels,3,0.3,8,22,7,0.5,0.7633769322235434,0.49252479055092097,0.49410607309036536,0.3.2,participant,,,,,,b86ad3d586a53a1c8327c50145dfc03932f2ea9b36901736375dcb1bc4a121a2
BNCI2014-001,4,riemann_lr,channel_dropout,all_channels,3,0.3,9,22,7,0.5,0.7360285374554102,0.47867700339697933,0.48406971886205835,0.3.2,participant,,,,,,b86ad3d586a53a1c8327c50145dfc03932f2ea9b36901736375dcb1bc4a121a2
BNCI2014-001,4,riemann_lr,channel_dropout,all_channels,3,0.5,0,22,11,0.5,0.6456599286563615,0.37703395549373825,0.37292318069577224,0.3.2,participant,,,,,,b86ad3d586a53a1c8327c50145dfc03932f2ea9b36901736375dcb1bc4a121a2
BNCI2014-001,4,riemann_lr,channel_dropout,all_channels,3,0.5,1,22,11,0.5,0.6076099881093936,0.49677932787559365,0.4970223845520303,0.3.2,participant,,,,,,b86ad3d586a53a1c8327c50145dfc03932f2ea9b36901736375dcb1bc4a121a2
BNCI2014-001,4,riemann_lr,channel_dropout,all_channels,3,0.5,2,22,11,0.5344827586206896,0.5719381688466112,0.3055939753990018,0.2379799660982736,0.3.2,participant,,,,,,b86ad3d586a53a1c8327c50145dfc03932f2ea9b36901736375dcb1bc4a121a2
BNCI2014-001,4,riemann_lr,channel_dropout,all_channels,3,0.5,3,22,11,0.5,0.6028537455410226,0.25956367156922727,0.16064200814681273,0.3.2,participant,,,,,,b86ad3d586a53a1c8327c50145dfc03932f2ea9b36901736375dcb1bc4a121a2
BNCI2014-001,4,riemann_lr,channel_dropout,all_channels,3,0.5,4,22,11,0.5344827586206896,0.6016646848989299,0.2924907598745437,0.2486026787007171,0.3.2,participant,,,,,,b86ad3d586a53a1c8327c50145dfc03932f2ea9b36901736375dcb1bc4a121a2
BNCI2014-001,4,riemann_lr,channel_dropout,all_channels,3,0.5,5,22,11,0.5,0.5457788347205708,0.4056210433181958,0.4019122256073263,0.3.2,participant,,,,,,b86ad3d586a53a1c8327c50145dfc03932f2ea9b36901736375dcb1bc4a121a2
BNCI2014-001,4,riemann_lr,channel_dropout,all_channels,3,0.5,6,22,11,0.5344827586206897,0.7158145065398335,0.26088156238266647,0.20077691101701686,0.3.2,participant,,,,,,b86ad3d586a53a1c8327c50145dfc03932f2ea9b36901736375dcb1bc4a121a2
BNCI2014-001,4,riemann_lr,channel_dropout,all_channels,3,0.5,7,22,11,0.5,0.6159334126040428,0.47553946930988716,0.4769854449037687,0.3.2,participant,,,,,,b86ad3d586a53a1c8327c50145dfc03932f2ea9b36901736375dcb1bc4a121a2
BNCI2014-001,4,riemann_lr,channel_dropout,all_channels,3,0.5,8,22,11,0.5,0.6171224732461356,0.49958294269990067,0.49962434381236,0.3.2,participant,,,,,,b86ad3d586a53a1c8327c50145dfc03932f2ea9b36901736375dcb1bc4a121a2
BNCI2014-001,4,riemann_lr,channel_dropout,all_channels,3,0.5,9,22,11,0.5,0.6551724137931035,0.45386805398237134,0.4575212970652257,0.3.2,participant,,,,,,b86ad3d586a53a1c8327c50145dfc03932f2ea9b36901736375dcb1bc4a121a2
BNCI2014-001,4,riemann_lr,clean,all_channels,4,0.0,0,22,0,0.8238916256157636,0.9002463054187191,0.13332980578620615,0.10499796758602634,0.3.2,participant,,,,,,b86ad3d586a53a1c8327c50145dfc03932f2ea9b36901736375dcb1bc4a121a2
BNCI2014-001,4,riemann_lr,channel_dropout,all_channels,4,0.1,0,22,2,0.5,0.8719211822660098,0.34479899506644357,0.38533710959652134,0.3.2,participant,,,,,,b86ad3d586a53a1c8327c50145dfc03932f2ea9b36901736375dcb1bc4a121a2
BNCI2014-001,4,riemann_lr,channel_dropout,all_channels,4,0.1,1,22,2,0.5,0.854679802955665,0.33238210291655923,0.37032927415139216,0.3.2,participant,,,,,,b86ad3d586a53a1c8327c50145dfc03932f2ea9b36901736375dcb1bc4a121a2
BNCI2014-001,4,riemann_lr,channel_dropout,all_channels,4,0.1,2,22,2,0.5,0.8399014778325123,0.3995800962076264,0.42866339639564244,0.3.2,participant,,,,,,b86ad3d586a53a1c8327c50145dfc03932f2ea9b36901736375dcb1bc4a121a2
BNCI2014-001,4,riemann_lr,channel_dropout,all_channels,4,0.1,3,22,2,0.5,0.8325123152709359,0.5023319411334727,0.5045412445777657,0.3.2,participant,,,,,,b86ad3d586a53a1c8327c50145dfc03932f2ea9b36901736375dcb1bc4a121a2
BNCI2014-001,4,riemann_lr,channel_dropout,all_channels,4,0.1,4,22,2,0.5344827586206896,0.9051724137931034,0.2763965036773147,0.31698105360059037,0.3.2,participant,,,,,,b86ad3d586a53a1c8327c50145dfc03932f2ea9b36901736375dcb1bc4a121a2
BNCI2014-001,4,riemann_lr,channel_dropout,all_channels,4,0.1,5,22,2,0.7401477832512315,0.8793103448275862,0.17445017988024814,0.20484459352174458,0.3.2,participant,,,,,,b86ad3d586a53a1c8327c50145dfc03932f2ea9b36901736375dcb1bc4a121a2
BNCI2014-001,4,riemann_lr,channel_dropout,all_channels,4,0.1,6,22,2,0.5,0.8830049261083744,0.5063965062600497,0.5072889496309197,0.3.2,participant,,,,,,b86ad3d586a53a1c8327c50145dfc03932f2ea9b36901736375dcb1bc4a121a2
BNCI2014-001,4,riemann_lr,channel_dropout,all_channels,4,0.1,7,22,2,0.5,0.8891625615763546,0.34330976861640233,0.3820351472284802,0.3.2,participant,,,,,,b86ad3d586a53a1c8327c50145dfc03932f2ea9b36901736375dcb1bc4a121a2
BNCI2014-001,4,riemann_lr,channel_dropout,all_channels,4,0.1,8,22,2,0.5,0.8189655172413793,0.4334698163980392,0.4549669875664486,0.3.2,participant,,,,,,b86ad3d586a53a1c8327c50145dfc03932f2ea9b36901736375dcb1bc4a121a2
BNCI2014-001,4,riemann_lr,channel_dropout,all_channels,4,0.1,9,22,2,0.5,0.9088669950738917,0.3767054057506556,0.4140478489567896,0.3.2,participant,,,,,,b86ad3d586a53a1c8327c50145dfc03932f2ea9b36901736375dcb1bc4a121a2
BNCI2014-001,4,riemann_lr,channel_dropout,all_channels,4,0.2,0,22,4,0.5,0.8546798029556651,0.48885265165507075,0.4943332196323459,0.3.2,participant,,,,,,b86ad3d586a53a1c8327c50145dfc03932f2ea9b36901736375dcb1bc4a121a2
BNCI2014-001,4,riemann_lr,channel_dropout,all_channels,4,0.2,1,22,4,0.5689655172413793,0.8928571428571429,0.24870097633706767,0.26058749163300016,0.3.2,participant,,,,,,b86ad3d586a53a1c8327c50145dfc03932f2ea9b36901736375dcb1bc4a121a2
BNCI2014-001,4,riemann_lr,channel_dropout,all_channels,4,0.2,2,22,4,0.5,0.8608374384236452,0.5076411633856668,0.5079946634559752,0.3.2,participant,,,,,,b86ad3d586a53a1c8327c50145dfc03932f2ea9b36901736375dcb1bc4a121a2
BNCI2014-001,4,riemann_lr,channel_dropout,all_channels,4,0.2,3,22,4,0.5899014778325123,0.8399014778325123,0.22245575637842815,0.2210682539953696,0.3.2,participant,,,,,,b86ad3d586a53a1c8327c50145dfc03932f2ea9b36901736375dcb1bc4a121a2
BNCI2014-001,4,riemann_lr,channel_dropout,all_channels,4,0.2,4,22,4,0.6539408866995073,0.8325123152709359,0.20559968430072803,0.1755070022768718,0.3.2,participant,,,,,,b86ad3d586a53a1c8327c50145dfc03932f2ea9b36901736375dcb1bc4a121a2
BNCI2014-001,4,riemann_lr,channel_dropout,all_channels,4,0.2,5,22,4,0.49876847290640397,0.7438423645320197,0.28303184203770004,0.2846135062804407,0.3.2,participant,,,,,,b86ad3d586a53a1c8327c50145dfc03932f2ea9b36901736375dcb1bc4a121a2
BNCI2014-001,4,riemann_lr,channel_dropout,all_channels,4,0.2,6,22,4,0.5,0.7992610837438423,0.357880609247507,0.37094618832760257,0.3.2,participant,,,,,,b86ad3d586a53a1c8327c50145dfc03932f2ea9b36901736375dcb1bc4a121a2
BNCI2014-001,4,riemann_lr,channel_dropout,all_channels,4,0.2,7,22,4,0.5,0.9039408866995075,0.5080084491285628,0.508258386712316,0.3.2,participant,,,,,,b86ad3d586a53a1c8327c50145dfc03932f2ea9b36901736375dcb1bc4a121a2
BNCI2014-001,4,riemann_lr,channel_dropout,all_channels,4,0.2,8,22,4,0.5,0.8103448275862069,0.49319735589434094,0.49776975644302157,0.3.2,participant,,,,,,b86ad3d586a53a1c8327c50145dfc03932f2ea9b36901736375dcb1bc4a121a2
BNCI2014-001,4,riemann_lr,channel_dropout,all_channels,4,0.2,9,22,4,0.5,0.8374384236453203,0.3783557337080378,0.40591500790960533,0.3.2,participant,,,,,,b86ad3d586a53a1c8327c50145dfc03932f2ea9b36901736375dcb1bc4a121a2
BNCI2014-001,4,riemann_lr,channel_dropout,all_channels,4,0.3,0,22,7,0.5,0.7401477832512315,0.5032604141426984,0.5044703408401235,0.3.2,participant,,,,,,b86ad3d586a53a1c8327c50145dfc03932f2ea9b36901736375dcb1bc4a121a2
BNCI2014-001,4,riemann_lr,channel_dropout,all_channels,4,0.3,1,22,7,0.8238916256157636,0.8756157635467979,0.17815662434807264,0.1997001156795835,0.3.2,participant,,,,,,b86ad3d586a53a1c8327c50145dfc03932f2ea9b36901736375dcb1bc4a121a2
BNCI2014-001,4,riemann_lr,channel_dropout,all_channels,4,0.3,2,22,7,0.5,0.7376847290640395,0.5087625559869406,0.508764646728483,0.3.2,participant,,,,,,b86ad3d586a53a1c8327c50145dfc03932f2ea9b36901736375dcb1bc4a121a2
BNCI2014-001,4,riemann_lr,channel_dropout,all_channels,4,0.3,3,22,7,0.5,0.7376847290640394,0.5062276021953324,0.5066953670245553,0.3.2,participant,,,,,,b86ad3d586a53a1c8327c50145dfc03932f2ea9b36901736375dcb1bc4a121a2
BNCI2014-001,4,riemann_lr,channel_dropout,all_channels,4,0.3,4,22,7,0.5,0.7376847290640394,0.4910534976288112,0.49533420674502804,0.3.2,participant,,,,,,b86ad3d586a53a1c8327c50145dfc03932f2ea9b36901736375dcb1bc4a121a2
BNCI2014-001,4,riemann_lr,channel_dropout,all_channels,4,0.3,5,22,7,0.6607142857142857,0.8263546798029555,0.21684564015280725,0.1905543580973437,0.3.2,participant,,,,,,b86ad3d586a53a1c8327c50145dfc03932f2ea9b36901736375dcb1bc4a121a2
BNCI2014-001,4,riemann_lr,channel_dropout,all_channels,4,0.3,6,22,7,0.5,0.7967980295566502,0.49658873411670806,0.4988819953505087,0.3.2,participant,,,,,,b86ad3d586a53a1c8327c50145dfc03932f2ea9b36901736375dcb1bc4a121a2
BNCI2014-001,4,riemann_lr,channel_dropout,all_channels,4,0.3,7,22,7,0.5,0.7475369458128078,0.5076510017904983,0.5078886353047793,0.3.2,participant,,,,,,b86ad3d586a53a1c8327c50145dfc03932f2ea9b36901736375dcb1bc4a121a2
BNCI2014-001,4,riemann_lr,channel_dropout,all_channels,4,0.3,8,22,7,0.5,0.6724137931034484,0.39301099025602515,0.39816240024660454,0.3.2,participant,,,,,,b86ad3d586a53a1c8327c50145dfc03932f2ea9b36901736375dcb1bc4a121a2
BNCI2014-001,4,riemann_lr,channel_dropout,all_channels,4,0.3,9,22,7,0.5,0.6428571428571429,0.4887187363432187,0.49181055012227204,0.3.2,participant,,,,,,b86ad3d586a53a1c8327c50145dfc03932f2ea9b36901736375dcb1bc4a121a2
BNCI2014-001,4,riemann_lr,channel_dropout,all_channels,4,0.5,0,22,11,0.5,0.7438423645320197,0.5083018988779928,0.5083853349213082,0.3.2,participant,,,,,,b86ad3d586a53a1c8327c50145dfc03932f2ea9b36901736375dcb1bc4a121a2
BNCI2014-001,4,riemann_lr,channel_dropout,all_channels,4,0.5,1,22,11,0.5,0.7142857142857144,0.5087528352582062,0.5087557476512395,0.3.2,participant,,,,,,b86ad3d586a53a1c8327c50145dfc03932f2ea9b36901736375dcb1bc4a121a2
BNCI2014-001,4,riemann_lr,channel_dropout,all_channels,4,0.5,2,22,11,0.5,0.6600985221674877,0.4774156299549358,0.47949816964077874,0.3.2,participant,,,,,,b86ad3d586a53a1c8327c50145dfc03932f2ea9b36901736375dcb1bc4a121a2
BNCI2014-001,4,riemann_lr,channel_dropout,all_channels,4,0.5,3,22,11,0.5,0.6773399014778324,0.4425860149268438,0.44689407513835006,0.3.2,participant,,,,,,b86ad3d586a53a1c8327c50145dfc03932f2ea9b36901736375dcb1bc4a121a2
BNCI2014-001,4,riemann_lr,channel_dropout,all_channels,4,0.5,4,22,11,0.5,0.7241379310344829,0.5087619434068227,0.5087634195097686,0.3.2,participant,,,,,,b86ad3d586a53a1c8327c50145dfc03932f2ea9b36901736375dcb1bc4a121a2
BNCI2014-001,4,riemann_lr,channel_dropout,all_channels,4,0.5,5,22,11,0.5,0.7204433497536946,0.5087558331481566,0.5087581011263707,0.3.2,participant,,,,,,b86ad3d586a53a1c8327c50145dfc03932f2ea9b36901736375dcb1bc4a121a2
BNCI2014-001,4,riemann_lr,channel_dropout,all_channels,4,0.5,6,22,11,0.5,0.6317733990147782,0.5087672808638691,0.5087677614892061,0.3.2,participant,,,,,,b86ad3d586a53a1c8327c50145dfc03932f2ea9b36901736375dcb1bc4a121a2
BNCI2014-001,4,riemann_lr,channel_dropout,all_channels,4,0.5,7,22,11,0.5,0.7253694581280787,0.49314281469438254,0.4957170619760365,0.3.2,participant,,,,,,b86ad3d586a53a1c8327c50145dfc03932f2ea9b36901736375dcb1bc4a121a2
BNCI2014-001,4,riemann_lr,channel_dropout,all_channels,4,0.5,8,22,11,0.5646551724137931,0.7032019704433498,0.22474291943229788,0.1512291352051446,0.3.2,participant,,,,,,b86ad3d586a53a1c8327c50145dfc03932f2ea9b36901736375dcb1bc4a121a2
BNCI2014-001,4,riemann_lr,channel_dropout,all_channels,4,0.5,9,22,11,0.5,0.7155172413793104,0.5087478677360703,0.50875213461104,0.3.2,participant,,,,,,b86ad3d586a53a1c8327c50145dfc03932f2ea9b36901736375dcb1bc4a121a2
BNCI2014-001,4,riemann_lr,clean,all_channels,5,0.0,0,22,0,0.8423645320197044,0.9014778325123153,0.13509900416656373,0.1312852651235975,0.3.2,participant,,,,,,b86ad3d586a53a1c8327c50145dfc03932f2ea9b36901736375dcb1bc4a121a2
BNCI2014-001,4,riemann_lr,channel_dropout,all_channels,5,0.1,0,22,2,0.5,0.8633004926108374,0.4181196412205631,0.43942063989471414,0.3.2,participant,,,,,,b86ad3d586a53a1c8327c50145dfc03932f2ea9b36901736375dcb1bc4a121a2
BNCI2014-001,4,riemann_lr,channel_dropout,all_channels,5,0.1,1,22,2,0.5,0.8780788177339902,0.427472079807801,0.44828646766815816,0.3.2,participant,,,,,,b86ad3d586a53a1c8327c50145dfc03932f2ea9b36901736375dcb1bc4a121a2
BNCI2014-001,4,riemann_lr,channel_dropout,all_channels,5,0.1,2,22,2,0.5178571428571429,0.9014778325123153,0.29077742490780356,0.3301042464145803,0.3.2,participant,,,,,,b86ad3d586a53a1c8327c50145dfc03932f2ea9b36901736375dcb1bc4a121a2
BNCI2014-001,4,riemann_lr,channel_dropout,all_channels,5,0.1,3,22,2,0.5,0.8830049261083744,0.4845606011958804,0.4864966606662895,0.3.2,participant,,,,,,b86ad3d586a53a1c8327c50145dfc03932f2ea9b36901736375dcb1bc4a121a2
BNCI2014-001,4,riemann_lr,channel_dropout,all_channels,5,0.1,4,22,2,0.5,0.8719211822660099,0.4499051301890303,0.4629543598383663,0.3.2,participant,,,,,,b86ad3d586a53a1c8327c50145dfc03932f2ea9b36901736375dcb1bc4a121a2
BNCI2014-001,4,riemann_lr,channel_dropout,all_channels,5,0.1,5,22,2,0.5,0.8719211822660099,0.4805359849857368,0.48444873064066263,0.3.2,participant,,,,,,b86ad3d586a53a1c8327c50145dfc03932f2ea9b36901736375dcb1bc4a121a2
BNCI2014-001,4,riemann_lr,channel_dropout,all_channels,5,0.1,6,22,2,0.8442118226600985,0.9039408866995075,0.15158142003077021,0.2089541601994365,0.3.2,participant,,,,,,b86ad3d586a53a1c8327c50145dfc03932f2ea9b36901736375dcb1bc4a121a2
BNCI2014-001,4,riemann_lr,channel_dropout,all_channels,5,0.1,7,22,2,0.7401477832512315,0.8608374384236454,0.1788822136106334,0.17987048119241925,0.3.2,participant,,,,,,b86ad3d586a53a1c8327c50145dfc03932f2ea9b36901736375dcb1bc4a121a2
BNCI2014-001,4,riemann_lr,channel_dropout,all_channels,5,0.1,8,22,2,0.5,0.811576354679803,0.40584745496628316,0.42670115661160735,0.3.2,participant,,,,,,b86ad3d586a53a1c8327c50145dfc03932f2ea9b36901736375dcb1bc4a121a2
BNCI2014-001,4,riemann_lr,channel_dropout,all_channels,5,0.1,9,22,2,0.5,0.8694581280788177,0.4910186522502891,0.4910959714471641,0.3.2,participant,,,,,,b86ad3d586a53a1c8327c50145dfc03932f2ea9b36901736375dcb1bc4a121a2
BNCI2014-001,4,riemann_lr,channel_dropout,all_channels,5,0.2,0,22,4,0.5,0.8497536945812808,0.4408640939571404,0.45297331190557405,0.3.2,participant,,,,,,b86ad3d586a53a1c8327c50145dfc03932f2ea9b36901736375dcb1bc4a121a2
BNCI2014-001,4,riemann_lr,channel_dropout,all_channels,5,0.2,1,22,4,0.5,0.8362068965517242,0.4910207459400981,0.49108666984010674,0.3.2,participant,,,,,,b86ad3d586a53a1c8327c50145dfc03932f2ea9b36901736375dcb1bc4a121a2
BNCI2014-001,4,riemann_lr,channel_dropout,all_channels,5,0.2,2,22,4,0.5178571428571429,0.894088669950739,0.27687156036699184,0.31457965709396085,0.3.2,participant,,,,,,b86ad3d586a53a1c8327c50145dfc03932f2ea9b36901736375dcb1bc4a121a2
BNCI2014-001,4,riemann_lr,channel_dropout,all_channels,5,0.2,3,22,4,0.5,0.8041871921182266,0.49109709180570904,0.49112559173013126,0.3.2,participant,,,,,,b86ad3d586a53a1c8327c50145dfc03932f2ea9b36901736375dcb1bc4a121a2
BNCI2014-001,4,riemann_lr,channel_dropout,all_channels,5,0.2,4,22,4,0.625615763546798,0.8152709359605912,0.2169639989323367,0.17498283333876152,0.3.2,participant,,,,,,b86ad3d586a53a1c8327c50145dfc03932f2ea9b36901736375dcb1bc4a121a2
BNCI2014-001,4,riemann_lr,channel_dropout,all_channels,5,0.2,5,22,4,0.5,0.8608374384236454,0.4455532370902416,0.45897346393065885,0.3.2,participant,,,,,,b86ad3d586a53a1c8327c50145dfc03932f2ea9b36901736375dcb1bc4a121a2
BNCI2014-001,4,riemann_lr,channel_dropout,all_channels,5,0.2,6,22,4,0.5,0.852216748768473,0.43131189583467405,0.446901972507212,0.3.2,participant,,,,,,b86ad3d586a53a1c8327c50145dfc03932f2ea9b36901736375dcb1bc4a121a2
BNCI2014-001,4,riemann_lr,channel_dropout,all_channels,5,0.2,7,22,4,0.5,0.8399014778325123,0.34627635301208126,0.371075850901007,0.3.2,participant,,,,,,b86ad3d586a53a1c8327c50145dfc03932f2ea9b36901736375dcb1bc4a121a2
BNCI2014-001,4,riemann_lr,channel_dropout,all_channels,5,0.2,8,22,4,0.5,0.8793103448275863,0.4626376976846553,0.4713570921514034,0.3.2,participant,,,,,,b86ad3d586a53a1c8327c50145dfc03932f2ea9b36901736375dcb1bc4a121a2
BNCI2014-001,4,riemann_lr,channel_dropout,all_channels,5,0.2,9,22,4,0.5,0.7733990147783252,0.4911984814524798,0.4912061009088383,0.3.2,participant,,,,,,b86ad3d586a53a1c8327c50145dfc03932f2ea9b36901736375dcb1bc4a121a2
BNCI2014-001,4,riemann_lr,channel_dropout,all_channels,5,0.3,0,22,7,0.5,0.7327586206896552,0.45611806196481103,0.464786891825155,0.3.2,participant,,,,,,b86ad3d586a53a1c8327c50145dfc03932f2ea9b36901736375dcb1bc4a121a2
BNCI2014-001,4,riemann_lr,channel_dropout,all_channels,5,0.3,1,22,7,0.5,0.7746305418719212,0.49108640164546385,0.491113084544718,0.3.2,participant,,,,,,b86ad3d586a53a1c8327c50145dfc03932f2ea9b36901736375dcb1bc4a121a2
BNCI2014-001,4,riemann_lr,channel_dropout,all_channels,5,0.3,2,22,7,0.5,0.8078817733990147,0.4836787088974553,0.48523469022920396,0.3.2,participant,,,,,,b86ad3d586a53a1c8327c50145dfc03932f2ea9b36901736375dcb1bc4a121a2
BNCI2014-001,4,riemann_lr,channel_dropout,all_channels,5,0.3,3,22,7,0.5,0.8263546798029556,0.49064330637609443,0.49078046027076194,0.3.2,participant,,,,,,b86ad3d586a53a1c8327c50145dfc03932f2ea9b36901736375dcb1bc4a121a2
BNCI2014-001,4,riemann_lr,channel_dropout,all_channels,5,0.3,4,22,7,0.5,0.7389162561576356,0.48910953822351644,0.489521767893494,0.3.2,participant,,,,,,b86ad3d586a53a1c8327c50145dfc03932f2ea9b36901736375dcb1bc4a121a2
BNCI2014-001,4,riemann_lr,channel_dropout,all_channels,5,0.3,5,22,7,0.5,0.8165024630541873,0.4911423988023037,0.4911639207632027,0.3.2,participant,,,,,,b86ad3d586a53a1c8327c50145dfc03932f2ea9b36901736375dcb1bc4a121a2
BNCI2014-001,4,riemann_lr,channel_dropout,all_channels,5,0.3,6,22,7,0.5,0.8916256157635469,0.46268189529107767,0.4704311705978921,0.3.2,participant,,,,,,b86ad3d586a53a1c8327c50145dfc03932f2ea9b36901736375dcb1bc4a121a2
BNCI2014-001,4,riemann_lr,channel_dropout,all_channels,5,0.3,7,22,7,0.5,0.6896551724137931,0.48827336149547473,0.4885019912095685,0.3.2,participant,,,,,,b86ad3d586a53a1c8327c50145dfc03932f2ea9b36901736375dcb1bc4a121a2
BNCI2014-001,4,riemann_lr,channel_dropout,all_channels,5,0.3,8,22,7,0.5,0.7832512315270935,0.48988277140044234,0.49021407487331625,0.3.2,participant,,,,,,b86ad3d586a53a1c8327c50145dfc03932f2ea9b36901736375dcb1bc4a121a2
BNCI2014-001,4,riemann_lr,channel_dropout,all_channels,5,0.3,9,22,7,0.5,0.7758620689655172,0.4420718723489612,0.45159557369491377,0.3.2,participant,,,,,,b86ad3d586a53a1c8327c50145dfc03932f2ea9b36901736375dcb1bc4a121a2
BNCI2014-001,4,riemann_lr,channel_dropout,all_channels,5,0.5,0,22,11,0.5,0.689655172413793,0.487314211881294,0.4877347141108501,0.3.2,participant,,,,,,b86ad3d586a53a1c8327c50145dfc03932f2ea9b36901736375dcb1bc4a121a2
BNCI2014-001,4,riemann_lr,channel_dropout,all_channels,5,0.5,1,22,11,0.6311576354679802,0.6637931034482759,0.22972625281907383,0.11612534944016377,0.3.2,participant,,,,,,b86ad3d586a53a1c8327c50145dfc03932f2ea9b36901736375dcb1bc4a121a2
BNCI2014-001,4,riemann_lr,channel_dropout,all_channels,5,0.5,2,22,11,0.5,0.8091133004926108,0.49101110354698474,0.49105251440510767,0.3.2,participant,,,,,,b86ad3d586a53a1c8327c50145dfc03932f2ea9b36901736375dcb1bc4a121a2
BNCI2014-001,4,riemann_lr,channel_dropout,all_channels,5,0.5,3,22,11,0.5,0.7266009852216749,0.49079069269861886,0.49083555649844657,0.3.2,participant,,,,,,b86ad3d586a53a1c8327c50145dfc03932f2ea9b36901736375dcb1bc4a121a2
BNCI2014-001,4,riemann_lr,channel_dropout,all_channels,5,0.5,4,22,11,0.5,0.7327586206896551,0.4911673444255758,0.4911749417877751,0.3.2,participant,,,,,,b86ad3d586a53a1c8327c50145dfc03932f2ea9b36901736375dcb1bc4a121a2
BNCI2014-001,4,riemann_lr,channel_dropout,all_channels,5,0.5,5,22,11,0.5,0.8399014778325123,0.4905109131295193,0.4906311023477623,0.3.2,participant,,,,,,b86ad3d586a53a1c8327c50145dfc03932f2ea9b36901736375dcb1bc4a121a2
BNCI2014-001,4,riemann_lr,channel_dropout,all_channels,5,0.5,6,22,11,0.5,0.7586206896551724,0.4908578493378389,0.4909252240691997,0.3.2,participant,,,,,,b86ad3d586a53a1c8327c50145dfc03932f2ea9b36901736375dcb1bc4a121a2
BNCI2014-001,4,riemann_lr,channel_dropout,all_channels,5,0.5,7,22,11,0.5,0.6958128078817734,0.4901189794912151,0.490224476335261,0.3.2,participant,,,,,,b86ad3d586a53a1c8327c50145dfc03932f2ea9b36901736375dcb1bc4a121a2
BNCI2014-001,4,riemann_lr,channel_dropout,all_channels,5,0.5,8,22,11,0.5,0.6108374384236454,0.49118843948365887,0.49119191582060995,0.3.2,participant,,,,,,b86ad3d586a53a1c8327c50145dfc03932f2ea9b36901736375dcb1bc4a121a2
BNCI2014-001,4,riemann_lr,channel_dropout,all_channels,5,0.5,9,22,11,0.5,0.6600985221674877,0.487704415861575,0.48830649689035366,0.3.2,participant,,,,,,b86ad3d586a53a1c8327c50145dfc03932f2ea9b36901736375dcb1bc4a121a2
BNCI2014-001,4,riemann_lr,reduced_montage,motor_core,1,0.0,0,3,0,0.5862068965517242,0.7051129607609988,0.22031908565641284,0.10035090945691064,0.3.2,not_applicable,"C3,Cz,C4",,,,,b86ad3d586a53a1c8327c50145dfc03932f2ea9b36901736375dcb1bc4a121a2
BNCI2014-001,4,riemann_lr,reduced_montage,motor_core,2,0.0,0,3,0,0.7413793103448276,0.7550535077288941,0.20802624314075288,0.1432493873874817,0.3.2,not_applicable,"C3,Cz,C4",,,,,b86ad3d586a53a1c8327c50145dfc03932f2ea9b36901736375dcb1bc4a121a2
BNCI2014-001,4,riemann_lr,reduced_montage,motor_core,3,0.0,0,3,0,0.6724137931034483,0.7003567181926279,0.22560798160034118,0.18820604374976155,0.3.2,not_applicable,"C3,Cz,C4",,,,,b86ad3d586a53a1c8327c50145dfc03932f2ea9b36901736375dcb1bc4a121a2
BNCI2014-001,4,riemann_lr,reduced_montage,motor_core,4,0.0,0,3,0,0.7352216748768473,0.8140394088669951,0.18973392427000976,0.12976167179516554,0.3.2,not_applicable,"C3,Cz,C4",,,,,b86ad3d586a53a1c8327c50145dfc03932f2ea9b36901736375dcb1bc4a121a2
BNCI2014-001,4,riemann_lr,reduced_montage,motor_core,5,0.0,0,3,0,0.7007389162561577,0.7869458128078818,0.20128570750599287,0.11425947303538515,0.3.2,not_applicable,"C3,Cz,C4",,,,,b86ad3d586a53a1c8327c50145dfc03932f2ea9b36901736375dcb1bc4a121a2
BNCI2014-001,4,riemann_lr,reduced_montage,motor_extended,1,0.0,0,9,0,0.7586206896551724,0.8478002378121283,0.16770892673693594,0.1634209220313641,0.3.2,not_applicable,"FC3,FCz,FC4,C3,Cz,C4,CP3,CPz,CP4",,,,,b86ad3d586a53a1c8327c50145dfc03932f2ea9b36901736375dcb1bc4a121a2
BNCI2014-001,4,riemann_lr,reduced_montage,motor_extended,2,0.0,0,9,0,0.7241379310344828,0.8632580261593341,0.15679970566930604,0.14167719465032105,0.3.2,not_applicable,"FC3,FCz,FC4,C3,Cz,C4,CP3,CPz,CP4",,,,,b86ad3d586a53a1c8327c50145dfc03932f2ea9b36901736375dcb1bc4a121a2
BNCI2014-001,4,riemann_lr,reduced_montage,motor_extended,3,0.0,0,9,0,0.7413793103448276,0.8299643281807372,0.16711606113789246,0.13612402300287177,0.3.2,not_applicable,"FC3,FCz,FC4,C3,Cz,C4,CP3,CPz,CP4",,,,,b86ad3d586a53a1c8327c50145dfc03932f2ea9b36901736375dcb1bc4a121a2
BNCI2014-001,4,riemann_lr,reduced_montage,motor_extended,4,0.0,0,9,0,0.7364532019704433,0.8669950738916256,0.15493089167242563,0.1629154320956165,0.3.2,not_applicable,"FC3,FCz,FC4,C3,Cz,C4,CP3,CPz,CP4",,,,,b86ad3d586a53a1c8327c50145dfc03932f2ea9b36901736375dcb1bc4a121a2
BNCI2014-001,4,riemann_lr,reduced_montage,motor_extended,5,0.0,0,9,0,0.771551724137931,0.8866995073891626,0.1482006666799495,0.1432371573137001,0.3.2,not_applicable,"FC3,FCz,FC4,C3,Cz,C4,CP3,CPz,CP4",,,,,b86ad3d586a53a1c8327c50145dfc03932f2ea9b36901736375dcb1bc4a121a2
BNCI2014-001,4,riemann_lr,region_dropout,all_channels,1,0.3181818181818182,0,22,7,0.5,0.7241379310344827,0.49979283301782007,0.4998474830543308,0.3.2,not_applicable,,left_motor_strip,"FC3,FC1,C5,C3,C1,CP3,CP1",,,b86ad3d586a53a1c8327c50145dfc03932f2ea9b36901736375dcb1bc4a121a2
BNCI2014-001,4,riemann_lr,region_dropout,all_channels,1,0.13636363636363635,0,22,3,0.5,0.8049940546967894,0.3903304953392934,0.41094307521058315,0.3.2,not_applicable,,midline_motor_strip,"FCz,Cz,CPz",,,b86ad3d586a53a1c8327c50145dfc03932f2ea9b36901736375dcb1bc4a121a2
BNCI2014-001,4,riemann_lr,region_dropout,all_channels,1,0.3181818181818182,0,22,7,0.6551724137931034,0.7086801426872771,0.23767632426507157,0.2094123638612051,0.3.2,not_applicable,,right_motor_strip,"FC2,FC4,C2,C4,C6,CP2,CP4",,,b86ad3d586a53a1c8327c50145dfc03932f2ea9b36901736375dcb1bc4a121a2
BNCI2014-001,4,riemann_lr,region_dropout,all_channels,2,0.3181818181818182,0,22,7,0.5,0.8109393579072534,0.4999847264037025,0.49998959546964516,0.3.2,not_applicable,,left_motor_strip,"FC3,FC1,C5,C3,C1,CP3,CP1",,,b86ad3d586a53a1c8327c50145dfc03932f2ea9b36901736375dcb1bc4a121a2
BNCI2014-001,4,riemann_lr,region_dropout,all_channels,2,0.13636363636363635,0,22,3,0.5,0.8787158145065399,0.47386939953304297,0.48347763530847354,0.3.2,not_applicable,,midline_motor_strip,"FCz,Cz,CPz",,,b86ad3d586a53a1c8327c50145dfc03932f2ea9b36901736375dcb1bc4a121a2
BNCI2014-001,4,riemann_lr,region_dropout,all_channels,2,0.3181818181818182,0,22,7,0.5,0.7288941736028538,0.4197024817997765,0.4276947866059575,0.3.2,not_applicable,,right_motor_strip,"FC2,FC4,C2,C4,C6,CP2,CP4",,,b86ad3d586a53a1c8327c50145dfc03932f2ea9b36901736375dcb1bc4a121a2
BNCI2014-001,4,riemann_lr,region_dropout,all_channels,3,0.3181818181818182,0,22,7,0.5,0.7966706302021404,0.4999148498372143,0.49993801690382866,0.3.2,not_applicable,,left_motor_strip,"FC3,FC1,C5,C3,C1,CP3,CP1",,,b86ad3d586a53a1c8327c50145dfc03932f2ea9b36901736375dcb1bc4a121a2
BNCI2014-001,4,riemann_lr,region_dropout,all_channels,3,0.13636363636363635,0,22,3,0.5,0.8478002378121284,0.4363211784841753,0.45609600909243053,0.3.2,not_applicable,,midline_motor_strip,"FCz,Cz,CPz",,,b86ad3d586a53a1c8327c50145dfc03932f2ea9b36901736375dcb1bc4a121a2
BNCI2014-001,4,riemann_lr,region_dropout,all_channels,3,0.3181818181818182,0,22,7,0.5517241379310345,0.633769322235434,0.25151665586656946,0.1640526754986025,0.3.2,not_applicable,,right_motor_strip,"FC2,FC4,C2,C4,C6,CP2,CP4",,,b86ad3d586a53a1c8327c50145dfc03932f2ea9b36901736375dcb1bc4a121a2
BNCI2014-001,4,riemann_lr,region_dropout,all_channels,4,0.3181818181818182,0,22,7,0.5,0.8596059113300494,0.5087575734736638,0.5087618327684739,0.3.2,not_applicable,,left_motor_strip,"FC3,FC1,C5,C3,C1,CP3,CP1",,,b86ad3d586a53a1c8327c50145dfc03932f2ea9b36901736375dcb1bc4a121a2
BNCI2014-001,4,riemann_lr,region_dropout,all_channels,4,0.13636363636363635,0,22,3,0.5,0.8596059113300493,0.46830150619896793,0.4812127286568311,0.3.2,not_applicable,,midline_motor_strip,"FCz,Cz,CPz",,,b86ad3d586a53a1c8327c50145dfc03932f2ea9b36901736375dcb1bc4a121a2
BNCI2014-001,4,riemann_lr,region_dropout,all_channels,4,0.3181818181818182,0,22,7,0.480295566502463,0.6330049261083744,0.2994333423063502,0.28596201577379027,0.3.2,not_applicable,,right_motor_strip,"FC2,FC4,C2,C4,C6,CP2,CP4",,,b86ad3d586a53a1c8327c50145dfc03932f2ea9b36901736375dcb1bc4a121a2
BNCI2014-001,4,riemann_lr,region_dropout,all_channels,5,0.3181818181818182,0,22,7,0.5,0.8017241379310344,0.49115950824023275,0.49117823756131496,0.3.2,not_applicable,,left_motor_strip,"FC3,FC1,C5,C3,C1,CP3,CP1",,,b86ad3d586a53a1c8327c50145dfc03932f2ea9b36901736375dcb1bc4a121a2
BNCI2014-001,4,riemann_lr,region_dropout,all_channels,5,0.13636363636363635,0,22,3,0.5,0.8633004926108374,0.4664808333343944,0.4746062090014408,0.3.2,not_applicable,,midline_motor_strip,"FCz,Cz,CPz",,,b86ad3d586a53a1c8327c50145dfc03932f2ea9b36901736375dcb1bc4a121a2
BNCI2014-001,4,riemann_lr,region_dropout,all_channels,5,0.3181818181818182,0,22,7,0.5,0.6982758620689655,0.41233770460830316,0.4227172458086324,0.3.2,not_applicable,,right_motor_strip,"FC2,FC4,C2,C4,C6,CP2,CP4",,,b86ad3d586a53a1c8327c50145dfc03932f2ea9b36901736375dcb1bc4a121a2
BNCI2014-001,4,riemann_lr,cross_session,all_channels,0,0.0,0,22,0,0.7777777777777778,0.8840663580246914,0.16200369322551544,0.12242371352386718,0.3.2,not_applicable,,,,0train,1test,b86ad3d586a53a1c8327c50145dfc03932f2ea9b36901736375dcb1bc4a121a2
BNCI2014-001,5,riemann_lr,clean,all_channels,1,0.0,0,22,0,0.5689655172413792,0.6183115338882282,0.2504709857553894,0.126717874600826,0.3.2,participant,,,,,,b86ad3d586a53a1c8327c50145dfc03932f2ea9b36901736375dcb1bc4a121a2
BNCI2014-001,5,riemann_lr,channel_dropout,all_channels,1,0.1,0,22,2,0.5862068965517242,0.629013079667063,0.2554039799049615,0.13623250216123328,0.3.2,participant,,,,,,b86ad3d586a53a1c8327c50145dfc03932f2ea9b36901736375dcb1bc4a121a2
BNCI2014-001,5,riemann_lr,channel_dropout,all_channels,1,0.1,1,22,2,0.5,0.5600475624256838,0.4340964102679624,0.4374590347064756,0.3.2,participant,,,,,,b86ad3d586a53a1c8327c50145dfc03932f2ea9b36901736375dcb1bc4a121a2
BNCI2014-001,5,riemann_lr,channel_dropout,all_channels,1,0.1,2,22,2,0.5689655172413793,0.6302021403091558,0.2823263354968604,0.2187891336111119,0.3.2,participant,,,,,,b86ad3d586a53a1c8327c50145dfc03932f2ea9b36901736375dcb1bc4a121a2
BNCI2014-001,5,riemann_lr,channel_dropout,all_channels,1,0.1,3,22,2,0.5862068965517242,0.6159334126040428,0.2593028279857698,0.13608510896691614,0.3.2,participant,,,,,,b86ad3d586a53a1c8327c50145dfc03932f2ea9b36901736375dcb1bc4a121a2
BNCI2014-001,5,riemann_lr,channel_dropout,all_channels,1,0.1,4,22,2,0.5172413793103449,0.6765755053507729,0.36887331750025987,0.37619312629456625,0.3.2,participant,,,,,,b86ad3d586a53a1c8327c50145dfc03932f2ea9b36901736375dcb1bc4a121a2
BNCI2014-001,5,riemann_lr,channel_dropout,all_channels,1,0.1,5,22,2,0.603448275862069,0.633769322235434,0.24874247609599742,0.11893539482755786,0.3.2,participant,,,,,,b86ad3d586a53a1c8327c50145dfc03932f2ea9b36901736375dcb1bc4a121a2
BNCI2014-001,5,riemann_lr,channel_dropout,all_channels,1,0.1,6,22,2,0.5,0.6765755053507728,0.3443116136793419,0.3520520062796513,0.3.2,participant,,,,,,b86ad3d586a53a1c8327c50145dfc03932f2ea9b36901736375dcb1bc4a121a2
BNCI2014-001,5,riemann_lr,channel_dropout,all_channels,1,0.1,7,22,2,0.5172413793103449,0.6064209274673008,0.3403838834831735,0.3148395470750017,0.3.2,participant,,,,,,b86ad3d586a53a1c8327c50145dfc03932f2ea9b36901736375dcb1bc4a121a2
BNCI2014-001,5,riemann_lr,channel_dropout,all_channels,1,0.1,8,22,2,0.5,0.5600475624256838,0.4340964102679624,0.4374590347064756,0.3.2,participant,,,,,,b86ad3d586a53a1c8327c50145dfc03932f2ea9b36901736375dcb1bc4a121a2
BNCI2014-001,5,riemann_lr,channel_dropout,all_channels,1,0.1,9,22,2,0.5,0.6516052318668253,0.4223318204674876,0.42209358436849465,0.3.2,participant,,,,,,b86ad3d586a53a1c8327c50145dfc03932f2ea9b36901736375dcb1bc4a121a2
BNCI2014-001,5,riemann_lr,channel_dropout,all_channels,1,0.2,0,22,4,0.5344827586206896,0.5766944114149821,0.26458518496491473,0.17936174581077316,0.3.2,participant,,,,,,b86ad3d586a53a1c8327c50145dfc03932f2ea9b36901736375dcb1bc4a121a2
BNCI2014-001,5,riemann_lr,channel_dropout,all_channels,1,0.2,1,22,4,0.46551724137931033,0.5980975029726516,0.2706953131916456,0.2249135951276034,0.3.2,participant,,,,,,b86ad3d586a53a1c8327c50145dfc03932f2ea9b36901736375dcb1bc4a121a2
BNCI2014-001,5,riemann_lr,channel_dropout,all_channels,1,0.2,2,22,4,0.5,0.595719381688466,0.44914250938484473,0.45214183412221254,0.3.2,participant,,,,,,b86ad3d586a53a1c8327c50145dfc03932f2ea9b36901736375dcb1bc4a121a2
BNCI2014-001,5,riemann_lr,channel_dropout,all_channels,1,0.2,3,22,4,0.5,0.5505350772889417,0.39497293500009395,0.3772476539683241,0.3.2,participant,,,,,,b86ad3d586a53a1c8327c50145dfc03932f2ea9b36901736375dcb1bc4a121a2
BNCI2014-001,5,riemann_lr,channel_dropout,all_channels,1,0.2,4,22,4,0.5,0.6872770511296076,0.4454428398851596,0.45169872104732256,0.3.2,participant,,,,,,b86ad3d586a53a1c8327c50145dfc03932f2ea9b36901736375dcb1bc4a121a2
BNCI2014-001,5,riemann_lr,channel_dropout,all_channels,1,0.2,5,22,4,0.5862068965517242,0.6242568370986921,0.2507345425198469,0.13087667054031699,0.3.2,participant,,,,,,b86ad3d586a53a1c8327c50145dfc03932f2ea9b36901736375dcb1bc4a121a2
BNCI2014-001,5,riemann_lr,channel_dropout,all_channels,1,0.2,6,22,4,0.5,0.6052318668252081,0.42952267212247813,0.43416962036713397,0.3.2,participant,,,,,,b86ad3d586a53a1c8327c50145dfc03932f2ea9b36901736375dcb1bc4a121a2
BNCI2014-001,5,riemann_lr,channel_dropout,all_channels,1,0.2,7,22,4,0.5344827586206897,0.5671819262782402,0.25825820286312945,0.18405988506888168,0.3.2,participant,,,,,,b86ad3d586a53a1c8327c50145dfc03932f2ea9b36901736375dcb1bc4a121a2
BNCI2014-001,5,riemann_lr,channel_dropout,all_channels,1,0.2,8,22,4,0.5172413793103449,0.5243757431629013,0.291545304917069,0.21330074351696282,0.3.2,participant,,,,,,b86ad3d586a53a1c8327c50145dfc03932f2ea9b36901736375dcb1bc4a121a2
BNCI2014-001,5,riemann_lr,channel_dropout,all_channels,1,0.2,9,22,4,0.5172413793103449,0.5017835909631392,0.40614910055715747,0.38871283603897305,0.3.2,participant,,,,,,b86ad3d586a53a1c8327c50145dfc03932f2ea9b36901736375dcb1bc4a121a2
BNCI2014-001,5,riemann_lr,channel_dropout,all_channels,1,0.3,0,22,7,0.5,0.4221165279429251,0.4258366520649885,0.41205492004554123,0.3.2,participant,,,,,,b86ad3d586a53a1c8327c50145dfc03932f2ea9b36901736375dcb1bc4a121a2
BNCI2014-001,5,riemann_lr,channel_dropout,all_channels,1,0.3,1,22,7,0.5,0.5386444708680143,0.49474129604374234,0.4949272628885099,0.3.2,participant,,,,,,b86ad3d586a53a1c8327c50145dfc03932f2ea9b36901736375dcb1bc4a121a2
BNCI2014-001,5,riemann_lr,channel_dropout,all_channels,1,0.3,2,22,7,0.5,0.5219976218787159,0.48299113526446585,0.48234837115052875,0.3.2,participant,,,,,,b86ad3d586a53a1c8327c50145dfc03932f2ea9b36901736375dcb1bc4a121a2
BNCI2014-001,5,riemann_lr,channel_dropout,all_channels,1,0.3,3,22,7,0.5344827586206897,0.5826397146254458,0.25702471010942146,0.13754949866569993,0.3.2,participant,,,,,,b86ad3d586a53a1c8327c50145dfc03932f2ea9b36901736375dcb1bc4a121a2
BNCI2014-001,5,riemann_lr,channel_dropout,all_channels,1,0.3,4,22,7,0.5,0.5172413793103449,0.4300626117039686,0.4323745524510603,0.3.2,participant,,,,,,b86ad3d586a53a1c8327c50145dfc03932f2ea9b36901736375dcb1bc4a121a2
BNCI2014-001,5,riemann_lr,channel_dropout,all_channels,1,0.3,5,22,7,0.5,0.6349583828775267,0.4300766086022538,0.42826381268679814,0.3.2,participant,,,,,,b86ad3d586a53a1c8327c50145dfc03932f2ea9b36901736375dcb1bc4a121a2
BNCI2014-001,5,riemann_lr,channel_dropout,all_channels,1,0.3,6,22,7,0.5,0.5362663495838288,0.4063237572509989,0.4008350341760738,0.3.2,participant,,,,,,b86ad3d586a53a1c8327c50145dfc03932f2ea9b36901736375dcb1bc4a121a2
BNCI2014-001,5,riemann_lr,channel_dropout,all_channels,1,0.3,7,22,7,0.5,0.5945303210463734,0.3702849541725882,0.352338629323812,0.3.2,participant,,,,,,b86ad3d586a53a1c8327c50145dfc03932f2ea9b36901736375dcb1bc4a121a2
BNCI2014-001,5,riemann_lr,channel_dropout,all_channels,1,0.3,8,22,7,0.5,0.5434007134363853,0.47903547460946483,0.4815859818894303,0.3.2,participant,,,,,,b86ad3d586a53a1c8327c50145dfc03932f2ea9b36901736375dcb1bc4a121a2
BNCI2014-001,5,riemann_lr,channel_dropout,all_channels,1,0.3,9,22,7,0.5172413793103448,0.5766944114149821,0.2609123669604032,0.10694849516723826,0.3.2,participant,,,,,,b86ad3d586a53a1c8327c50145dfc03932f2ea9b36901736375dcb1bc4a121a2
BNCI2014-001,5,riemann_lr,channel_dropout,all_channels,1,0.5,0,22,11,0.5,0.49227110582639716,0.4062142789023852,0.38401661378299917,0.3.2,participant,,,,,,b86ad3d586a53a1c8327c50145dfc03932f2ea9b36901736375dcb1bc4a121a2
BNCI2014-001,5,riemann_lr,channel_dropout,all_channels,1,0.5,1,22,11,0.5,0.4292508917954816,0.4875085030577413,0.48642725782309104,0.3.2,participant,,,,,,b86ad3d586a53a1c8327c50145dfc03932f2ea9b36901736375dcb1bc4a121a2
BNCI2014-001,5,riemann_lr,channel_dropout,all_channels,1,0.5,2,22,11,0.5,0.5089179548156956,0.4251392865491285,0.42672572777767087,0.3.2,participant,,,,,,b86ad3d586a53a1c8327c50145dfc03932f2ea9b36901736375dcb1bc4a121a2
BNCI2014-001,5,riemann_lr,channel_dropout,all_channels,1,0.5,3,22,11,0.46551724137931033,0.5517241379310345,0.27829584258215323,0.19957288622801123,0.3.2,participant,,,,,,b86ad3d586a53a1c8327c50145dfc03932f2ea9b36901736375dcb1bc4a121a2
BNCI2014-001,5,riemann_lr,channel_dropout,all_channels,1,0.5,4,22,11,0.5,0.558858501783591,0.49639196718916273,0.4962744603877165,0.3.2,participant,,,,,,b86ad3d586a53a1c8327c50145dfc03932f2ea9b36901736375dcb1bc4a121a2
BNCI2014-001,5,riemann_lr,channel_dropout,all_channels,1,0.5,5,22,11,0.5,0.47562425683709864,0.46744951302930776,0.4640385474546038,0.3.2,participant,,,,,,b86ad3d586a53a1c8327c50145dfc03932f2ea9b36901736375dcb1bc4a121a2
BNCI2014-001,5,riemann_lr,channel_dropout,all_channels,1,0.5,6,22,11,0.5,0.43757431629013077,0.38302783287480924,0.35909065831830866,0.3.2,participant,,,,,,b86ad3d586a53a1c8327c50145dfc03932f2ea9b36901736375dcb1bc4a121a2
BNCI2014-001,5,riemann_lr,channel_dropout,all_channels,1,0.5,7,22,11,0.5,0.5481569560047562,0.4981553125426371,0.4982803619749404,0.3.2,participant,,,,,,b86ad3d586a53a1c8327c50145dfc03932f2ea9b36901736375dcb1bc4a121a2
BNCI2014-001,5,riemann_lr,channel_dropout,all_channels,1,0.5,8,22,11,0.5,0.46848989298454224,0.47127675621564874,0.4699229122827813,0.3.2,participant,,,,,,b86ad3d586a53a1c8327c50145dfc03932f2ea9b36901736375dcb1bc4a121a2
BNCI2014-001,5,riemann_lr,channel_dropout,all_channels,1,0.5,9,22,11,0.5172413793103449,0.5148632580261593,0.26911888128141953,0.1336372646281902,0.3.2,participant,,,,,,b86ad3d586a53a1c8327c50145dfc03932f2ea9b36901736375dcb1bc4a121a2
BNCI2014-001,5,riemann_lr,clean,all_channels,2,0.0,0,22,0,0.6206896551724138,0.7395957193816886,0.21084391460674337,0.1416071358981625,0.3.2,participant,,,,,,b86ad3d586a53a1c8327c50145dfc03932f2ea9b36901736375dcb1bc4a121a2
BNCI2014-001,5,riemann_lr,channel_dropout,all_channels,2,0.1,0,22,2,0.6896551724137931,0.7193816884661118,0.21342657288344918,0.13619802427868907,0.3.2,participant,,,,,,b86ad3d586a53a1c8327c50145dfc03932f2ea9b36901736375dcb1bc4a121a2
BNCI2014-001,5,riemann_lr,channel_dropout,all_channels,2,0.1,1,22,2,0.5,0.6634958382877527,0.3112683800235974,0.29170523633633216,0.3.2,participant,,,,,,b86ad3d586a53a1c8327c50145dfc03932f2ea9b36901736375dcb1bc4a121a2
BNCI2014-001,5,riemann_lr,channel_dropout,all_channels,2,0.1,2,22,2,0.603448275862069,0.6563614744351961,0.2385360156362695,0.11829539470826392,0.3.2,participant,,,,,,b86ad3d586a53a1c8327c50145dfc03932f2ea9b36901736375dcb1bc4a121a2
BNCI2014-001,5,riemann_lr,channel_dropout,all_channels,2,0.1,3,22,2,0.603448275862069,0.7074910820451842,0.23223849376540323,0.1610988082682576,0.3.2,participant,,,,,,b86ad3d586a53a1c8327c50145dfc03932f2ea9b36901736375dcb1bc4a121a2
BNCI2014-001,5,riemann_lr,channel_dropout,all_channels,2,0.1,4,22,2,0.5,0.7776456599286563,0.45492087270844056,0.4633865264486371,0.3.2,participant,,,,,,b86ad3d586a53a1c8327c50145dfc03932f2ea9b36901736375dcb1bc4a121a2
BNCI2014-001,5,riemann_lr,channel_dropout,all_channels,2,0.1,5,22,2,0.5,0.7146254458977408,0.4581825301468007,0.46506040628339257,0.3.2,participant,,,,,,b86ad3d586a53a1c8327c50145dfc03932f2ea9b36901736375dcb1bc4a121a2
BNCI2014-001,5,riemann_lr,channel_dropout,all_channels,2,0.1,6,22,2,0.5,0.6884661117717004,0.3704049382069496,0.3756107996980991,0.3.2,participant,,,,,,b86ad3d586a53a1c8327c50145dfc03932f2ea9b36901736375dcb1bc4a121a2
BNCI2014-001,5,riemann_lr,channel_dropout,all_channels,2,0.1,7,22,2,0.5,0.7288941736028538,0.48402476928429156,0.48665095636901873,0.3.2,participant,,,,,,b86ad3d586a53a1c8327c50145dfc03932f2ea9b36901736375dcb1bc4a121a2
BNCI2014-001,5,riemann_lr,channel_dropout,all_channels,2,0.1,8,22,2,0.5,0.6753864447086801,0.423118775979773,0.42928234374383956,0.3.2,participant,,,,,,b86ad3d586a53a1c8327c50145dfc03932f2ea9b36901736375dcb1bc4a121a2
BNCI2014-001,5,riemann_lr,channel_dropout,all_channels,2,0.1,9,22,2,0.5,0.7098692033293698,0.46458845631823165,0.4700122880880197,0.3.2,participant,,,,,,b86ad3d586a53a1c8327c50145dfc03932f2ea9b36901736375dcb1bc4a121a2
BNCI2014-001,5,riemann_lr,channel_dropout,all_channels,2,0.2,0,22,4,0.5,0.7193816884661117,0.46528388191338704,0.46951351555267057,0.3.2,participant,,,,,,b86ad3d586a53a1c8327c50145dfc03932f2ea9b36901736375dcb1bc4a121a2
BNCI2014-001,5,riemann_lr,channel_dropout,all_channels,2,0.2,1,22,4,0.5862068965517242,0.7134363852556481,0.22667409490605858,0.13921130061822537,0.3.2,participant,,,,,,b86ad3d586a53a1c8327c50145dfc03932f2ea9b36901736375dcb1bc4a121a2
BNCI2014-001,5,riemann_lr,channel_dropout,all_channels,2,0.2,2,22,4,0.5,0.6409036860879905,0.3847546521089166,0.3789472115964178,0.3.2,participant,,,,,,b86ad3d586a53a1c8327c50145dfc03932f2ea9b36901736375dcb1bc4a121a2
BNCI2014-001,5,riemann_lr,channel_dropout,all_channels,2,0.2,3,22,4,0.5,0.6551724137931034,0.32241047047725396,0.3082738556572236,0.3.2,participant,,,,,,b86ad3d586a53a1c8327c50145dfc03932f2ea9b36901736375dcb1bc4a121a2
BNCI2014-001,5,riemann_lr,channel_dropout,all_channels,2,0.2,4,22,4,0.5,0.6623067776456599,0.46864252676791557,0.4714341089371258,0.3.2,participant,,,,,,b86ad3d586a53a1c8327c50145dfc03932f2ea9b36901736375dcb1bc4a121a2
BNCI2014-001,5,riemann_lr,channel_dropout,all_channels,2,0.2,5,22,4,0.5,0.5862068965517241,0.47034820214342854,0.4715477073886083,0.3.2,participant,,,,,,b86ad3d586a53a1c8327c50145dfc03932f2ea9b36901736375dcb1bc4a121a2
BNCI2014-001,5,riemann_lr,channel_dropout,all_channels,2,0.2,6,22,4,0.5,0.6623067776456599,0.3587663258339382,0.3500077812505002,0.3.2,participant,,,,,,b86ad3d586a53a1c8327c50145dfc03932f2ea9b36901736375dcb1bc4a121a2
BNCI2014-001,5,riemann_lr,channel_dropout,all_channels,2,0.2,7,22,4,0.5,0.6183115338882283,0.49169573186460386,0.49243527692333666,0.3.2,participant,,,,,,b86ad3d586a53a1c8327c50145dfc03932f2ea9b36901736375dcb1bc4a121a2
BNCI2014-001,5,riemann_lr,channel_dropout,all_channels,2,0.2,8,22,4,0.6551724137931034,0.6658739595719382,0.23624456938784757,0.1180721139187469,0.3.2,participant,,,,,,b86ad3d586a53a1c8327c50145dfc03932f2ea9b36901736375dcb1bc4a121a2
BNCI2014-001,5,riemann_lr,channel_dropout,all_channels,2,0.2,9,22,4,0.6206896551724138,0.6967895362663497,0.23351498405426743,0.1170351432976694,0.3.2,participant,,,,,,b86ad3d586a53a1c8327c50145dfc03932f2ea9b36901736375dcb1bc4a121a2
BNCI2014-001,5,riemann_lr,channel_dropout,all_channels,2,0.3,0,22,7,0.5,0.6397146254458976,0.4611545337521273,0.46504442130915363,0.3.2,participant,,,,,,b86ad3d586a53a1c8327c50145dfc03932f2ea9b36901736375dcb1bc4a121a2
BNCI2014-001,5,riemann_lr,channel_dropout,all_channels,2,0.3,1,22,7,0.5,0.7265160523186682,0.4984041577942914,0.49862677199094424,0.3.2,participant,,,,,,b86ad3d586a53a1c8327c50145dfc03932f2ea9b36901736375dcb1bc4a121a2
BNCI2014-001,5,riemann_lr,channel_dropout,all_channels,2,0.3,2,22,7,0.5,0.6206896551724138,0.49488836052326335,0.49539250000330304,0.3.2,participant,,,,,,b86ad3d586a53a1c8327c50145dfc03932f2ea9b36901736375dcb1bc4a121a2
BNCI2014-001,5,riemann_lr,channel_dropout,all_channels,2,0.3,3,22,7,0.5,0.5529131985731273,0.3374062305548879,0.30789186013249287,0.3.2,participant,,,,,,b86ad3d586a53a1c8327c50145dfc03932f2ea9b36901736375dcb1bc4a121a2
BNCI2014-001,5,riemann_lr,channel_dropout,all_channels,2,0.3,4,22,7,0.5,0.633769322235434,0.32274317719508067,0.29634629719119854,0.3.2,participant,,,,,,b86ad3d586a53a1c8327c50145dfc03932f2ea9b36901736375dcb1bc4a121a2
BNCI2014-001,5,riemann_lr,channel_dropout,all_channels,2,0.3,5,22,7,0.5,0.6147443519619501,0.465693483721911,0.46596197051420146,0.3.2,participant,,,,,,b86ad3d586a53a1c8327c50145dfc03932f2ea9b36901736375dcb1bc4a121a2
BNCI2014-001,5,riemann_lr,channel_dropout,all_channels,2,0.3,6,22,7,0.5689655172413792,0.6266349583828775,0.24192137857056953,0.07073428386781991,0.3.2,participant,,,,,,b86ad3d586a53a1c8327c50145dfc03932f2ea9b36901736375dcb1bc4a121a2
BNCI2014-001,5,riemann_lr,channel_dropout,all_channels,2,0.3,7,22,7,0.5,0.5790725326991676,0.470783921991755,0.4708663092799425,0.3.2,participant,,,,,,b86ad3d586a53a1c8327c50145dfc03932f2ea9b36901736375dcb1bc4a121a2
BNCI2014-001,5,riemann_lr,channel_dropout,all_channels,2,0.3,8,22,7,0.5,0.4946492271105826,0.4997328070409751,0.49973125335197627,0.3.2,participant,,,,,,b86ad3d586a53a1c8327c50145dfc03932f2ea9b36901736375dcb1bc4a121a2
BNCI2014-001,5,riemann_lr,channel_dropout,all_channels,2,0.3,9,22,7,0.5,0.6932223543400714,0.4791862942720988,0.4817646416670379,0.3.2,participant,,,,,,b86ad3d586a53a1c8327c50145dfc03932f2ea9b36901736375dcb1bc4a121a2
BNCI2014-001,5,riemann_lr,channel_dropout,all_channels,2,0.5,0,22,11,0.5,0.5612366230677764,0.4487655945779237,0.4479557519637332,0.3.2,participant,,,,,,b86ad3d586a53a1c8327c50145dfc03932f2ea9b36901736375dcb1bc4a121a2
BNCI2014-001,5,riemann_lr,channel_dropout,all_channels,2,0.5,1,22,11,0.5,0.6313912009512486,0.4778653302050082,0.4794433362447875,0.3.2,participant,,,,,,b86ad3d586a53a1c8327c50145dfc03932f2ea9b36901736375dcb1bc4a121a2
BNCI2014-001,5,riemann_lr,channel_dropout,all_channels,2,0.5,2,22,11,0.5,0.6064209274673009,0.497382908086049,0.4976565007821353,0.3.2,participant,,,,,,b86ad3d586a53a1c8327c50145dfc03932f2ea9b36901736375dcb1bc4a121a2
BNCI2014-001,5,riemann_lr,channel_dropout,all_channels,2,0.5,3,22,11,0.5,0.5338882282996433,0.31596201716354977,0.2631915660158214,0.3.2,participant,,,,,,b86ad3d586a53a1c8327c50145dfc03932f2ea9b36901736375dcb1bc4a121a2
BNCI2014-001,5,riemann_lr,channel_dropout,all_channels,2,0.5,4,22,11,0.5,0.718192627824019,0.48699109222713827,0.4882819391879395,0.3.2,participant,,,,,,b86ad3d586a53a1c8327c50145dfc03932f2ea9b36901736375dcb1bc4a121a2
BNCI2014-001,5,riemann_lr,channel_dropout,all_channels,2,0.5,5,22,11,0.6206896551724138,0.7122473246135553,0.23289000911038538,0.11463377317630014,0.3.2,participant,,,,,,b86ad3d586a53a1c8327c50145dfc03932f2ea9b36901736375dcb1bc4a121a2
BNCI2014-001,5,riemann_lr,channel_dropout,all_channels,2,0.5,6,22,11,0.5,0.581450653983353,0.4051051846545446,0.3968141142833242,0.3.2,participant,,,,,,b86ad3d586a53a1c8327c50145dfc03932f2ea9b36901736375dcb1bc4a121a2
BNCI2014-001,5,riemann_lr,channel_dropout,all_channels,2,0.5,7,22,11,0.5,0.7074910820451842,0.31881853204777205,0.2994298277083543,0.3.2,participant,,,,,,b86ad3d586a53a1c8327c50145dfc03932f2ea9b36901736375dcb1bc4a121a2
BNCI2014-001,5,riemann_lr,channel_dropout,all_channels,2,0.5,8,22,11,0.5,0.5576694411414982,0.3408662784256595,0.3340590747682954,0.3.2,participant,,,,,,b86ad3d586a53a1c8327c50145dfc03932f2ea9b36901736375dcb1bc4a121a2
BNCI2014-001,5,riemann_lr,channel_dropout,all_channels,2,0.5,9,22,11,0.5,0.549346016646849,0.4908200905073168,0.4911798588996463,0.3.2,participant,,,,,,b86ad3d586a53a1c8327c50145dfc03932f2ea9b36901736375dcb1bc4a121a2
BNCI2014-001,5,riemann_lr,clean,all_channels,3,0.0,0,22,0,0.5517241379310345,0.5386444708680143,0.26188562342629673,0.1561168693128208,0.3.2,participant,,,,,,b86ad3d586a53a1c8327c50145dfc03932f2ea9b36901736375dcb1bc4a121a2
BNCI2014-001,5,riemann_lr,channel_dropout,all_channels,3,0.1,0,22,2,0.5,0.4756242568370987,0.4613018960546849,0.46273556726301457,0.3.2,participant,,,,,,b86ad3d586a53a1c8327c50145dfc03932f2ea9b36901736375dcb1bc4a121a2
BNCI2014-001,5,riemann_lr,channel_dropout,all_channels,3,0.1,1,22,2,0.5,0.4589774078478002,0.4746122957478663,0.47376685590584566,0.3.2,participant,,,,,,b86ad3d586a53a1c8327c50145dfc03932f2ea9b36901736375dcb1bc4a121a2
BNCI2014-001,5,riemann_lr,channel_dropout,all_channels,3,0.1,2,22,2,0.5,0.5196195005945303,0.3782905186933951,0.3583934707548991,0.3.2,participant,,,,,,b86ad3d586a53a1c8327c50145dfc03932f2ea9b36901736375dcb1bc4a121a2
BNCI2014-001,5,riemann_lr,channel_dropout,all_channels,3,0.1,3,22,2,0.5,0.5267538644470868,0.4782086386395751,0.4782796613996384,0.3.2,participant,,,,,,b86ad3d586a53a1c8327c50145dfc03932f2ea9b36901736375dcb1bc4a121a2
BNCI2014-001,5,riemann_lr,channel_dropout,all_channels,3,0.1,4,22,2,0.5,0.4565992865636147,0.4895746769905566,0.48969628031815743,0.3.2,participant,,,,,,b86ad3d586a53a1c8327c50145dfc03932f2ea9b36901736375dcb1bc4a121a2
BNCI2014-001,5,riemann_lr,channel_dropout,all_channels,3,0.1,5,22,2,0.5172413793103449,0.48989298454221164,0.32309082223969016,0.2763235958496798,0.3.2,participant,,,,,,b86ad3d586a53a1c8327c50145dfc03932f2ea9b36901736375dcb1bc4a121a2
BNCI2014-001,5,riemann_lr,channel_dropout,all_channels,3,0.1,6,22,2,0.5,0.5243757431629014,0.4824951382926034,0.4832425983185147,0.3.2,participant,,,,,,b86ad3d586a53a1c8327c50145dfc03932f2ea9b36901736375dcb1bc4a121a2
BNCI2014-001,5,riemann_lr,channel_dropout,all_channels,3,0.1,7,22,2,0.5,0.47919143876337694,0.4860862825550427,0.4866958610156573,0.3.2,participant,,,,,,b86ad3d586a53a1c8327c50145dfc03932f2ea9b36901736375dcb1bc4a121a2
BNCI2014-001,5,riemann_lr,channel_dropout,all_channels,3,0.1,8,22,2,0.5,0.5909631391200951,0.4184210865116199,0.4195935869261453,0.3.2,participant,,,,,,b86ad3d586a53a1c8327c50145dfc03932f2ea9b36901736375dcb1bc4a121a2
BNCI2014-001,5,riemann_lr,channel_dropout,all_channels,3,0.1,9,22,2,0.5,0.5921521997621878,0.4609562989081113,0.4626679120127051,0.3.2,participant,,,,,,b86ad3d586a53a1c8327c50145dfc03932f2ea9b36901736375dcb1bc4a121a2
BNCI2014-001,5,riemann_lr,channel_dropout,all_channels,3,0.2,0,22,4,0.5,0.6266349583828775,0.45603141793134466,0.45857276513312223,0.3.2,participant,,,,,,b86ad3d586a53a1c8327c50145dfc03932f2ea9b36901736375dcb1bc4a121a2
BNCI2014-001,5,riemann_lr,channel_dropout,all_channels,3,0.2,1,22,4,0.5172413793103449,0.573127229488704,0.3457786396876817,0.32098639108904736,0.3.2,participant,,,,,,b86ad3d586a53a1c8327c50145dfc03932f2ea9b36901736375dcb1bc4a121a2
BNCI2014-001,5,riemann_lr,channel_dropout,all_channels,3,0.2,2,22,4,0.5517241379310345,0.5362663495838288,0.2903960158675506,0.20959845041514358,0.3.2,participant,,,,,,b86ad3d586a53a1c8327c50145dfc03932f2ea9b36901736375dcb1bc4a121a2
BNCI2014-001,5,riemann_lr,channel_dropout,all_channels,3,0.2,3,22,4,0.6379310344827587,0.6765755053507728,0.2260526467445994,0.0738296685959387,0.3.2,participant,,,,,,b86ad3d586a53a1c8327c50145dfc03932f2ea9b36901736375dcb1bc4a121a2
BNCI2014-001,5,riemann_lr,channel_dropout,all_channels,3,0.2,4,22,4,0.5,0.5077288941736029,0.3959074558692645,0.37411045764006123,0.3.2,participant,,,,,,b86ad3d586a53a1c8327c50145dfc03932f2ea9b36901736375dcb1bc4a121a2
BNCI2014-001,5,riemann_lr,channel_dropout,all_channels,3,0.2,5,22,4,0.5,0.6087990487514863,0.4189581624808843,0.418162907179472,0.3.2,participant,,,,,,b86ad3d586a53a1c8327c50145dfc03932f2ea9b36901736375dcb1bc4a121a2
BNCI2014-001,5,riemann_lr,channel_dropout,all_channels,3,0.2,6,22,4,0.5689655172413793,0.619500594530321,0.2500452423834179,0.12964572201551533,0.3.2,participant,,,,,,b86ad3d586a53a1c8327c50145dfc03932f2ea9b36901736375dcb1bc4a121a2
BNCI2014-001,5,riemann_lr,channel_dropout,all_channels,3,0.2,7,22,4,0.5,0.558858501783591,0.4994471162226038,0.4994988054383195,0.3.2,participant,,,,,,b86ad3d586a53a1c8327c50145dfc03932f2ea9b36901736375dcb1bc4a121a2
BNCI2014-001,5,riemann_lr,channel_dropout,all_channels,3,0.2,8,22,4,0.5,0.6099881093935792,0.4363424619332524,0.43774987795958903,0.3.2,participant,,,,,,b86ad3d586a53a1c8327c50145dfc03932f2ea9b36901736375dcb1bc4a121a2
BNCI2014-001,5,riemann_lr,channel_dropout,all_channels,3,0.2,9,22,4,0.5,0.5552913198573127,0.3727053753124633,0.3523119705455726,0.3.2,participant,,,,,,b86ad3d586a53a1c8327c50145dfc03932f2ea9b36901736375dcb1bc4a121a2
BNCI2014-001,5,riemann_lr,channel_dropout,all_channels,3,0.3,0,22,7,0.5,0.5564803804994055,0.4978391218209475,0.4978915852267001,0.3.2,participant,,,,,,b86ad3d586a53a1c8327c50145dfc03932f2ea9b36901736375dcb1bc4a121a2
BNCI2014-001,5,riemann_lr,channel_dropout,all_channels,3,0.3,1,22,7,0.5,0.6516052318668252,0.478227557490572,0.4803881945622111,0.3.2,participant,,,,,,b86ad3d586a53a1c8327c50145dfc03932f2ea9b36901736375dcb1bc4a121a2
BNCI2014-001,5,riemann_lr,channel_dropout,all_channels,3,0.3,2,22,7,0.5,0.4363852556480381,0.49389658180023005,0.4940854263591598,0.3.2,participant,,,,,,b86ad3d586a53a1c8327c50145dfc03932f2ea9b36901736375dcb1bc4a121a2
BNCI2014-001,5,riemann_lr,channel_dropout,all_channels,3,0.3,3,22,7,0.5,0.48275862068965514,0.49955751967047773,0.49956823951611773,0.3.2,participant,,,,,,b86ad3d586a53a1c8327c50145dfc03932f2ea9b36901736375dcb1bc4a121a2
BNCI2014-001,5,riemann_lr,channel_dropout,all_channels,3,0.3,4,22,7,0.5,0.5124851367419738,0.3296441166484372,0.2756334849326722,0.3.2,participant,,,,,,b86ad3d586a53a1c8327c50145dfc03932f2ea9b36901736375dcb1bc4a121a2
BNCI2014-001,5,riemann_lr,channel_dropout,all_channels,3,0.3,5,22,7,0.5,0.4589774078478003,0.49992751030723603,0.49992527833845474,0.3.2,participant,,,,,,b86ad3d586a53a1c8327c50145dfc03932f2ea9b36901736375dcb1bc4a121a2
BNCI2014-001,5,riemann_lr,channel_dropout,all_channels,3,0.3,6,22,7,0.5,0.587395957193817,0.4918471835125377,0.4923328899251196,0.3.2,participant,,,,,,b86ad3d586a53a1c8327c50145dfc03932f2ea9b36901736375dcb1bc4a121a2
BNCI2014-001,5,riemann_lr,channel_dropout,all_channels,3,0.3,7,22,7,0.5,0.4054696789536267,0.43585173810285754,0.4215705937692269,0.3.2,participant,,,,,,b86ad3d586a53a1c8327c50145dfc03932f2ea9b36901736375dcb1bc4a121a2
BNCI2014-001,5,riemann_lr,channel_dropout,all_channels,3,0.3,8,22,7,0.5,0.46730083234244946,0.4330172065911379,0.42856125038207027,0.3.2,participant,,,,,,b86ad3d586a53a1c8327c50145dfc03932f2ea9b36901736375dcb1bc4a121a2
BNCI2014-001,5,riemann_lr,channel_dropout,all_channels,3,0.3,9,22,7,0.5,0.5231866825208087,0.30061421208053324,0.2224036560261074,0.3.2,participant,,,,,,b86ad3d586a53a1c8327c50145dfc03932f2ea9b36901736375dcb1bc4a121a2
BNCI2014-001,5,riemann_lr,channel_dropout,all_channels,3,0.5,0,22,11,0.5,0.39952437574316296,0.28728224151623477,0.18706760857816032,0.3.2,participant,,,,,,b86ad3d586a53a1c8327c50145dfc03932f2ea9b36901736375dcb1bc4a121a2
BNCI2014-001,5,riemann_lr,channel_dropout,all_channels,3,0.5,1,22,11,0.5,0.5160523186682521,0.4999597272311621,0.4999571570025006,0.3.2,participant,,,,,,b86ad3d586a53a1c8327c50145dfc03932f2ea9b36901736375dcb1bc4a121a2
BNCI2014-001,5,riemann_lr,channel_dropout,all_channels,3,0.5,2,22,11,0.5,0.47800237812128415,0.4738200944914929,0.4733907807741604,0.3.2,participant,,,,,,b86ad3d586a53a1c8327c50145dfc03932f2ea9b36901736375dcb1bc4a121a2
BNCI2014-001,5,riemann_lr,channel_dropout,all_channels,3,0.5,3,22,11,0.5,0.558858501783591,0.49169541945700607,0.49200259653173384,0.3.2,participant,,,,,,b86ad3d586a53a1c8327c50145dfc03932f2ea9b36901736375dcb1bc4a121a2
BNCI2014-001,5,riemann_lr,channel_dropout,all_channels,3,0.5,4,22,11,0.5,0.48038049940546973,0.49987330868160146,0.4998720724475454,0.3.2,participant,,,,,,b86ad3d586a53a1c8327c50145dfc03932f2ea9b36901736375dcb1bc4a121a2
BNCI2014-001,5,riemann_lr,channel_dropout,all_channels,3,0.5,5,22,11,0.5,0.6099881093935791,0.49476128489835725,0.4950449196283021,0.3.2,participant,,,,,,b86ad3d586a53a1c8327c50145dfc03932f2ea9b36901736375dcb1bc4a121a2
BNCI2014-001,5,riemann_lr,channel_dropout,all_channels,3,0.5,6,22,11,0.5,0.3983353151010702,0.36609350156732556,0.31981929639374457,0.3.2,participant,,,,,,b86ad3d586a53a1c8327c50145dfc03932f2ea9b36901736375dcb1bc4a121a2
BNCI2014-001,5,riemann_lr,channel_dropout,all_channels,3,0.5,7,22,11,0.5,0.573127229488704,0.47330269027558824,0.47349990860070645,0.3.2,participant,,,,,,b86ad3d586a53a1c8327c50145dfc03932f2ea9b36901736375dcb1bc4a121a2
BNCI2014-001,5,riemann_lr,channel_dropout,all_channels,3,0.5,8,22,11,0.5,0.502972651605232,0.49996608892414746,0.4999670944902714,0.3.2,participant,,,,,,b86ad3d586a53a1c8327c50145dfc03932f2ea9b36901736375dcb1bc4a121a2
BNCI2014-001,5,riemann_lr,channel_dropout,all_channels,3,0.5,9,22,11,0.5,0.5517241379310345,0.4993173356261508,0.4993401106593086,0.3.2,participant,,,,,,b86ad3d586a53a1c8327c50145dfc03932f2ea9b36901736375dcb1bc4a121a2
BNCI2014-001,5,riemann_lr,clean,all_channels,4,0.0,0,22,0,0.7370689655172413,0.7820197044334974,0.19609278808648237,0.1186863376568879,0.3.2,participant,,,,,,b86ad3d586a53a1c8327c50145dfc03932f2ea9b36901736375dcb1bc4a121a2
BNCI2014-001,5,riemann_lr,channel_dropout,all_channels,4,0.1,0,22,2,0.5,0.6650246305418719,0.37887367049395204,0.38116370821715373,0.3.2,participant,,,,,,b86ad3d586a53a1c8327c50145dfc03932f2ea9b36901736375dcb1bc4a121a2
BNCI2014-001,5,riemann_lr,channel_dropout,all_channels,4,0.1,1,22,2,0.6477832512315271,0.6921182266009851,0.2198278920722507,0.0941628498105662,0.3.2,participant,,,,,,b86ad3d586a53a1c8327c50145dfc03932f2ea9b36901736375dcb1bc4a121a2
BNCI2014-001,5,riemann_lr,channel_dropout,all_channels,4,0.1,2,22,2,0.5178571428571429,0.6834975369458127,0.3348632719452043,0.3260158812785296,0.3.2,participant,,,,,,b86ad3d586a53a1c8327c50145dfc03932f2ea9b36901736375dcb1bc4a121a2
BNCI2014-001,5,riemann_lr,channel_dropout,all_channels,4,0.1,3,22,2,0.5172413793103449,0.7647783251231528,0.3017368671902124,0.295795108226286,0.3.2,participant,,,,,,b86ad3d586a53a1c8327c50145dfc03932f2ea9b36901736375dcb1bc4a121a2
BNCI2014-001,5,riemann_lr,channel_dropout,all_channels,4,0.1,4,22,2,0.5,0.7105911330049262,0.4988530905005769,0.5008738509948935,0.3.2,participant,,,,,,b86ad3d586a53a1c8327c50145dfc03932f2ea9b36901736375dcb1bc4a121a2
BNCI2014-001,5,riemann_lr,channel_dropout,all_channels,4,0.1,5,22,2,0.5498768472906405,0.7216748768472907,0.24057646890416487,0.18476350440399533,0.3.2,participant,,,,,,b86ad3d586a53a1c8327c50145dfc03932f2ea9b36901736375dcb1bc4a121a2
BNCI2014-001,5,riemann_lr,channel_dropout,all_channels,4,0.1,6,22,2,0.5,0.7623152709359605,0.49715435022756843,0.4998924467987522,0.3.2,participant,,,,,,b86ad3d586a53a1c8327c50145dfc03932f2ea9b36901736375dcb1bc4a121a2
BNCI2014-001,5,riemann_lr,channel_dropout,all_channels,4,0.1,7,22,2,0.5178571428571429,0.6834975369458127,0.3348632719452043,0.3260158812785296,0.3.2,participant,,,,,,b86ad3d586a53a1c8327c50145dfc03932f2ea9b36901736375dcb1bc4a121a2
BNCI2014-001,5,riemann_lr,channel_dropout,all_channels,4,0.1,8,22,2,0.5178571428571429,0.7241379310344828,0.37690093891331855,0.386577304667743,0.3.2,participant,,,,,,b86ad3d586a53a1c8327c50145dfc03932f2ea9b36901736375dcb1bc4a121a2
BNCI2014-001,5,riemann_lr,channel_dropout,all_channels,4,0.1,9,22,2,0.5,0.6317733990147784,0.4059907333697214,0.4112224064625238,0.3.2,participant,,,,,,b86ad3d586a53a1c8327c50145dfc03932f2ea9b36901736375dcb1bc4a121a2
BNCI2014-001,5,riemann_lr,channel_dropout,all_channels,4,0.2,0,22,4,0.5,0.645320197044335,0.49627698195843023,0.4982988246332405,0.3.2,participant,,,,,,b86ad3d586a53a1c8327c50145dfc03932f2ea9b36901736375dcb1bc4a121a2
BNCI2014-001,5,riemann_lr,channel_dropout,all_channels,4,0.2,1,22,4,0.5,0.6650246305418719,0.45239687366656256,0.45673179472785186,0.3.2,participant,,,,,,b86ad3d586a53a1c8327c50145dfc03932f2ea9b36901736375dcb1bc4a121a2
BNCI2014-001,5,riemann_lr,channel_dropout,all_channels,4,0.2,2,22,4,0.5320197044334976,0.7192118226600985,0.2356887025416972,0.1799773778410151,0.3.2,participant,,,,,,b86ad3d586a53a1c8327c50145dfc03932f2ea9b36901736375dcb1bc4a121a2
BNCI2014-001,5,riemann_lr,channel_dropout,all_channels,4,0.2,3,22,4,0.5,0.6933497536945813,0.3549604366390543,0.3484754158310015,0.3.2,participant,,,,,,b86ad3d586a53a1c8327c50145dfc03932f2ea9b36901736375dcb1bc4a121a2
BNCI2014-001,5,riemann_lr,channel_dropout,all_channels,4,0.2,4,22,4,0.5,0.710591133004926,0.45172583958537293,0.45845394985624555,0.3.2,participant,,,,,,b86ad3d586a53a1c8327c50145dfc03932f2ea9b36901736375dcb1bc4a121a2
BNCI2014-001,5,riemann_lr,channel_dropout,all_channels,4,0.2,5,22,4,0.5,0.7413793103448275,0.33512761239930705,0.3388556857672343,0.3.2,participant,,,,,,b86ad3d586a53a1c8327c50145dfc03932f2ea9b36901736375dcb1bc4a121a2
BNCI2014-001,5,riemann_lr,channel_dropout,all_channels,4,0.2,6,22,4,0.5,0.6440886699507389,0.437530644016104,0.44139070829442606,0.3.2,participant,,,,,,b86ad3d586a53a1c8327c50145dfc03932f2ea9b36901736375dcb1bc4a121a2
BNCI2014-001,5,riemann_lr,channel_dropout,all_channels,4,0.2,7,22,4,0.5178571428571429,0.6576354679802955,0.30580774688355017,0.2766447245718995,0.3.2,participant,,,,,,b86ad3d586a53a1c8327c50145dfc03932f2ea9b36901736375dcb1bc4a121a2
BNCI2014-001,5,riemann_lr,channel_dropout,all_channels,4,0.2,8,22,4,0.5,0.7315270935960593,0.39665505950908747,0.40591614839353446,0.3.2,participant,,,,,,b86ad3d586a53a1c8327c50145dfc03932f2ea9b36901736375dcb1bc4a121a2
BNCI2014-001,5,riemann_lr,channel_dropout,all_channels,4,0.2,9,22,4,0.5178571428571429,0.7216748768472907,0.31748726155359425,0.3150066578322974,0.3.2,participant,,,,,,b86ad3d586a53a1c8327c50145dfc03932f2ea9b36901736375dcb1bc4a121a2
BNCI2014-001,5,riemann_lr,channel_dropout,all_channels,4,0.3,0,22,7,0.5,0.5492610837438423,0.490903632766055,0.4909094824198096,0.3.2,participant,,,,,,b86ad3d586a53a1c8327c50145dfc03932f2ea9b36901736375dcb1bc4a121a2
BNCI2014-001,5,riemann_lr,channel_dropout,all_channels,4,0.3,1,22,7,0.5357142857142857,0.6157635467980296,0.28599678330192246,0.22916619154854673,0.3.2,participant,,,,,,b86ad3d586a53a1c8327c50145dfc03932f2ea9b36901736375dcb1bc4a121a2
BNCI2014-001,5,riemann_lr,channel_dropout,all_channels,4,0.3,2,22,7,0.5,0.5763546798029556,0.483410588355616,0.48483383225012744,0.3.2,participant,,,,,,b86ad3d586a53a1c8327c50145dfc03932f2ea9b36901736375dcb1bc4a121a2
BNCI2014-001,5,riemann_lr,channel_dropout,all_channels,4,0.3,3,22,7,0.5,0.7192118226600985,0.46731818884798487,0.47237662235354283,0.3.2,participant,,,,,,b86ad3d586a53a1c8327c50145dfc03932f2ea9b36901736375dcb1bc4a121a2
BNCI2014-001,5,riemann_lr,channel_dropout,all_channels,4,0.3,4,22,7,0.5535714285714286,0.6071428571428571,0.30152701241725827,0.25132004233583344,0.3.2,participant,,,,,,b86ad3d586a53a1c8327c50145dfc03932f2ea9b36901736375dcb1bc4a121a2
BNCI2014-001,5,riemann_lr,channel_dropout,all_channels,4,0.3,5,22,7,0.4833743842364532,0.5603448275862069,0.30241600223164317,0.2537841845981427,0.3.2,participant,,,,,,b86ad3d586a53a1c8327c50145dfc03932f2ea9b36901736375dcb1bc4a121a2
BNCI2014-001,5,riemann_lr,channel_dropout,all_channels,4,0.3,6,22,7,0.5,0.6428571428571429,0.4849692972869123,0.48578922172522676,0.3.2,participant,,,,,,b86ad3d586a53a1c8327c50145dfc03932f2ea9b36901736375dcb1bc4a121a2
BNCI2014-001,5,riemann_lr,channel_dropout,all_channels,4,0.3,7,22,7,0.5,0.6798029556650246,0.3383889767117156,0.3244396927537523,0.3.2,participant,,,,,,b86ad3d586a53a1c8327c50145dfc03932f2ea9b36901736375dcb1bc4a121a2
BNCI2014-001,5,riemann_lr,channel_dropout,all_channels,4,0.3,8,22,7,0.5541871921182266,0.5775862068965517,0.2681983715342,0.14105386172481524,0.3.2,participant,,,,,,b86ad3d586a53a1c8327c50145dfc03932f2ea9b36901736375dcb1bc4a121a2
BNCI2014-001,5,riemann_lr,channel_dropout,all_channels,4,0.3,9,22,7,0.5,0.6564039408866995,0.3413822669044509,0.3271284512848652,0.3.2,participant,,,,,,b86ad3d586a53a1c8327c50145dfc03932f2ea9b36901736375dcb1bc4a121a2
BNCI2014-001,5,riemann_lr,channel_dropout,all_channels,4,0.5,0,22,11,0.5,0.4963054187192118,0.4101020987932727,0.3980093127820976,0.3.2,participant,,,,,,b86ad3d586a53a1c8327c50145dfc03932f2ea9b36901736375dcb1bc4a121a2
BNCI2014-001,5,riemann_lr,channel_dropout,all_channels,4,0.5,1,22,11,0.5,0.4926108374384236,0.4806858994979976,0.4794774096963179,0.3.2,participant,,,,,,b86ad3d586a53a1c8327c50145dfc03932f2ea9b36901736375dcb1bc4a121a2
BNCI2014-001,5,riemann_lr,channel_dropout,all_channels,4,0.5,2,22,11,0.5,0.5738916256157635,0.4870762459231684,0.4873476212969853,0.3.2,participant,,,,,,b86ad3d586a53a1c8327c50145dfc03932f2ea9b36901736375dcb1bc4a121a2
BNCI2014-001,5,riemann_lr,channel_dropout,all_channels,4,0.5,3,22,11,0.5,0.5800492610837438,0.3015796814749783,0.23714511950961095,0.3.2,participant,,,,,,b86ad3d586a53a1c8327c50145dfc03932f2ea9b36901736375dcb1bc4a121a2
BNCI2014-001,5,riemann_lr,channel_dropout,all_channels,4,0.5,4,22,11,0.5,0.5098522167487685,0.460617206751773,0.4593564851900013,0.3.2,participant,,,,,,b86ad3d586a53a1c8327c50145dfc03932f2ea9b36901736375dcb1bc4a121a2
BNCI2014-001,5,riemann_lr,channel_dropout,all_channels,4,0.5,5,22,11,0.5,0.6071428571428571,0.44216433075066236,0.44353920418753984,0.3.2,participant,,,,,,b86ad3d586a53a1c8327c50145dfc03932f2ea9b36901736375dcb1bc4a121a2
BNCI2014-001,5,riemann_lr,channel_dropout,all_channels,4,0.5,6,22,11,0.5843596059113301,0.5677339901477833,0.2713209434056915,0.22716644234460773,0.3.2,participant,,,,,,b86ad3d586a53a1c8327c50145dfc03932f2ea9b36901736375dcb1bc4a121a2
BNCI2014-001,5,riemann_lr,channel_dropout,all_channels,4,0.5,7,22,11,0.5,0.5615763546798029,0.5060026177584505,0.5061216647732938,0.3.2,participant,,,,,,b86ad3d586a53a1c8327c50145dfc03932f2ea9b36901736375dcb1bc4a121a2
BNCI2014-001,5,riemann_lr,channel_dropout,all_channels,4,0.5,8,22,11,0.6194581280788177,0.5541871921182266,0.2534297878850875,0.14249769512587349,0.3.2,participant,,,,,,b86ad3d586a53a1c8327c50145dfc03932f2ea9b36901736375dcb1bc4a121a2
BNCI2014-001,5,riemann_lr,channel_dropout,all_channels,4,0.5,9,22,11,0.5,0.6699507389162561,0.5065582582342567,0.5068237820379206,0.3.2,participant,,,,,,b86ad3d586a53a1c8327c50145dfc03932f2ea9b36901736375dcb1bc4a121a2
BNCI2014-001,5,riemann_lr,clean,all_channels,5,0.0,0,22,0,0.5788177339901477,0.6330049261083744,0.24631256202818522,0.09913230857576694,0.3.2,participant,,,,,,b86ad3d586a53a1c8327c50145dfc03932f2ea9b36901736375dcb1bc4a121a2
BNCI2014-001,5,riemann_lr,channel_dropout,all_channels,5,0.1,0,22,2,0.5,0.6440886699507389,0.37301476411014617,0.3919960777484287,0.3.2,participant,,,,,,b86ad3d586a53a1c8327c50145dfc03932f2ea9b36901736375dcb1bc4a121a2
BNCI2014-001,5,riemann_lr,channel_dropout,all_channels,5,0.1,1,22,2,0.5578817733990148,0.6071428571428571,0.25417004456067116,0.11807017100289822,0.3.2,participant,,,,,,b86ad3d586a53a1c8327c50145dfc03932f2ea9b36901736375dcb1bc4a121a2
BNCI2014-001,5,riemann_lr,channel_dropout,all_channels,5,0.1,2,22,2,0.520320197044335,0.5775862068965516,0.29197944447562674,0.2062916427835578,0.3.2,participant,,,,,,b86ad3d586a53a1c8327c50145dfc03932f2ea9b36901736375dcb1bc4a121a2
BNCI2014-001,5,riemann_lr,channel_dropout,all_channels,5,0.1,3,22,2,0.5,0.6465517241379309,0.47427575570958835,0.47556220348934986,0.3.2,participant,,,,,,b86ad3d586a53a1c8327c50145dfc03932f2ea9b36901736375dcb1bc4a121a2
BNCI2014-001,5,riemann_lr,channel_dropout,all_channels,5,0.1,4,22,2,0.5,0.6600985221674875,0.4037041581927709,0.40002567426179536,0.3.2,participant,,,,,,b86ad3d586a53a1c8327c50145dfc03932f2ea9b36901736375dcb1bc4a121a2
BNCI2014-001,5,riemann_lr,channel_dropout,all_channels,5,0.1,5,22,2,0.4839901477832512,0.6022167487684729,0.2820448018463548,0.2224970216009951,0.3.2,participant,,,,,,b86ad3d586a53a1c8327c50145dfc03932f2ea9b36901736375dcb1bc4a121a2
BNCI2014-001,5,riemann_lr,channel_dropout,all_channels,5,0.1,6,22,2,0.5991379310344828,0.6317733990147784,0.2397549088781787,0.12740470858314468,0.3.2,participant,,,,,,b86ad3d586a53a1c8327c50145dfc03932f2ea9b36901736375dcb1bc4a121a2
BNCI2014-001,5,riemann_lr,channel_dropout,all_channels,5,0.1,7,22,2,0.5,0.6096059113300493,0.430517402633436,0.4277317108340837,0.3.2,participant,,,,,,b86ad3d586a53a1c8327c50145dfc03932f2ea9b36901736375dcb1bc4a121a2
BNCI2014-001,5,riemann_lr,channel_dropout,all_channels,5,0.1,8,22,2,0.6133004926108374,0.560344827586207,0.25502836239352616,0.16438025557931968,0.3.2,participant,,,,,,b86ad3d586a53a1c8327c50145dfc03932f2ea9b36901736375dcb1bc4a121a2
BNCI2014-001,5,riemann_lr,channel_dropout,all_channels,5,0.1,9,22,2,0.5,0.5911330049261084,0.4328178636049263,0.43385152127680926,0.3.2,participant,,,,,,b86ad3d586a53a1c8327c50145dfc03932f2ea9b36901736375dcb1bc4a121a2
BNCI2014-001,5,riemann_lr,channel_dropout,all_channels,5,0.2,0,22,4,0.5,0.5899014778325123,0.5082242985657383,0.508306078298908,0.3.2,participant,,,,,,b86ad3d586a53a1c8327c50145dfc03932f2ea9b36901736375dcb1bc4a121a2
BNCI2014-001,5,riemann_lr,channel_dropout,all_channels,5,0.2,1,22,4,0.5,0.5862068965517242,0.4551678355488771,0.4581092712169396,0.3.2,participant,,,,,,b86ad3d586a53a1c8327c50145dfc03932f2ea9b36901736375dcb1bc4a121a2
BNCI2014-001,5,riemann_lr,channel_dropout,all_channels,5,0.2,2,22,4,0.5080049261083743,0.6330049261083744,0.23268947664328485,0.1608914606184461,0.3.2,participant,,,,,,b86ad3d586a53a1c8327c50145dfc03932f2ea9b36901736375dcb1bc4a121a2
BNCI2014-001,5,riemann_lr,channel_dropout,all_channels,5,0.2,3,22,4,0.5,0.5738916256157636,0.45389332729159326,0.45743951623624224,0.3.2,participant,,,,,,b86ad3d586a53a1c8327c50145dfc03932f2ea9b36901736375dcb1bc4a121a2
BNCI2014-001,5,riemann_lr,channel_dropout,all_channels,5,0.2,4,22,4,0.5,0.5504926108374384,0.4106535387886663,0.404995463295837,0.3.2,participant,,,,,,b86ad3d586a53a1c8327c50145dfc03932f2ea9b36901736375dcb1bc4a121a2
BNCI2014-001,5,riemann_lr,channel_dropout,all_channels,5,0.2,5,22,4,0.5,0.5923645320197044,0.5058064886488012,0.5063611764073764,0.3.2,participant,,,,,,b86ad3d586a53a1c8327c50145dfc03932f2ea9b36901736375dcb1bc4a121a2
BNCI2014-001,5,riemann_lr,channel_dropout,all_channels,5,0.2,6,22,4,0.5,0.729064039408867,0.3593984725668748,0.36270451125303316,0.3.2,participant,,,,,,b86ad3d586a53a1c8327c50145dfc03932f2ea9b36901736375dcb1bc4a121a2
BNCI2014-001,5,riemann_lr,channel_dropout,all_channels,5,0.2,7,22,4,0.521551724137931,0.54064039408867,0.2572922934652852,0.1219474738844923,0.3.2,participant,,,,,,b86ad3d586a53a1c8327c50145dfc03932f2ea9b36901736375dcb1bc4a121a2
BNCI2014-001,5,riemann_lr,channel_dropout,all_channels,5,0.2,8,22,4,0.5,0.4938423645320197,0.5063877376663757,0.5064509503272779,0.3.2,participant,,,,,,b86ad3d586a53a1c8327c50145dfc03932f2ea9b36901736375dcb1bc4a121a2
BNCI2014-001,5,riemann_lr,channel_dropout,all_channels,5,0.2,9,22,4,0.5,0.49507389162561577,0.43439110779765894,0.4271217799593658,0.3.2,participant,,,,,,b86ad3d586a53a1c8327c50145dfc03932f2ea9b36901736375dcb1bc4a121a2
BNCI2014-001,5,riemann_lr,channel_dropout,all_channels,5,0.3,0,22,7,0.5,0.645320197044335,0.3428740357999153,0.3255615575771322,0.3.2,participant,,,,,,b86ad3d586a53a1c8327c50145dfc03932f2ea9b36901736375dcb1bc4a121a2
BNCI2014-001,5,riemann_lr,channel_dropout,all_channels,5,0.3,1,22,7,0.5,0.5369458128078819,0.4279197981244561,0.4275070289805965,0.3.2,participant,,,,,,b86ad3d586a53a1c8327c50145dfc03932f2ea9b36901736375dcb1bc4a121a2
BNCI2014-001,5,riemann_lr,channel_dropout,all_channels,5,0.3,2,22,7,0.5,0.5948275862068966,0.4359913203925325,0.4396796065038347,0.3.2,participant,,,,,,b86ad3d586a53a1c8327c50145dfc03932f2ea9b36901736375dcb1bc4a121a2
BNCI2014-001,5,riemann_lr,channel_dropout,all_channels,5,0.3,3,22,7,0.5,0.5086206896551725,0.48870469452940685,0.48872266207978654,0.3.2,participant,,,,,,b86ad3d586a53a1c8327c50145dfc03932f2ea9b36901736375dcb1bc4a121a2
BNCI2014-001,5,riemann_lr,channel_dropout,all_channels,5,0.3,4,22,7,0.4827586206896552,0.6440886699507389,0.2791587434902264,0.24001555223854604,0.3.2,participant,,,,,,b86ad3d586a53a1c8327c50145dfc03932f2ea9b36901736375dcb1bc4a121a2
BNCI2014-001,5,riemann_lr,channel_dropout,all_channels,5,0.3,5,22,7,0.5098522167487685,0.4852216748768473,0.2753837180692476,0.1563922343379131,0.3.2,participant,,,,,,b86ad3d586a53a1c8327c50145dfc03932f2ea9b36901736375dcb1bc4a121a2
BNCI2014-001,5,riemann_lr,channel_dropout,all_channels,5,0.3,6,22,7,0.5,0.6071428571428571,0.4661442541860637,0.4682186257672278,0.3.2,participant,,,,,,b86ad3d586a53a1c8327c50145dfc03932f2ea9b36901736375dcb1bc4a121a2
BNCI2014-001,5,riemann_lr,channel_dropout,all_channels,5,0.3,7,22,7,0.5,0.6477832512315271,0.4011011131300155,0.4116857426855277,0.3.2,participant,,,,,,b86ad3d586a53a1c8327c50145dfc03932f2ea9b36901736375dcb1bc4a121a2
BNCI2014-001,5,riemann_lr,channel_dropout,all_channels,5,0.3,8,22,7,0.5055418719211823,0.5344827586206896,0.26661233707520393,0.14804136083594532,0.3.2,participant,,,,,,b86ad3d586a53a1c8327c50145dfc03932f2ea9b36901736375dcb1bc4a121a2
BNCI2014-001,5,riemann_lr,channel_dropout,all_channels,5,0.3,9,22,7,0.5,0.5935960591133004,0.4047027087039777,0.3966699475493817,0.3.2,participant,,,,,,b86ad3d586a53a1c8327c50145dfc03932f2ea9b36901736375dcb1bc4a121a2
BNCI2014-001,5,riemann_lr,channel_dropout,all_channels,5,0.5,0,22,11,0.5,0.4433497536945813,0.5086745641150877,0.5086730306073756,0.3.2,participant,,,,,,b86ad3d586a53a1c8327c50145dfc03932f2ea9b36901736375dcb1bc4a121a2
BNCI2014-001,5,riemann_lr,channel_dropout,all_channels,5,0.5,1,22,11,0.5,0.458128078817734,0.5086154477766183,0.5086175039383749,0.3.2,participant,,,,,,b86ad3d586a53a1c8327c50145dfc03932f2ea9b36901736375dcb1bc4a121a2
BNCI2014-001,5,riemann_lr,channel_dropout,all_channels,5,0.5,2,22,11,0.46366995073891626,0.41379310344827586,0.3242120193648736,0.27332028980200523,0.3.2,participant,,,,,,b86ad3d586a53a1c8327c50145dfc03932f2ea9b36901736375dcb1bc4a121a2
BNCI2014-001,5,riemann_lr,channel_dropout,all_channels,5,0.5,3,22,11,0.4833743842364532,0.4642857142857143,0.27904397718401475,0.1451757152822758,0.3.2,participant,,,,,,b86ad3d586a53a1c8327c50145dfc03932f2ea9b36901736375dcb1bc4a121a2
BNCI2014-001,5,riemann_lr,channel_dropout,all_channels,5,0.5,4,22,11,0.5,0.5578817733990148,0.4925637210502262,0.49330680256763,0.3.2,participant,,,,,,b86ad3d586a53a1c8327c50145dfc03932f2ea9b36901736375dcb1bc4a121a2
BNCI2014-001,5,riemann_lr,channel_dropout,all_channels,5,0.5,5,22,11,0.5,0.3312807881773399,0.4415081245155116,0.4257937886787105,0.3.2,participant,,,,,,b86ad3d586a53a1c8327c50145dfc03932f2ea9b36901736375dcb1bc4a121a2
BNCI2014-001,5,riemann_lr,channel_dropout,all_channels,5,0.5,6,22,11,0.48214285714285715,0.5886699507389163,0.3049474771449984,0.3132899459411334,0.3.2,participant,,,,,,b86ad3d586a53a1c8327c50145dfc03932f2ea9b36901736375dcb1bc4a121a2
BNCI2014-001,5,riemann_lr,channel_dropout,all_channels,5,0.5,7,22,11,0.4839901477832512,0.5320197044334974,0.26732038375639844,0.13676017969934073,0.3.2,participant,,,,,,b86ad3d586a53a1c8327c50145dfc03932f2ea9b36901736375dcb1bc4a121a2
BNCI2014-001,5,riemann_lr,channel_dropout,all_channels,5,0.5,8,22,11,0.5166256157635468,0.6748768472906403,0.26511145203506575,0.18525169623029553,0.3.2,participant,,,,,,b86ad3d586a53a1c8327c50145dfc03932f2ea9b36901736375dcb1bc4a121a2
BNCI2014-001,5,riemann_lr,channel_dropout,all_channels,5,0.5,9,22,11,0.3910098522167488,0.3633004926108374,0.29577475546647886,0.24255507986457175,0.3.2,participant,,,,,,b86ad3d586a53a1c8327c50145dfc03932f2ea9b36901736375dcb1bc4a121a2
BNCI2014-001,5,riemann_lr,reduced_montage,motor_core,1,0.0,0,3,0,0.4827586206896552,0.4827586206896552,0.26117780081631636,0.10043988500897726,0.3.2,not_applicable,"C3,Cz,C4",,,,,b86ad3d586a53a1c8327c50145dfc03932f2ea9b36901736375dcb1bc4a121a2
BNCI2014-001,5,riemann_lr,reduced_montage,motor_core,2,0.0,0,3,0,0.5689655172413793,0.633769322235434,0.2391951029726001,0.028146885854666646,0.3.2,not_applicable,"C3,Cz,C4",,,,,b86ad3d586a53a1c8327c50145dfc03932f2ea9b36901736375dcb1bc4a121a2
BNCI2014-001,5,riemann_lr,reduced_montage,motor_core,3,0.0,0,3,0,0.5862068965517242,0.5469678953626635,0.2513592413906484,0.04600511686259074,0.3.2,not_applicable,"C3,Cz,C4",,,,,b86ad3d586a53a1c8327c50145dfc03932f2ea9b36901736375dcb1bc4a121a2
BNCI2014-001,5,riemann_lr,reduced_montage,motor_core,4,0.0,0,3,0,0.5615763546798029,0.6059113300492611,0.23927833042447683,0.038191364074517724,0.3.2,not_applicable,"C3,Cz,C4",,,,,b86ad3d586a53a1c8327c50145dfc03932f2ea9b36901736375dcb1bc4a121a2
BNCI2014-001,5,riemann_lr,reduced_montage,motor_core,5,0.0,0,3,0,0.4562807881773399,0.4359605911330049,0.27703363665115727,0.15427591400171511,0.3.2,not_applicable,"C3,Cz,C4",,,,,b86ad3d586a53a1c8327c50145dfc03932f2ea9b36901736375dcb1bc4a121a2
BNCI2014-001,5,riemann_lr,reduced_montage,motor_extended,1,0.0,0,9,0,0.4827586206896552,0.5184304399524375,0.2675054007783394,0.12609158604138887,0.3.2,not_applicable,"FC3,FCz,FC4,C3,Cz,C4,CP3,CPz,CP4",,,,,b86ad3d586a53a1c8327c50145dfc03932f2ea9b36901736375dcb1bc4a121a2
BNCI2014-001,5,riemann_lr,reduced_montage,motor_extended,2,0.0,0,9,0,0.6551724137931034,0.6254458977407847,0.2340633915976606,0.14189112705420867,0.3.2,not_applicable,"FC3,FCz,FC4,C3,Cz,C4,CP3,CPz,CP4",,,,,b86ad3d586a53a1c8327c50145dfc03932f2ea9b36901736375dcb1bc4a121a2
BNCI2014-001,5,riemann_lr,reduced_montage,motor_extended,3,0.0,0,9,0,0.4655172413793104,0.5124851367419738,0.2569870741960435,0.14137927664413463,0.3.2,not_applicable,"FC3,FCz,FC4,C3,Cz,C4,CP3,CPz,CP4",,,,,b86ad3d586a53a1c8327c50145dfc03932f2ea9b36901736375dcb1bc4a121a2
BNCI2014-001,5,riemann_lr,reduced_montage,motor_extended,4,0.0,0,9,0,0.5794334975369457,0.6884236453201971,0.2239673210523099,0.11776995233458162,0.3.2,not_applicable,"FC3,FCz,FC4,C3,Cz,C4,CP3,CPz,CP4",,,,,b86ad3d586a53a1c8327c50145dfc03932f2ea9b36901736375dcb1bc4a121a2
BNCI2014-001,5,riemann_lr,reduced_montage,motor_extended,5,0.0,0,9,0,0.5086206896551724,0.5036945812807883,0.27112035688598496,0.11731336405906623,0.3.2,not_applicable,"FC3,FCz,FC4,C3,Cz,C4,CP3,CPz,CP4",,,,,b86ad3d586a53a1c8327c50145dfc03932f2ea9b36901736375dcb1bc4a121a2
BNCI2014-001,5,riemann_lr,region_dropout,all_channels,1,0.3181818181818182,0,22,7,0.5,0.6373365041617123,0.37939470586562457,0.3782032471729335,0.3.2,not_applicable,,left_motor_strip,"FC3,FC1,C5,C3,C1,CP3,CP1",,,b86ad3d586a53a1c8327c50145dfc03932f2ea9b36901736375dcb1bc4a121a2
BNCI2014-001,5,riemann_lr,region_dropout,all_channels,1,0.13636363636363635,0,22,3,0.5,0.6349583828775267,0.48806343240270794,0.48990572149989575,0.3.2,not_applicable,,midline_motor_strip,"FCz,Cz,CPz",,,b86ad3d586a53a1c8327c50145dfc03932f2ea9b36901736375dcb1bc4a121a2
BNCI2014-001,5,riemann_lr,region_dropout,all_channels,1,0.3181818181818182,0,22,7,0.48275862068965514,0.47919143876337694,0.2891316504232892,0.1838505751233322,0.3.2,not_applicable,,right_motor_strip,"FC2,FC4,C2,C4,C6,CP2,CP4",,,b86ad3d586a53a1c8327c50145dfc03932f2ea9b36901736375dcb1bc4a121a2
BNCI2014-001,5,riemann_lr,region_dropout,all_channels,2,0.3181818181818182,0,22,7,0.5,0.6420927467300832,0.4885430398668766,0.4896317698602334,0.3.2,not_applicable,,left_motor_strip,"FC3,FC1,C5,C3,C1,CP3,CP1",,,b86ad3d586a53a1c8327c50145dfc03932f2ea9b36901736375dcb1bc4a121a2
BNCI2014-001,5,riemann_lr,region_dropout,all_channels,2,0.13636363636363635,0,22,3,0.5,0.7027348394768133,0.48977505502178736,0.4913876427448236,0.3.2,not_applicable,,midline_motor_strip,"FCz,Cz,CPz",,,b86ad3d586a53a1c8327c50145dfc03932f2ea9b36901736375dcb1bc4a121a2
BNCI2014-001,5,riemann_lr,region_dropout,all_channels,2,0.3181818181818182,0,22,7,0.5,0.5541022592152199,0.4533772409302401,0.4531573406475827,0.3.2,not_applicable,,right_motor_strip,"FC2,FC4,C2,C4,C6,CP2,CP4",,,b86ad3d586a53a1c8327c50145dfc03932f2ea9b36901736375dcb1bc4a121a2
BNCI2014-001,5,riemann_lr,region_dropout,all_channels,3,0.3181818181818182,0,22,7,0.5344827586206896,0.6099881093935791,0.2557450997415897,0.14976017979505904,0.3.2,not_applicable,,left_motor_strip,"FC3,FC1,C5,C3,C1,CP3,CP1",,,b86ad3d586a53a1c8327c50145dfc03932f2ea9b36901736375dcb1bc4a121a2
BNCI2014-001,5,riemann_lr,region_dropout,all_channels,3,0.13636363636363635,0,22,3,0.5,0.6302021403091558,0.4262290061378706,0.42943314651349007,0.3.2,not_applicable,,midline_motor_strip,"FCz,Cz,CPz",,,b86ad3d586a53a1c8327c50145dfc03932f2ea9b36901736375dcb1bc4a121a2
BNCI2014-001,5,riemann_lr,region_dropout,all_channels,3,0.3181818181818182,0,22,7,0.3793103448275862,0.3995243757431629,0.3043239597433073,0.26323784016072344,0.3.2,not_applicable,,right_motor_strip,"FC2,FC4,C2,C4,C6,CP2,CP4",,,b86ad3d586a53a1c8327c50145dfc03932f2ea9b36901736375dcb1bc4a121a2
BNCI2014-001,5,riemann_lr,region_dropout,all_channels,4,0.3181818181818182,0,22,7,0.5,0.6822660098522167,0.4130494422696296,0.42318607057722946,0.3.2,not_applicable,,left_motor_strip,"FC3,FC1,C5,C3,C1,CP3,CP1",,,b86ad3d586a53a1c8327c50145dfc03932f2ea9b36901736375dcb1bc4a121a2
BNCI2014-001,5,riemann_lr,region_dropout,all_channels,4,0.13636363636363635,0,22,3,0.5,0.7758620689655172,0.4946872618331084,0.4980244334115652,0.3.2,not_applicable,,midline_motor_strip,"FCz,Cz,CPz",,,b86ad3d586a53a1c8327c50145dfc03932f2ea9b36901736375dcb1bc4a121a2
BNCI2014-001,5,riemann_lr,region_dropout,all_channels,4,0.3181818181818182,0,22,7,0.5,0.5763546798029556,0.35107507689941087,0.3317333472749701,0.3.2,not_applicable,,right_motor_strip,"FC2,FC4,C2,C4,C6,CP2,CP4",,,b86ad3d586a53a1c8327c50145dfc03932f2ea9b36901736375dcb1bc4a121a2
BNCI2014-001,5,riemann_lr,region_dropout,all_channels,5,0.3181818181818182,0,22,7,0.5,0.5012315270935961,0.4744428286754835,0.47207705757411966,0.3.2,not_applicable,,left_motor_strip,"FC3,FC1,C5,C3,C1,CP3,CP1",,,b86ad3d586a53a1c8327c50145dfc03932f2ea9b36901736375dcb1bc4a121a2
BNCI2014-001,5,riemann_lr,region_dropout,all_channels,5,0.13636363636363635,0,22,3,0.5,0.5948275862068966,0.49103615355190255,0.49105037112055394,0.3.2,not_applicable,,midline_motor_strip,"FCz,Cz,CPz",,,b86ad3d586a53a1c8327c50145dfc03932f2ea9b36901736375dcb1bc4a121a2
BNCI2014-001,5,riemann_lr,region_dropout,all_channels,5,0.3181818181818182,0,22,7,0.520320197044335,0.5652709359605912,0.26779367977569557,0.1457279463104773,0.3.2,not_applicable,,right_motor_strip,"FC2,FC4,C2,C4,C6,CP2,CP4",,,b86ad3d586a53a1c8327c50145dfc03932f2ea9b36901736375dcb1bc4a121a2
BNCI2014-001,5,riemann_lr,cross_session,all_channels,0,0.0,0,22,0,0.611111111111111,0.6809413580246914,0.23083073972322696,0.09342632264756663,0.3.2,not_applicable,,,,0train,1test,b86ad3d586a53a1c8327c50145dfc03932f2ea9b36901736375dcb1bc4a121a2
BNCI2014-001,6,riemann_lr,clean,all_channels,1,0.0,0,22,0,0.8103448275862069,0.8692033293697978,0.14677361286665877,0.12005851622301944,0.3.2,participant,,,,,,b86ad3d586a53a1c8327c50145dfc03932f2ea9b36901736375dcb1bc4a121a2
BNCI2014-001,6,riemann_lr,channel_dropout,all_channels,1,0.1,0,22,2,0.5344827586206897,0.7835909631391201,0.3289265088729976,0.34820132413831645,0.3.2,participant,,,,,,b86ad3d586a53a1c8327c50145dfc03932f2ea9b36901736375dcb1bc4a121a2
BNCI2014-001,6,riemann_lr,channel_dropout,all_channels,1,0.1,1,22,2,0.5,0.8501783590963139,0.49970623400277225,0.4998083465447585,0.3.2,participant,,,,,,b86ad3d586a53a1c8327c50145dfc03932f2ea9b36901736375dcb1bc4a121a2
BNCI2014-001,6,riemann_lr,channel_dropout,all_channels,1,0.1,2,22,2,0.5,0.9096313912009513,0.4962219833390794,0.49774726998656815,0.3.2,participant,,,,,,b86ad3d586a53a1c8327c50145dfc03932f2ea9b36901736375dcb1bc4a121a2
BNCI2014-001,6,riemann_lr,channel_dropout,all_channels,1,0.1,3,22,2,0.5,0.8906064209274673,0.49914001391455887,0.49946471918720425,0.3.2,participant,,,,,,b86ad3d586a53a1c8327c50145dfc03932f2ea9b36901736375dcb1bc4a121a2
BNCI2014-001,6,riemann_lr,channel_dropout,all_channels,1,0.1,4,22,2,0.5,0.8252080856123661,0.49937371619602894,0.49959081277951,0.3.2,participant,,,,,,b86ad3d586a53a1c8327c50145dfc03932f2ea9b36901736375dcb1bc4a121a2
BNCI2014-001,6,riemann_lr,channel_dropout,all_channels,1,0.1,5,22,2,0.7241379310344828,0.835909631391201,0.17094888444632705,0.12217593724946502,0.3.2,participant,,,,,,b86ad3d586a53a1c8327c50145dfc03932f2ea9b36901736375dcb1bc4a121a2
BNCI2014-001,6,riemann_lr,channel_dropout,all_channels,1,0.1,6,22,2,0.5689655172413793,0.797859690844233,0.2977077148268517,0.3137904118035565,0.3.2,participant,,,,,,b86ad3d586a53a1c8327c50145dfc03932f2ea9b36901736375dcb1bc4a121a2
BNCI2014-001,6,riemann_lr,channel_dropout,all_channels,1,0.1,7,22,2,0.7241379310344828,0.8561236623067776,0.16065460008708585,0.1634581039603148,0.3.2,participant,,,,,,b86ad3d586a53a1c8327c50145dfc03932f2ea9b36901736375dcb1bc4a121a2
BNCI2014-001,6,riemann_lr,channel_dropout,all_channels,1,0.1,8,22,2,0.5862068965517242,0.8442330558858502,0.2839511906323385,0.3153253440338091,0.3.2,participant,,,,,,b86ad3d586a53a1c8327c50145dfc03932f2ea9b36901736375dcb1bc4a121a2
BNCI2014-001,6,riemann_lr,channel_dropout,all_channels,1,0.1,9,22,2,0.5,0.8882282996432818,0.4834664251217525,0.48997599122348967,0.3.2,participant,,,,,,b86ad3d586a53a1c8327c50145dfc03932f2ea9b36901736375dcb1bc4a121a2
BNCI2014-001,6,riemann_lr,channel_dropout,all_channels,1,0.2,0,22,4,0.6379310344827587,0.7883472057074912,0.19328637291672124,0.11887047298785654,0.3.2,participant,,,,,,b86ad3d586a53a1c8327c50145dfc03932f2ea9b36901736375dcb1bc4a121a2
BNCI2014-001,6,riemann_lr,channel_dropout,all_channels,1,0.2,1,22,4,0.6379310344827587,0.7740784780023782,0.24975889604880278,0.23352481028869335,0.3.2,participant,,,,,,b86ad3d586a53a1c8327c50145dfc03932f2ea9b36901736375dcb1bc4a121a2
BNCI2014-001,6,riemann_lr,channel_dropout,all_channels,1,0.2,2,22,4,0.7068965517241379,0.8085612366230677,0.18746006920052186,0.09916187478113093,0.3.2,participant,,,,,,b86ad3d586a53a1c8327c50145dfc03932f2ea9b36901736375dcb1bc4a121a2
BNCI2014-001,6,riemann_lr,channel_dropout,all_channels,1,0.2,3,22,4,0.5172413793103449,0.8216409036860879,0.3490359679911746,0.37508146873270304,0.3.2,participant,,,,,,b86ad3d586a53a1c8327c50145dfc03932f2ea9b36901736375dcb1bc4a121a2
BNCI2014-001,6,riemann_lr,channel_dropout,all_channels,1,0.2,4,22,4,0.8103448275862069,0.8870392390011891,0.1558197824937712,0.16537246830440652,0.3.2,participant,,,,,,b86ad3d586a53a1c8327c50145dfc03932f2ea9b36901736375dcb1bc4a121a2
BNCI2014-001,6,riemann_lr,channel_dropout,all_channels,1,0.2,5,22,4,0.5,0.6789536266349583,0.499301607142822,0.4993931374355657,0.3.2,participant,,,,,,b86ad3d586a53a1c8327c50145dfc03932f2ea9b36901736375dcb1bc4a121a2
BNCI2014-001,6,riemann_lr,channel_dropout,all_channels,1,0.2,6,22,4,0.5,0.8656361474435197,0.49891247844097464,0.49927033494752693,0.3.2,participant,,,,,,b86ad3d586a53a1c8327c50145dfc03932f2ea9b36901736375dcb1bc4a121a2
BNCI2014-001,6,riemann_lr,channel_dropout,all_channels,1,0.2,7,22,4,0.5,0.7372175980975029,0.4998828639232746,0.49990842636576127,0.3.2,participant,,,,,,b86ad3d586a53a1c8327c50145dfc03932f2ea9b36901736375dcb1bc4a121a2
BNCI2014-001,6,riemann_lr,channel_dropout,all_channels,1,0.2,8,22,4,0.5,0.802615933412604,0.45331577723931527,0.4662183330639293,0.3.2,participant,,,,,,b86ad3d586a53a1c8327c50145dfc03932f2ea9b36901736375dcb1bc4a121a2
BNCI2014-001,6,riemann_lr,channel_dropout,all_channels,1,0.2,9,22,4,0.5,0.8335315101070154,0.4956154315445099,0.4970172059444916,0.3.2,participant,,,,,,b86ad3d586a53a1c8327c50145dfc03932f2ea9b36901736375dcb1bc4a121a2
BNCI2014-001,6,riemann_lr,channel_dropout,all_channels,1,0.3,0,22,7,0.5,0.7526753864447087,0.3361867150936367,0.3387380585401114,0.3.2,participant,,,,,,b86ad3d586a53a1c8327c50145dfc03932f2ea9b36901736375dcb1bc4a121a2
BNCI2014-001,6,riemann_lr,channel_dropout,all_channels,1,0.3,1,22,7,0.5,0.7336504161712247,0.4917011335598717,0.49346110140149935,0.3.2,participant,,,,,,b86ad3d586a53a1c8327c50145dfc03932f2ea9b36901736375dcb1bc4a121a2
BNCI2014-001,6,riemann_lr,channel_dropout,all_channels,1,0.3,2,22,7,0.5,0.8537455410225921,0.4947275265220382,0.49649310386587775,0.3.2,participant,,,,,,b86ad3d586a53a1c8327c50145dfc03932f2ea9b36901736375dcb1bc4a121a2
BNCI2014-001,6,riemann_lr,channel_dropout,all_channels,1,0.3,3,22,7,0.6206896551724137,0.6730083234244947,0.24704705667046853,0.140291721821648,0.3.2,participant,,,,,,b86ad3d586a53a1c8327c50145dfc03932f2ea9b36901736375dcb1bc4a121a2
BNCI2014-001,6,riemann_lr,channel_dropout,all_channels,1,0.3,4,22,7,0.5,0.7086801426872771,0.4997683710903438,0.4998142495232899,0.3.2,participant,,,,,,b86ad3d586a53a1c8327c50145dfc03932f2ea9b36901736375dcb1bc4a121a2
BNCI2014-001,6,riemann_lr,channel_dropout,all_channels,1,0.3,5,22,7,0.5,0.760998810939358,0.3550884029780122,0.36187944518285997,0.3.2,participant,,,,,,b86ad3d586a53a1c8327c50145dfc03932f2ea9b36901736375dcb1bc4a121a2
BNCI2014-001,6,riemann_lr,channel_dropout,all_channels,1,0.3,6,22,7,0.5344827586206896,0.7919143876337693,0.2844030115236457,0.3062607638063514,0.3.2,participant,,,,,,b86ad3d586a53a1c8327c50145dfc03932f2ea9b36901736375dcb1bc4a121a2
BNCI2014-001,6,riemann_lr,channel_dropout,all_channels,1,0.3,7,22,7,0.5,0.7372175980975031,0.49994289802388453,0.49995261421718384,0.3.2,participant,,,,,,b86ad3d586a53a1c8327c50145dfc03932f2ea9b36901736375dcb1bc4a121a2
BNCI2014-001,6,riemann_lr,channel_dropout,all_channels,1,0.3,8,22,7,0.5,0.7110582639714625,0.49999942230213523,0.49999951327538583,0.3.2,participant,,,,,,b86ad3d586a53a1c8327c50145dfc03932f2ea9b36901736375dcb1bc4a121a2
BNCI2014-001,6,riemann_lr,channel_dropout,all_channels,1,0.3,9,22,7,0.5,0.7705112960760999,0.4999105920632303,0.49993247969715404,0.3.2,participant,,,,,,b86ad3d586a53a1c8327c50145dfc03932f2ea9b36901736375dcb1bc4a121a2
BNCI2014-001,6,riemann_lr,channel_dropout,all_channels,1,0.5,0,22,11,0.5,0.6563614744351962,0.4971876848448477,0.49747904884972194,0.3.2,participant,,,,,,b86ad3d586a53a1c8327c50145dfc03932f2ea9b36901736375dcb1bc4a121a2
BNCI2014-001,6,riemann_lr,channel_dropout,all_channels,1,0.5,1,22,11,0.5,0.6016646848989298,0.49779810319596945,0.498009237588664,0.3.2,participant,,,,,,b86ad3d586a53a1c8327c50145dfc03932f2ea9b36901736375dcb1bc4a121a2
BNCI2014-001,6,riemann_lr,channel_dropout,all_channels,1,0.5,2,22,11,0.5,0.5743162901307967,0.3865353174552764,0.3849630688281366,0.3.2,participant,,,,,,b86ad3d586a53a1c8327c50145dfc03932f2ea9b36901736375dcb1bc4a121a2
BNCI2014-001,6,riemann_lr,channel_dropout,all_channels,1,0.5,3,22,11,0.5,0.6516052318668252,0.4950494030748409,0.49561236569010036,0.3.2,participant,,,,,,b86ad3d586a53a1c8327c50145dfc03932f2ea9b36901736375dcb1bc4a121a2
BNCI2014-001,6,riemann_lr,channel_dropout,all_channels,1,0.5,4,22,11,0.5,0.6123662306777646,0.4997488342313248,0.49977672313991894,0.3.2,participant,,,,,,b86ad3d586a53a1c8327c50145dfc03932f2ea9b36901736375dcb1bc4a121a2
BNCI2014-001,6,riemann_lr,channel_dropout,all_channels,1,0.5,5,22,11,0.5,0.7883472057074912,0.4999979174058926,0.4999982818916806,0.3.2,participant,,,,,,b86ad3d586a53a1c8327c50145dfc03932f2ea9b36901736375dcb1bc4a121a2
BNCI2014-001,6,riemann_lr,channel_dropout,all_channels,1,0.5,6,22,11,0.5,0.6860879904875149,0.4999596821296299,0.49996467356517793,0.3.2,participant,,,,,,b86ad3d586a53a1c8327c50145dfc03932f2ea9b36901736375dcb1bc4a121a2
BNCI2014-001,6,riemann_lr,channel_dropout,all_channels,1,0.5,7,22,11,0.5,0.5315101070154578,0.49372514225196207,0.49386152136300543,0.3.2,participant,,,,,,b86ad3d586a53a1c8327c50145dfc03932f2ea9b36901736375dcb1bc4a121a2
BNCI2014-001,6,riemann_lr,channel_dropout,all_channels,1,0.5,8,22,11,0.5,0.6979785969084422,0.43453063925670593,0.4400395141226942,0.3.2,participant,,,,,,b86ad3d586a53a1c8327c50145dfc03932f2ea9b36901736375dcb1bc4a121a2
BNCI2014-001,6,riemann_lr,channel_dropout,all_channels,1,0.5,9,22,11,0.5,0.5992865636147444,0.30815461223366586,0.24907311698982712,0.3.2,participant,,,,,,b86ad3d586a53a1c8327c50145dfc03932f2ea9b36901736375dcb1bc4a121a2
BNCI2014-001,6,riemann_lr,clean,all_channels,2,0.0,0,22,0,0.7241379310344828,0.8145065398335315,0.1751901672365867,0.09133709937002049,0.3.2,participant,,,,,,b86ad3d586a53a1c8327c50145dfc03932f2ea9b36901736375dcb1bc4a121a2
BNCI2014-001,6,riemann_lr,channel_dropout,all_channels,2,0.1,0,22,2,0.5,0.7657550535077289,0.49898965386778965,0.4992885912558429,0.3.2,participant,,,,,,b86ad3d586a53a1c8327c50145dfc03932f2ea9b36901736375dcb1bc4a121a2
BNCI2014-001,6,riemann_lr,channel_dropout,all_channels,2,0.1,1,22,2,0.6551724137931034,0.7693222354340071,0.20226818063858992,0.16628092968362304,0.3.2,participant,,,,,,b86ad3d586a53a1c8327c50145dfc03932f2ea9b36901736375dcb1bc4a121a2
BNCI2014-001,6,riemann_lr,channel_dropout,all_channels,2,0.1,2,22,2,0.5,0.821640903686088,0.4597840817582118,0.47002029713233473,0.3.2,participant,,,,,,b86ad3d586a53a1c8327c50145dfc03932f2ea9b36901736375dcb1bc4a121a2
BNCI2014-001,6,riemann_lr,channel_dropout,all_channels,2,0.1,3,22,2,0.5,0.8061831153388823,0.4463033687231378,0.46007319109070954,0.3.2,participant,,,,,,b86ad3d586a53a1c8327c50145dfc03932f2ea9b36901736375dcb1bc4a121a2
BNCI2014-001,6,riemann_lr,channel_dropout,all_channels,2,0.1,4,22,2,0.5,0.7562425683709869,0.4994853406685236,0.49966032795147863,0.3.2,participant,,,,,,b86ad3d586a53a1c8327c50145dfc03932f2ea9b36901736375dcb1bc4a121a2
BNCI2014-001,6,riemann_lr,channel_dropout,all_channels,2,0.1,5,22,2,0.5517241379310345,0.7764565992865635,0.30389055539994914,0.30676487457627455,0.3.2,participant,,,,,,b86ad3d586a53a1c8327c50145dfc03932f2ea9b36901736375dcb1bc4a121a2
BNCI2014-001,6,riemann_lr,channel_dropout,all_channels,2,0.1,6,22,2,0.5,0.7740784780023782,0.4512973189093911,0.4656923723782923,0.3.2,participant,,,,,,b86ad3d586a53a1c8327c50145dfc03932f2ea9b36901736375dcb1bc4a121a2
BNCI2014-001,6,riemann_lr,channel_dropout,all_channels,2,0.1,7,22,2,0.5,0.7479191438763376,0.4764348341989755,0.4833557019100204,0.3.2,participant,,,,,,b86ad3d586a53a1c8327c50145dfc03932f2ea9b36901736375dcb1bc4a121a2
BNCI2014-001,6,riemann_lr,channel_dropout,all_channels,2,0.1,8,22,2,0.7758620689655172,0.7966706302021402,0.1832519434621675,0.14257415757920638,0.3.2,participant,,,,,,b86ad3d586a53a1c8327c50145dfc03932f2ea9b36901736375dcb1bc4a121a2
BNCI2014-001,6,riemann_lr,channel_dropout,all_channels,2,0.1,9,22,2,0.7931034482758621,0.8394768133174793,0.17311545616390717,0.15284504240992966,0.3.2,participant,,,,,,b86ad3d586a53a1c8327c50145dfc03932f2ea9b36901736375dcb1bc4a121a2
BNCI2014-001,6,riemann_lr,channel_dropout,all_channels,2,0.2,0,22,4,0.5,0.7134363852556481,0.3592038725235395,0.3622513667382351,0.3.2,participant,,,,,,b86ad3d586a53a1c8327c50145dfc03932f2ea9b36901736375dcb1bc4a121a2
BNCI2014-001,6,riemann_lr,channel_dropout,all_channels,2,0.2,1,22,4,0.5,0.7407847800237812,0.488197555530179,0.490491902787352,0.3.2,participant,,,,,,b86ad3d586a53a1c8327c50145dfc03932f2ea9b36901736375dcb1bc4a121a2
BNCI2014-001,6,riemann_lr,channel_dropout,all_channels,2,0.2,2,22,4,0.5,0.7645659928656361,0.4729711767549313,0.4792491272416775,0.3.2,participant,,,,,,b86ad3d586a53a1c8327c50145dfc03932f2ea9b36901736375dcb1bc4a121a2
BNCI2014-001,6,riemann_lr,channel_dropout,all_channels,2,0.2,3,22,4,0.5344827586206897,0.7110582639714625,0.322959019041519,0.315018109906784,0.3.2,participant,,,,,,b86ad3d586a53a1c8327c50145dfc03932f2ea9b36901736375dcb1bc4a121a2
BNCI2014-001,6,riemann_lr,channel_dropout,all_channels,2,0.2,4,22,4,0.5,0.746730083234245,0.49694170053244124,0.4976666332985417,0.3.2,participant,,,,,,b86ad3d586a53a1c8327c50145dfc03932f2ea9b36901736375dcb1bc4a121a2
BNCI2014-001,6,riemann_lr,channel_dropout,all_channels,2,0.2,5,22,4,0.5,0.6765755053507729,0.4914253753412873,0.4931242529670269,0.3.2,participant,,,,,,b86ad3d586a53a1c8327c50145dfc03932f2ea9b36901736375dcb1bc4a121a2
BNCI2014-001,6,riemann_lr,channel_dropout,all_channels,2,0.2,6,22,4,0.5,0.7205707491082045,0.49925654285613236,0.4994048335079623,0.3.2,participant,,,,,,b86ad3d586a53a1c8327c50145dfc03932f2ea9b36901736375dcb1bc4a121a2
BNCI2014-001,6,riemann_lr,channel_dropout,all_channels,2,0.2,7,22,4,0.5,0.7526753864447087,0.46555243403649454,0.47336529119412485,0.3.2,participant,,,,,,b86ad3d586a53a1c8327c50145dfc03932f2ea9b36901736375dcb1bc4a121a2
BNCI2014-001,6,riemann_lr,channel_dropout,all_channels,2,0.2,8,22,4,0.5,0.6492271105826397,0.4334193405486798,0.4358804192142341,0.3.2,participant,,,,,,b86ad3d586a53a1c8327c50145dfc03932f2ea9b36901736375dcb1bc4a121a2
BNCI2014-001,6,riemann_lr,channel_dropout,all_channels,2,0.2,9,22,4,0.6551724137931034,0.718192627824019,0.22486841842081112,0.23750390431278118,0.3.2,participant,,,,,,b86ad3d586a53a1c8327c50145dfc03932f2ea9b36901736375dcb1bc4a121a2
BNCI2014-001,6,riemann_lr,channel_dropout,all_channels,2,0.3,0,22,7,0.603448275862069,0.7395957193816886,0.22739959633194406,0.1350259114765099,0.3.2,participant,,,,,,b86ad3d586a53a1c8327c50145dfc03932f2ea9b36901736375dcb1bc4a121a2
BNCI2014-001,6,riemann_lr,channel_dropout,all_channels,2,0.3,1,22,7,0.5,0.6004756242568371,0.44739771852734533,0.44918902467164246,0.3.2,participant,,,,,,b86ad3d586a53a1c8327c50145dfc03932f2ea9b36901736375dcb1bc4a121a2
BNCI2014-001,6,riemann_lr,channel_dropout,all_channels,2,0.3,2,22,7,0.5,0.6967895362663495,0.33237243206120737,0.3199211626526509,0.3.2,participant,,,,,,b86ad3d586a53a1c8327c50145dfc03932f2ea9b36901736375dcb1bc4a121a2
BNCI2014-001,6,riemann_lr,channel_dropout,all_channels,2,0.3,3,22,7,0.5,0.7443519619500595,0.4986568260344763,0.498930505532002,0.3.2,participant,,,,,,b86ad3d586a53a1c8327c50145dfc03932f2ea9b36901736375dcb1bc4a121a2
BNCI2014-001,6,riemann_lr,channel_dropout,all_channels,2,0.3,4,22,7,0.5,0.7110582639714625,0.41086275829899993,0.4213109220378094,0.3.2,participant,,,,,,b86ad3d586a53a1c8327c50145dfc03932f2ea9b36901736375dcb1bc4a121a2
BNCI2014-001,6,riemann_lr,channel_dropout,all_channels,2,0.3,5,22,7,0.5,0.7003567181926278,0.432893634383394,0.4412401406017476,0.3.2,participant,,,,,,b86ad3d586a53a1c8327c50145dfc03932f2ea9b36901736375dcb1bc4a121a2
BNCI2014-001,6,riemann_lr,channel_dropout,all_channels,2,0.3,6,22,7,0.5,0.7586206896551724,0.4836654389298697,0.48635870374759826,0.3.2,participant,,,,,,b86ad3d586a53a1c8327c50145dfc03932f2ea9b36901736375dcb1bc4a121a2
BNCI2014-001,6,riemann_lr,channel_dropout,all_channels,2,0.3,7,22,7,0.5,0.5790725326991677,0.49975625594261264,0.4998016650504463,0.3.2,participant,,,,,,b86ad3d586a53a1c8327c50145dfc03932f2ea9b36901736375dcb1bc4a121a2
BNCI2014-001,6,riemann_lr,channel_dropout,all_channels,2,0.3,8,22,7,0.5,0.7455410225921523,0.4961896319014897,0.49713518889923847,0.3.2,participant,,,,,,b86ad3d586a53a1c8327c50145dfc03932f2ea9b36901736375dcb1bc4a121a2
BNCI2014-001,6,riemann_lr,channel_dropout,all_channels,2,0.3,9,22,7,0.5,0.6349583828775267,0.39365421359468966,0.3957541955373246,0.3.2,participant,,,,,,b86ad3d586a53a1c8327c50145dfc03932f2ea9b36901736375dcb1bc4a121a2
BNCI2014-001,6,riemann_lr,channel_dropout,all_channels,2,0.5,0,22,11,0.5,0.7086801426872771,0.48754180102142425,0.489006836129511,0.3.2,participant,,,,,,b86ad3d586a53a1c8327c50145dfc03932f2ea9b36901736375dcb1bc4a121a2
BNCI2014-001,6,riemann_lr,channel_dropout,all_channels,2,0.5,1,22,11,0.5,0.6611177170035673,0.4548544179095312,0.45646321705562803,0.3.2,participant,,,,,,b86ad3d586a53a1c8327c50145dfc03932f2ea9b36901736375dcb1bc4a121a2
BNCI2014-001,6,riemann_lr,channel_dropout,all_channels,2,0.5,2,22,11,0.5,0.6682520808561236,0.47352027216767606,0.47787368716782663,0.3.2,participant,,,,,,b86ad3d586a53a1c8327c50145dfc03932f2ea9b36901736375dcb1bc4a121a2
BNCI2014-001,6,riemann_lr,channel_dropout,all_channels,2,0.5,3,22,11,0.5,0.6337693222354339,0.49675744772473823,0.49705987477600727,0.3.2,participant,,,,,,b86ad3d586a53a1c8327c50145dfc03932f2ea9b36901736375dcb1bc4a121a2
BNCI2014-001,6,riemann_lr,channel_dropout,all_channels,2,0.5,4,22,11,0.5,0.549346016646849,0.3244534316509405,0.2968151101726048,0.3.2,participant,,,,,,b86ad3d586a53a1c8327c50145dfc03932f2ea9b36901736375dcb1bc4a121a2
BNCI2014-001,6,riemann_lr,channel_dropout,all_channels,2,0.5,5,22,11,0.5172413793103449,0.5469678953626634,0.2986355915118589,0.21776218552600737,0.3.2,participant,,,,,,b86ad3d586a53a1c8327c50145dfc03932f2ea9b36901736375dcb1bc4a121a2
BNCI2014-001,6,riemann_lr,channel_dropout,all_channels,2,0.5,6,22,11,0.5,0.6099881093935791,0.4999374349034001,0.4999405659877495,0.3.2,participant,,,,,,b86ad3d586a53a1c8327c50145dfc03932f2ea9b36901736375dcb1bc4a121a2
BNCI2014-001,6,riemann_lr,channel_dropout,all_channels,2,0.5,7,22,11,0.5,0.6706302021403092,0.4999985584557728,0.49999878012376986,0.3.2,participant,,,,,,b86ad3d586a53a1c8327c50145dfc03932f2ea9b36901736375dcb1bc4a121a2
BNCI2014-001,6,riemann_lr,channel_dropout,all_channels,2,0.5,8,22,11,0.5,0.5041617122473246,0.46965144308380674,0.46998374816348953,0.3.2,participant,,,,,,b86ad3d586a53a1c8327c50145dfc03932f2ea9b36901736375dcb1bc4a121a2
BNCI2014-001,6,riemann_lr,channel_dropout,all_channels,2,0.5,9,22,11,0.5,0.6753864447086801,0.49996119168116926,0.4999658947218167,0.3.2,participant,,,,,,b86ad3d586a53a1c8327c50145dfc03932f2ea9b36901736375dcb1bc4a121a2
BNCI2014-001,6,riemann_lr,clean,all_channels,3,0.0,0,22,0,0.7586206896551724,0.8703923900118906,0.15141596256209175,0.10304080299879606,0.3.2,participant,,,,,,b86ad3d586a53a1c8327c50145dfc03932f2ea9b36901736375dcb1bc4a121a2
BNCI2014-001,6,riemann_lr,channel_dropout,all_channels,3,0.1,0,22,2,0.5,0.6385255648038051,0.49823037781894225,0.4986607117993809,0.3.2,participant,,,,,,b86ad3d586a53a1c8327c50145dfc03932f2ea9b36901736375dcb1bc4a121a2
BNCI2014-001,6,riemann_lr,channel_dropout,all_channels,3,0.1,1,22,2,0.5,0.7657550535077289,0.4951024302814417,0.4966434194589573,0.3.2,participant,,,,,,b86ad3d586a53a1c8327c50145dfc03932f2ea9b36901736375dcb1bc4a121a2
BNCI2014-001,6,riemann_lr,channel_dropout,all_channels,3,0.1,2,22,2,0.603448275862069,0.8715814506539834,0.2554486567435108,0.29057566086671527,0.3.2,participant,,,,,,b86ad3d586a53a1c8327c50145dfc03932f2ea9b36901736375dcb1bc4a121a2
BNCI2014-001,6,riemann_lr,channel_dropout,all_channels,3,0.1,3,22,2,0.7068965517241379,0.8156956004756243,0.19965946885198108,0.1960661081778102,0.3.2,participant,,,,,,b86ad3d586a53a1c8327c50145dfc03932f2ea9b36901736375dcb1bc4a121a2
BNCI2014-001,6,riemann_lr,channel_dropout,all_channels,3,0.1,4,22,2,0.5,0.83115338882283,0.40856340116505924,0.4351745242280769,0.3.2,participant,,,,,,b86ad3d586a53a1c8327c50145dfc03932f2ea9b36901736375dcb1bc4a121a2
BNCI2014-001,6,riemann_lr,channel_dropout,all_channels,3,0.1,5,22,2,0.7931034482758621,0.8573127229488703,0.17130514088718804,0.16253171680019513,0.3.2,participant,,,,,,b86ad3d586a53a1c8327c50145dfc03932f2ea9b36901736375dcb1bc4a121a2
BNCI2014-001,6,riemann_lr,channel_dropout,all_channels,3,0.1,6,22,2,0.8103448275862069,0.845422116527943,0.16120833456154887,0.15990098681049128,0.3.2,participant,,,,,,b86ad3d586a53a1c8327c50145dfc03932f2ea9b36901736375dcb1bc4a121a2
BNCI2014-001,6,riemann_lr,channel_dropout,all_channels,3,0.1,7,22,2,0.7068965517241379,0.8656361474435196,0.19024147008969403,0.19787157970437763,0.3.2,participant,,,,,,b86ad3d586a53a1c8327c50145dfc03932f2ea9b36901736375dcb1bc4a121a2
BNCI2014-001,6,riemann_lr,channel_dropout,all_channels,3,0.1,8,22,2,0.7413793103448276,0.868014268727705,0.17193566709832198,0.14929322723367078,0.3.2,participant,,,,,,b86ad3d586a53a1c8327c50145dfc03932f2ea9b36901736375dcb1bc4a121a2
BNCI2014-001,6,riemann_lr,channel_dropout,all_channels,3,0.1,9,22,2,0.5517241379310345,0.8287752675386445,0.2599014466516727,0.2872020409292274,0.3.2,participant,,,,,,b86ad3d586a53a1c8327c50145dfc03932f2ea9b36901736375dcb1bc4a121a2
BNCI2014-001,6,riemann_lr,channel_dropout,all_channels,3,0.2,0,22,4,0.5,0.6896551724137931,0.4915561258616924,0.49353635117803407,0.3.2,participant,,,,,,b86ad3d586a53a1c8327c50145dfc03932f2ea9b36901736375dcb1bc4a121a2
BNCI2014-001,6,riemann_lr,channel_dropout,all_channels,3,0.2,1,22,4,0.5,0.7942925089179549,0.46721217750803096,0.4772562804649242,0.3.2,participant,,,,,,b86ad3d586a53a1c8327c50145dfc03932f2ea9b36901736375dcb1bc4a121a2
BNCI2014-001,6,riemann_lr,channel_dropout,all_channels,3,0.2,2,22,4,0.5,0.8965517241379309,0.47712538371862967,0.48512134619233616,0.3.2,participant,,,,,,b86ad3d586a53a1c8327c50145dfc03932f2ea9b36901736375dcb1bc4a121a2
BNCI2014-001,6,riemann_lr,channel_dropout,all_channels,3,0.2,3,22,4,0.5,0.6860879904875149,0.47928498774372486,0.48504696549939047,0.3.2,participant,,,,,,b86ad3d586a53a1c8327c50145dfc03932f2ea9b36901736375dcb1bc4a121a2
BNCI2014-001,6,riemann_lr,channel_dropout,all_channels,3,0.2,4,22,4,0.5172413793103449,0.6646848989298455,0.32703429696070385,0.33160249029987954,0.3.2,participant,,,,,,b86ad3d586a53a1c8327c50145dfc03932f2ea9b36901736375dcb1bc4a121a2
BNCI2014-001,6,riemann_lr,channel_dropout,all_channels,3,0.2,5,22,4,0.5,0.8561236623067776,0.42771502291528346,0.44762660730829124,0.3.2,participant,,,,,,b86ad3d586a53a1c8327c50145dfc03932f2ea9b36901736375dcb1bc4a121a2
BNCI2014-001,6,riemann_lr,channel_dropout,all_channels,3,0.2,6,22,4,0.5,0.7241379310344828,0.3387142703538639,0.33526976695906086,0.3.2,participant,,,,,,b86ad3d586a53a1c8327c50145dfc03932f2ea9b36901736375dcb1bc4a121a2
BNCI2014-001,6,riemann_lr,channel_dropout,all_channels,3,0.2,7,22,4,0.5517241379310345,0.8002378121284186,0.30966441600552375,0.3193008397304503,0.3.2,participant,,,,,,b86ad3d586a53a1c8327c50145dfc03932f2ea9b36901736375dcb1bc4a121a2
BNCI2014-001,6,riemann_lr,channel_dropout,all_channels,3,0.2,8,22,4,0.5,0.8145065398335315,0.4942492220159985,0.49610276658580416,0.3.2,participant,,,,,,b86ad3d586a53a1c8327c50145dfc03932f2ea9b36901736375dcb1bc4a121a2
BNCI2014-001,6,riemann_lr,channel_dropout,all_channels,3,0.2,9,22,4,0.5,0.797859690844233,0.4578987310890229,0.46883352677250373,0.3.2,participant,,,,,,b86ad3d586a53a1c8327c50145dfc03932f2ea9b36901736375dcb1bc4a121a2
BNCI2014-001,6,riemann_lr,channel_dropout,all_channels,3,0.3,0,22,7,0.5,0.6111771700356718,0.3709591156358774,0.3654688534535572,0.3.2,participant,,,,,,b86ad3d586a53a1c8327c50145dfc03932f2ea9b36901736375dcb1bc4a121a2
BNCI2014-001,6,riemann_lr,channel_dropout,all_channels,3,0.3,1,22,7,0.5,0.7241379310344828,0.3395608908980881,0.3336449115483239,0.3.2,participant,,,,,,b86ad3d586a53a1c8327c50145dfc03932f2ea9b36901736375dcb1bc4a121a2
BNCI2014-001,6,riemann_lr,channel_dropout,all_channels,3,0.3,2,22,7,0.5,0.5362663495838287,0.479001080936082,0.4798427900642311,0.3.2,participant,,,,,,b86ad3d586a53a1c8327c50145dfc03932f2ea9b36901736375dcb1bc4a121a2
BNCI2014-001,6,riemann_lr,channel_dropout,all_channels,3,0.3,3,22,7,0.5,0.6504161712247325,0.49979059821082195,0.4998190550667472,0.3.2,participant,,,,,,b86ad3d586a53a1c8327c50145dfc03932f2ea9b36901736375dcb1bc4a121a2
BNCI2014-001,6,riemann_lr,channel_dropout,all_channels,3,0.3,4,22,7,0.5,0.8299643281807372,0.4952709669854182,0.4963832567101203,0.3.2,participant,,,,,,b86ad3d586a53a1c8327c50145dfc03932f2ea9b36901736375dcb1bc4a121a2
BNCI2014-001,6,riemann_lr,channel_dropout,all_channels,3,0.3,5,22,7,0.5,0.7074910820451843,0.47160347617511394,0.47579479179710266,0.3.2,participant,,,,,,b86ad3d586a53a1c8327c50145dfc03932f2ea9b36901736375dcb1bc4a121a2
BNCI2014-001,6,riemann_lr,channel_dropout,all_channels,3,0.3,6,22,7,0.5,0.7740784780023781,0.4452553970040894,0.461693413711344,0.3.2,participant,,,,,,b86ad3d586a53a1c8327c50145dfc03932f2ea9b36901736375dcb1bc4a121a2
BNCI2014-001,6,riemann_lr,channel_dropout,all_channels,3,0.3,7,22,7,0.6379310344827587,0.6753864447086801,0.2336064237992919,0.11951355396979225,0.3.2,participant,,,,,,b86ad3d586a53a1c8327c50145dfc03932f2ea9b36901736375dcb1bc4a121a2
BNCI2014-001,6,riemann_lr,channel_dropout,all_channels,3,0.3,8,22,7,0.5,0.5434007134363853,0.49347236751752765,0.4936059967752381,0.3.2,participant,,,,,,b86ad3d586a53a1c8327c50145dfc03932f2ea9b36901736375dcb1bc4a121a2
BNCI2014-001,6,riemann_lr,channel_dropout,all_channels,3,0.3,9,22,7,0.5,0.6040428061831153,0.44222361176008673,0.4450856803792121,0.3.2,participant,,,,,,b86ad3d586a53a1c8327c50145dfc03932f2ea9b36901736375dcb1bc4a121a2
BNCI2014-001,6,riemann_lr,channel_dropout,all_channels,3,0.5,0,22,11,0.5,0.4221165279429251,0.4807615552122337,0.47944678820246095,0.3.2,participant,,,,,,b86ad3d586a53a1c8327c50145dfc03932f2ea9b36901736375dcb1bc4a121a2
BNCI2014-001,6,riemann_lr,channel_dropout,all_channels,3,0.5,1,22,11,0.5,0.7348394768133175,0.48657190281144247,0.48724161458672377,0.3.2,participant,,,,,,b86ad3d586a53a1c8327c50145dfc03932f2ea9b36901736375dcb1bc4a121a2
BNCI2014-001,6,riemann_lr,channel_dropout,all_channels,3,0.5,2,22,11,0.48275862068965514,0.5469678953626635,0.27108327553758005,0.14971182882236278,0.3.2,participant,,,,,,b86ad3d586a53a1c8327c50145dfc03932f2ea9b36901736375dcb1bc4a121a2
BNCI2014-001,6,riemann_lr,channel_dropout,all_channels,3,0.5,3,22,11,0.5,0.8382877526753865,0.49823141492905293,0.4986506824368603,0.3.2,participant,,,,,,b86ad3d586a53a1c8327c50145dfc03932f2ea9b36901736375dcb1bc4a121a2
BNCI2014-001,6,riemann_lr,channel_dropout,all_channels,3,0.5,4,22,11,0.5,0.4577883472057075,0.49983927800447364,0.49983108826752637,0.3.2,participant,,,,,,b86ad3d586a53a1c8327c50145dfc03932f2ea9b36901736375dcb1bc4a121a2
BNCI2014-001,6,riemann_lr,channel_dropout,all_channels,3,0.5,5,22,11,0.5517241379310345,0.72294887039239,0.24420656080035333,0.18483280252116088,0.3.2,participant,,,,,,b86ad3d586a53a1c8327c50145dfc03932f2ea9b36901736375dcb1bc4a121a2
BNCI2014-001,6,riemann_lr,channel_dropout,all_channels,3,0.5,6,22,11,0.5,0.6147443519619501,0.3448645328131173,0.317221237160555,0.3.2,participant,,,,,,b86ad3d586a53a1c8327c50145dfc03932f2ea9b36901736375dcb1bc4a121a2
BNCI2014-001,6,riemann_lr,channel_dropout,all_channels,3,0.5,7,22,11,0.5,0.4268727705112961,0.37606669746727417,0.3390600298619647,0.3.2,participant,,,,,,b86ad3d586a53a1c8327c50145dfc03932f2ea9b36901736375dcb1bc4a121a2
BNCI2014-001,6,riemann_lr,channel_dropout,all_channels,3,0.5,8,22,11,0.5,0.6706302021403092,0.38722932450562536,0.38799316821856245,0.3.2,participant,,,,,,b86ad3d586a53a1c8327c50145dfc03932f2ea9b36901736375dcb1bc4a121a2
BNCI2014-001,6,riemann_lr,channel_dropout,all_channels,3,0.5,9,22,11,0.48275862068965514,0.5481569560047563,0.2772518943329068,0.17514382568661085,0.3.2,participant,,,,,,b86ad3d586a53a1c8327c50145dfc03932f2ea9b36901736375dcb1bc4a121a2
BNCI2014-001,6,riemann_lr,clean,all_channels,4,0.0,0,22,0,0.7555418719211823,0.8633004926108374,0.15797203082450115,0.12515657086563553,0.3.2,participant,,,,,,b86ad3d586a53a1c8327c50145dfc03932f2ea9b36901736375dcb1bc4a121a2
BNCI2014-001,6,riemann_lr,channel_dropout,all_channels,4,0.1,0,22,2,0.6631773399014778,0.8115763546798029,0.19099932399159297,0.11767200656378479,0.3.2,participant,,,,,,b86ad3d586a53a1c8327c50145dfc03932f2ea9b36901736375dcb1bc4a121a2
BNCI2014-001,6,riemann_lr,channel_dropout,all_channels,4,0.1,1,22,2,0.5,0.833743842364532,0.389837673215212,0.4180688288702119,0.3.2,participant,,,,,,b86ad3d586a53a1c8327c50145dfc03932f2ea9b36901736375dcb1bc4a121a2
BNCI2014-001,6,riemann_lr,channel_dropout,all_channels,4,0.1,2,22,2,0.7222906403940887,0.7869458128078818,0.19443184356071927,0.14466922526588727,0.3.2,participant,,,,,,b86ad3d586a53a1c8327c50145dfc03932f2ea9b36901736375dcb1bc4a121a2
BNCI2014-001,6,riemann_lr,channel_dropout,all_channels,4,0.1,3,22,2,0.5178571428571429,0.8386699507389163,0.36284553177488527,0.40132728267509643,0.3.2,participant,,,,,,b86ad3d586a53a1c8327c50145dfc03932f2ea9b36901736375dcb1bc4a121a2
BNCI2014-001,6,riemann_lr,channel_dropout,all_channels,4,0.1,4,22,2,0.6071428571428571,0.8263546798029557,0.24923549838499925,0.2588940095908612,0.3.2,participant,,,,,,b86ad3d586a53a1c8327c50145dfc03932f2ea9b36901736375dcb1bc4a121a2
BNCI2014-001,6,riemann_lr,channel_dropout,all_channels,4,0.1,5,22,2,0.6699507389162561,0.8288177339901478,0.203606415628897,0.16376697106445345,0.3.2,participant,,,,,,b86ad3d586a53a1c8327c50145dfc03932f2ea9b36901736375dcb1bc4a121a2
BNCI2014-001,6,riemann_lr,channel_dropout,all_channels,4,0.1,6,22,2,0.5,0.7635467980295567,0.4898594733212251,0.4902854404931788,0.3.2,participant,,,,,,b86ad3d586a53a1c8327c50145dfc03932f2ea9b36901736375dcb1bc4a121a2
BNCI2014-001,6,riemann_lr,channel_dropout,all_channels,4,0.1,7,22,2,0.5714285714285714,0.8251231527093595,0.3208140706301615,0.34822924878405676,0.3.2,participant,,,,,,b86ad3d586a53a1c8327c50145dfc03932f2ea9b36901736375dcb1bc4a121a2
BNCI2014-001,6,riemann_lr,channel_dropout,all_channels,4,0.1,8,22,2,0.6804187192118227,0.8386699507389163,0.18055664859873138,0.10078181623521444,0.3.2,participant,,,,,,b86ad3d586a53a1c8327c50145dfc03932f2ea9b36901736375dcb1bc4a121a2
BNCI2014-001,6,riemann_lr,channel_dropout,all_channels,4,0.1,9,22,2,0.6613300492610837,0.7980295566502463,0.20646467490392265,0.17963053525795372,0.3.2,participant,,,,,,b86ad3d586a53a1c8327c50145dfc03932f2ea9b36901736375dcb1bc4a121a2
BNCI2014-001,6,riemann_lr,channel_dropout,all_channels,4,0.2,0,22,4,0.5,0.7647783251231527,0.48997891183264297,0.490311464595802,0.3.2,participant,,,,,,b86ad3d586a53a1c8327c50145dfc03932f2ea9b36901736375dcb1bc4a121a2
BNCI2014-001,6,riemann_lr,channel_dropout,all_channels,4,0.2,1,22,4,0.49938423645320196,0.7229064039408868,0.383792430844192,0.3946877664358043,0.3.2,participant,,,,,,b86ad3d586a53a1c8327c50145dfc03932f2ea9b36901736375dcb1bc4a121a2
BNCI2014-001,6,riemann_lr,channel_dropout,all_channels,4,0.2,2,22,4,0.5,0.7118226600985221,0.5083777116937448,0.5084976744802073,0.3.2,participant,,,,,,b86ad3d586a53a1c8327c50145dfc03932f2ea9b36901736375dcb1bc4a121a2
BNCI2014-001,6,riemann_lr,channel_dropout,all_channels,4,0.2,3,22,4,0.5,0.7746305418719213,0.48569146967541127,0.48725207136305426,0.3.2,participant,,,,,,b86ad3d586a53a1c8327c50145dfc03932f2ea9b36901736375dcb1bc4a121a2
BNCI2014-001,6,riemann_lr,channel_dropout,all_channels,4,0.2,4,22,4,0.5683497536945813,0.7697044334975369,0.27104224833822455,0.25988537719669597,0.3.2,participant,,,,,,b86ad3d586a53a1c8327c50145dfc03932f2ea9b36901736375dcb1bc4a121a2
BNCI2014-001,6,riemann_lr,channel_dropout,all_channels,4,0.2,5,22,4,0.5,0.8041871921182266,0.4522728247902765,0.46851123474226364,0.3.2,participant,,,,,,b86ad3d586a53a1c8327c50145dfc03932f2ea9b36901736375dcb1bc4a121a2
BNCI2014-001,6,riemann_lr,channel_dropout,all_channels,4,0.2,6,22,4,0.5,0.8140394088669951,0.4985018394364012,0.5020064886087546,0.3.2,participant,,,,,,b86ad3d586a53a1c8327c50145dfc03932f2ea9b36901736375dcb1bc4a121a2
BNCI2014-001,6,riemann_lr,channel_dropout,all_channels,4,0.2,7,22,4,0.5,0.7475369458128079,0.4196150154856739,0.4347566227768219,0.3.2,participant,,,,,,b86ad3d586a53a1c8327c50145dfc03932f2ea9b36901736375dcb1bc4a121a2
BNCI2014-001,6,riemann_lr,channel_dropout,all_channels,4,0.2,8,22,4,0.6262315270935961,0.7044334975369458,0.2476648178929909,0.1864029593315072,0.3.2,participant,,,,,,b86ad3d586a53a1c8327c50145dfc03932f2ea9b36901736375dcb1bc4a121a2
BNCI2014-001,6,riemann_lr,channel_dropout,all_channels,4,0.2,9,22,4,0.5,0.7364532019704434,0.4778483955387524,0.4808420831670839,0.3.2,participant,,,,,,b86ad3d586a53a1c8327c50145dfc03932f2ea9b36901736375dcb1bc4a121a2
BNCI2014-001,6,riemann_lr,channel_dropout,all_channels,4,0.3,0,22,7,0.5,0.7586206896551724,0.5083224334010034,0.5084413472184031,0.3.2,participant,,,,,,b86ad3d586a53a1c8327c50145dfc03932f2ea9b36901736375dcb1bc4a121a2
BNCI2014-001,6,riemann_lr,channel_dropout,all_channels,4,0.3,1,22,7,0.6071428571428571,0.7795566502463054,0.23229000498642732,0.19469954397599612,0.3.2,participant,,,,,,b86ad3d586a53a1c8327c50145dfc03932f2ea9b36901736375dcb1bc4a121a2
BNCI2014-001,6,riemann_lr,channel_dropout,all_channels,4,0.3,2,22,7,0.5,0.7524630541871922,0.4845872644074339,0.4861229229534908,0.3.2,participant,,,,,,b86ad3d586a53a1c8327c50145dfc03932f2ea9b36901736375dcb1bc4a121a2
BNCI2014-001,6,riemann_lr,channel_dropout,all_channels,4,0.3,3,22,7,0.666256157635468,0.689655172413793,0.22657867336517826,0.14108724287564925,0.3.2,participant,,,,,,b86ad3d586a53a1c8327c50145dfc03932f2ea9b36901736375dcb1bc4a121a2
BNCI2014-001,6,riemann_lr,channel_dropout,all_channels,4,0.3,4,22,7,0.5,0.7672413793103448,0.47525461560482657,0.48338998724095855,0.3.2,participant,,,,,,b86ad3d586a53a1c8327c50145dfc03932f2ea9b36901736375dcb1bc4a121a2
BNCI2014-001,6,riemann_lr,channel_dropout,all_channels,4,0.3,5,22,7,0.5,0.7586206896551724,0.42645049322455564,0.446356419921382,0.3.2,participant,,,,,,b86ad3d586a53a1c8327c50145dfc03932f2ea9b36901736375dcb1bc4a121a2
BNCI2014-001,6,riemann_lr,channel_dropout,all_channels,4,0.3,6,22,7,0.5,0.7142857142857142,0.4938214350425263,0.49783350212906213,0.3.2,participant,,,,,,b86ad3d586a53a1c8327c50145dfc03932f2ea9b36901736375dcb1bc4a121a2
BNCI2014-001,6,riemann_lr,channel_dropout,all_channels,4,0.3,7,22,7,0.5,0.7438423645320197,0.44672434321528304,0.4535446360713,0.3.2,participant,,,,,,b86ad3d586a53a1c8327c50145dfc03932f2ea9b36901736375dcb1bc4a121a2
BNCI2014-001,6,riemann_lr,channel_dropout,all_channels,4,0.3,8,22,7,0.5,0.6761083743842365,0.4884789903150176,0.4888537692691014,0.3.2,participant,,,,,,b86ad3d586a53a1c8327c50145dfc03932f2ea9b36901736375dcb1bc4a121a2
BNCI2014-001,6,riemann_lr,channel_dropout,all_channels,4,0.3,9,22,7,0.5,0.6145320197044336,0.4295880317038741,0.4292921675856217,0.3.2,participant,,,,,,b86ad3d586a53a1c8327c50145dfc03932f2ea9b36901736375dcb1bc4a121a2
BNCI2014-001,6,riemann_lr,channel_dropout,all_channels,4,0.5,0,22,11,0.5,0.6908866995073891,0.37531845707047984,0.3781568637986213,0.3.2,participant,,,,,,b86ad3d586a53a1c8327c50145dfc03932f2ea9b36901736375dcb1bc4a121a2
BNCI2014-001,6,riemann_lr,channel_dropout,all_channels,4,0.5,1,22,11,0.5,0.6699507389162562,0.41901805566325245,0.42071298666548657,0.3.2,participant,,,,,,b86ad3d586a53a1c8327c50145dfc03932f2ea9b36901736375dcb1bc4a121a2
BNCI2014-001,6,riemann_lr,channel_dropout,all_channels,4,0.5,2,22,11,0.5,0.539408866995074,0.47278973883259295,0.4726447226180204,0.3.2,participant,,,,,,b86ad3d586a53a1c8327c50145dfc03932f2ea9b36901736375dcb1bc4a121a2
BNCI2014-001,6,riemann_lr,channel_dropout,all_channels,4,0.5,3,22,11,0.5,0.6773399014778325,0.5025313113584049,0.5034981659379888,0.3.2,participant,,,,,,b86ad3d586a53a1c8327c50145dfc03932f2ea9b36901736375dcb1bc4a121a2
BNCI2014-001,6,riemann_lr,channel_dropout,all_channels,4,0.5,4,22,11,0.5517241379310345,0.6083743842364533,0.2933607964295557,0.24373380046357623,0.3.2,participant,,,,,,b86ad3d586a53a1c8327c50145dfc03932f2ea9b36901736375dcb1bc4a121a2
BNCI2014-001,6,riemann_lr,channel_dropout,all_channels,4,0.5,5,22,11,0.5172413793103449,0.6687192118226601,0.34237397116444607,0.3382653240209038,0.3.2,participant,,,,,,b86ad3d586a53a1c8327c50145dfc03932f2ea9b36901736375dcb1bc4a121a2
BNCI2014-001,6,riemann_lr,channel_dropout,all_channels,4,0.5,6,22,11,0.5,0.706896551724138,0.33872411205561287,0.33405543686150296,0.3.2,participant,,,,,,b86ad3d586a53a1c8327c50145dfc03932f2ea9b36901736375dcb1bc4a121a2
BNCI2014-001,6,riemann_lr,channel_dropout,all_channels,4,0.5,7,22,11,0.5,0.5935960591133005,0.5087666972613456,0.5087677445223622,0.3.2,participant,,,,,,b86ad3d586a53a1c8327c50145dfc03932f2ea9b36901736375dcb1bc4a121a2
BNCI2014-001,6,riemann_lr,channel_dropout,all_channels,4,0.5,8,22,11,0.5,0.6834975369458128,0.4658990098148996,0.4675617916034872,0.3.2,participant,,,,,,b86ad3d586a53a1c8327c50145dfc03932f2ea9b36901736375dcb1bc4a121a2
BNCI2014-001,6,riemann_lr,channel_dropout,all_channels,4,0.5,9,22,11,0.5,0.6711822660098522,0.4968167562919973,0.4985306176152863,0.3.2,participant,,,,,,b86ad3d586a53a1c8327c50145dfc03932f2ea9b36901736375dcb1bc4a121a2
BNCI2014-001,6,riemann_lr,clean,all_channels,5,0.0,0,22,0,0.7173645320197044,0.8152709359605912,0.1756316153173199,0.13434320180560885,0.3.2,participant,,,,,,b86ad3d586a53a1c8327c50145dfc03932f2ea9b36901736375dcb1bc4a121a2
BNCI2014-001,6,riemann_lr,channel_dropout,all_channels,5,0.1,0,22,2,0.5535714285714286,0.770935960591133,0.349517598825838,0.3826967456311981,0.3.2,participant,,,,,,b86ad3d586a53a1c8327c50145dfc03932f2ea9b36901736375dcb1bc4a121a2
BNCI2014-001,6,riemann_lr,channel_dropout,all_channels,5,0.1,1,22,2,0.5,0.7327586206896552,0.4790647643187634,0.48380835196952665,0.3.2,participant,,,,,,b86ad3d586a53a1c8327c50145dfc03932f2ea9b36901736375dcb1bc4a121a2
BNCI2014-001,6,riemann_lr,channel_dropout,all_channels,5,0.1,2,22,2,0.5,0.8152709359605911,0.4881229901107606,0.4894598380793477,0.3.2,participant,,,,,,b86ad3d586a53a1c8327c50145dfc03932f2ea9b36901736375dcb1bc4a121a2
BNCI2014-001,6,riemann_lr,channel_dropout,all_channels,5,0.1,3,22,2,0.6976600985221675,0.8103448275862069,0.19763547564174544,0.1785151008545222,0.3.2,participant,,,,,,b86ad3d586a53a1c8327c50145dfc03932f2ea9b36901736375dcb1bc4a121a2
BNCI2014-001,6,riemann_lr,channel_dropout,all_channels,5,0.1,4,22,2,0.5357142857142857,0.7770935960591133,0.38190160729065914,0.40420773294682805,0.3.2,participant,,,,,,b86ad3d586a53a1c8327c50145dfc03932f2ea9b36901736375dcb1bc4a121a2
BNCI2014-001,6,riemann_lr,channel_dropout,all_channels,5,0.1,5,22,2,0.6785714285714286,0.8201970443349753,0.21723080129200864,0.20502271253057552,0.3.2,participant,,,,,,b86ad3d586a53a1c8327c50145dfc03932f2ea9b36901736375dcb1bc4a121a2
BNCI2014-001,6,riemann_lr,channel_dropout,all_channels,5,0.1,6,22,2,0.6607142857142857,0.8238916256157636,0.2410490910033829,0.2457037682482891,0.3.2,participant,,,,,,b86ad3d586a53a1c8327c50145dfc03932f2ea9b36901736375dcb1bc4a121a2
BNCI2014-001,6,riemann_lr,channel_dropout,all_channels,5,0.1,7,22,2,0.6798029556650246,0.7857142857142857,0.20342040660439598,0.13197768707859073,0.3.2,participant,,,,,,b86ad3d586a53a1c8327c50145dfc03932f2ea9b36901736375dcb1bc4a121a2
BNCI2014-001,6,riemann_lr,channel_dropout,all_channels,5,0.1,8,22,2,0.5855911330049262,0.7266009852216748,0.25905160017651885,0.21906444430345579,0.3.2,participant,,,,,,b86ad3d586a53a1c8327c50145dfc03932f2ea9b36901736375dcb1bc4a121a2
BNCI2014-001,6,riemann_lr,channel_dropout,all_channels,5,0.1,9,22,2,0.6650246305418719,0.7586206896551724,0.19333577884382927,0.10461889932949678,0.3.2,participant,,,,,,b86ad3d586a53a1c8327c50145dfc03932f2ea9b36901736375dcb1bc4a121a2
BNCI2014-001,6,riemann_lr,channel_dropout,all_channels,5,0.2,0,22,4,0.5,0.6071428571428572,0.4430319478583249,0.44820729826067834,0.3.2,participant,,,,,,b86ad3d586a53a1c8327c50145dfc03932f2ea9b36901736375dcb1bc4a121a2
BNCI2014-001,6,riemann_lr,channel_dropout,all_channels,5,0.2,1,22,4,0.5,0.6625615763546798,0.4601831552301897,0.4659441295778025,0.3.2,participant,,,,,,b86ad3d586a53a1c8327c50145dfc03932f2ea9b36901736375dcb1bc4a121a2
BNCI2014-001,6,riemann_lr,channel_dropout,all_channels,5,0.2,2,22,4,0.625615763546798,0.6527093596059114,0.25774120977568754,0.2001779844819208,0.3.2,participant,,,,,,b86ad3d586a53a1c8327c50145dfc03932f2ea9b36901736375dcb1bc4a121a2
BNCI2014-001,6,riemann_lr,channel_dropout,all_channels,5,0.2,3,22,4,0.6625615763546798,0.6219211822660099,0.2539070845164507,0.23988981495574202,0.3.2,participant,,,,,,b86ad3d586a53a1c8327c50145dfc03932f2ea9b36901736375dcb1bc4a121a2
BNCI2014-001,6,riemann_lr,channel_dropout,all_channels,5,0.2,4,22,4,0.5,0.6564039408866995,0.4910568616408495,0.49110424134515196,0.3.2,participant,,,,,,b86ad3d586a53a1c8327c50145dfc03932f2ea9b36901736375dcb1bc4a121a2
BNCI2014-001,6,riemann_lr,channel_dropout,all_channels,5,0.2,5,22,4,0.5166256157635468,0.645320197044335,0.29650708255627767,0.26372388698348737,0.3.2,participant,,,,,,b86ad3d586a53a1c8327c50145dfc03932f2ea9b36901736375dcb1bc4a121a2
BNCI2014-001,6,riemann_lr,channel_dropout,all_channels,5,0.2,6,22,4,0.6077586206896552,0.6613300492610836,0.27361987954454126,0.212899196870287,0.3.2,participant,,,,,,b86ad3d586a53a1c8327c50145dfc03932f2ea9b36901736375dcb1bc4a121a2
BNCI2014-001,6,riemann_lr,channel_dropout,all_channels,5,0.2,7,22,4,0.5,0.6834975369458128,0.5001119319521284,0.5021592845596612,0.3.2,participant,,,,,,b86ad3d586a53a1c8327c50145dfc03932f2ea9b36901736375dcb1bc4a121a2
BNCI2014-001,6,riemann_lr,channel_dropout,all_channels,5,0.2,8,22,4,0.6133004926108374,0.6206896551724138,0.2479824646127967,0.14320540332132103,0.3.2,participant,,,,,,b86ad3d586a53a1c8327c50145dfc03932f2ea9b36901736375dcb1bc4a121a2
BNCI2014-001,6,riemann_lr,channel_dropout,all_channels,5,0.2,9,22,4,0.6311576354679802,0.6785714285714286,0.2266215489757529,0.13840856766498522,0.3.2,participant,,,,,,b86ad3d586a53a1c8327c50145dfc03932f2ea9b36901736375dcb1bc4a121a2
BNCI2014-001,6,riemann_lr,channel_dropout,all_channels,5,0.3,0,22,7,0.5,0.5615763546798029,0.4265584202086943,0.4262504767786252,0.3.2,participant,,,,,,b86ad3d586a53a1c8327c50145dfc03932f2ea9b36901736375dcb1bc4a121a2
BNCI2014-001,6,riemann_lr,channel_dropout,all_channels,5,0.3,1,22,7,0.5,0.5541871921182266,0.4911897726949314,0.49119526774994965,0.3.2,participant,,,,,,b86ad3d586a53a1c8327c50145dfc03932f2ea9b36901736375dcb1bc4a121a2
BNCI2014-001,6,riemann_lr,channel_dropout,all_channels,5,0.3,2,22,7,0.5,0.7044334975369458,0.491175584338848,0.49118711150056193,0.3.2,participant,,,,,,b86ad3d586a53a1c8327c50145dfc03932f2ea9b36901736375dcb1bc4a121a2
BNCI2014-001,6,riemann_lr,channel_dropout,all_channels,5,0.3,3,22,7,0.5,0.5566502463054187,0.4908277160102798,0.49087394500636194,0.3.2,participant,,,,,,b86ad3d586a53a1c8327c50145dfc03932f2ea9b36901736375dcb1bc4a121a2
BNCI2014-001,6,riemann_lr,channel_dropout,all_channels,5,0.3,4,22,7,0.5,0.4753694581280788,0.4760829454457917,0.4742325323560873,0.3.2,participant,,,,,,b86ad3d586a53a1c8327c50145dfc03932f2ea9b36901736375dcb1bc4a121a2
BNCI2014-001,6,riemann_lr,channel_dropout,all_channels,5,0.3,5,22,7,0.5,0.6330049261083743,0.4876256921899645,0.48863918009988533,0.3.2,participant,,,,,,b86ad3d586a53a1c8327c50145dfc03932f2ea9b36901736375dcb1bc4a121a2
BNCI2014-001,6,riemann_lr,channel_dropout,all_channels,5,0.3,6,22,7,0.5375615763546798,0.5529556650246306,0.31732082352281576,0.26214681407402635,0.3.2,participant,,,,,,b86ad3d586a53a1c8327c50145dfc03932f2ea9b36901736375dcb1bc4a121a2
BNCI2014-001,6,riemann_lr,channel_dropout,all_channels,5,0.3,7,22,7,0.5,0.5689655172413793,0.48998324110543634,0.49004191231815225,0.3.2,participant,,,,,,b86ad3d586a53a1c8327c50145dfc03932f2ea9b36901736375dcb1bc4a121a2
BNCI2014-001,6,riemann_lr,channel_dropout,all_channels,5,0.3,8,22,7,0.4827586206896552,0.6071428571428571,0.3905496519119868,0.3907443164918984,0.3.2,participant,,,,,,b86ad3d586a53a1c8327c50145dfc03932f2ea9b36901736375dcb1bc4a121a2
BNCI2014-001,6,riemann_lr,channel_dropout,all_channels,5,0.3,9,22,7,0.5,0.6490147783251231,0.48790854237636394,0.488541028076199,0.3.2,participant,,,,,,b86ad3d586a53a1c8327c50145dfc03932f2ea9b36901736375dcb1bc4a121a2
BNCI2014-001,6,riemann_lr,channel_dropout,all_channels,5,0.5,0,22,11,0.5,0.5246305418719213,0.4728595398749029,0.47310374822354917,0.3.2,participant,,,,,,b86ad3d586a53a1c8327c50145dfc03932f2ea9b36901736375dcb1bc4a121a2
BNCI2014-001,6,riemann_lr,channel_dropout,all_channels,5,0.5,1,22,11,0.5,0.43965517241379304,0.4101457825048688,0.398188273300799,0.3.2,participant,,,,,,b86ad3d586a53a1c8327c50145dfc03932f2ea9b36901736375dcb1bc4a121a2
BNCI2014-001,6,riemann_lr,channel_dropout,all_channels,5,0.5,2,22,11,0.5,0.5344827586206897,0.4858845247095089,0.4857565167809272,0.3.2,participant,,,,,,b86ad3d586a53a1c8327c50145dfc03932f2ea9b36901736375dcb1bc4a121a2
BNCI2014-001,6,riemann_lr,channel_dropout,all_channels,5,0.5,3,22,11,0.5,0.45935960591133,0.4290535973706553,0.4268274733360136,0.3.2,participant,,,,,,b86ad3d586a53a1c8327c50145dfc03932f2ea9b36901736375dcb1bc4a121a2
BNCI2014-001,6,riemann_lr,channel_dropout,all_channels,5,0.5,4,22,11,0.5,0.6009852216748768,0.4754414414865031,0.47640564067281344,0.3.2,participant,,,,,,b86ad3d586a53a1c8327c50145dfc03932f2ea9b36901736375dcb1bc4a121a2
BNCI2014-001,6,riemann_lr,channel_dropout,all_channels,5,0.5,5,22,11,0.5,0.4716748768472907,0.49122597558046915,0.4912258089844594,0.3.2,participant,,,,,,b86ad3d586a53a1c8327c50145dfc03932f2ea9b36901736375dcb1bc4a121a2
BNCI2014-001,6,riemann_lr,channel_dropout,all_channels,5,0.5,6,22,11,0.5,0.4285714285714286,0.4907646075520869,0.4907498444267986,0.3.2,participant,,,,,,b86ad3d586a53a1c8327c50145dfc03932f2ea9b36901736375dcb1bc4a121a2
BNCI2014-001,6,riemann_lr,channel_dropout,all_channels,5,0.5,7,22,11,0.5,0.4519704433497537,0.4880185497196711,0.48779879980741386,0.3.2,participant,,,,,,b86ad3d586a53a1c8327c50145dfc03932f2ea9b36901736375dcb1bc4a121a2
BNCI2014-001,6,riemann_lr,channel_dropout,all_channels,5,0.5,8,22,11,0.5,0.6428571428571429,0.5060925566075198,0.5065146857091664,0.3.2,participant,,,,,,b86ad3d586a53a1c8327c50145dfc03932f2ea9b36901736375dcb1bc4a121a2
BNCI2014-001,6,riemann_lr,channel_dropout,all_channels,5,0.5,9,22,11,0.5640394088669951,0.5640394088669951,0.25520919183152,0.08098873012703288,0.3.2,participant,,,,,,b86ad3d586a53a1c8327c50145dfc03932f2ea9b36901736375dcb1bc4a121a2
BNCI2014-001,6,riemann_lr,reduced_montage,motor_core,1,0.0,0,3,0,0.6896551724137931,0.7621878715814507,0.20572400927645101,0.07812278059387893,0.3.2,not_applicable,"C3,Cz,C4",,,,,b86ad3d586a53a1c8327c50145dfc03932f2ea9b36901736375dcb1bc4a121a2
BNCI2014-001,6,riemann_lr,reduced_montage,motor_core,2,0.0,0,3,0,0.5862068965517242,0.6313912009512486,0.23898031763847422,0.08621537906580318,0.3.2,not_applicable,"C3,Cz,C4",,,,,b86ad3d586a53a1c8327c50145dfc03932f2ea9b36901736375dcb1bc4a121a2
BNCI2014-001,6,riemann_lr,reduced_montage,motor_core,3,0.0,0,3,0,0.7241379310344828,0.8097502972651605,0.2053032062144992,0.1383291764914704,0.3.2,not_applicable,"C3,Cz,C4",,,,,b86ad3d586a53a1c8327c50145dfc03932f2ea9b36901736375dcb1bc4a121a2
BNCI2014-001,6,riemann_lr,reduced_montage,motor_core,4,0.0,0,3,0,0.7025862068965517,0.685960591133005,0.22408780073921086,0.14228589381227164,0.3.2,not_applicable,"C3,Cz,C4",,,,,b86ad3d586a53a1c8327c50145dfc03932f2ea9b36901736375dcb1bc4a121a2
BNCI2014-001,6,riemann_lr,reduced_montage,motor_core,5,0.0,0,3,0,0.5086206896551724,0.5788177339901477,0.2610482390915513,0.17111302931529518,0.3.2,not_applicable,"C3,Cz,C4",,,,,b86ad3d586a53a1c8327c50145dfc03932f2ea9b36901736375dcb1bc4a121a2
BNCI2014-001,6,riemann_lr,reduced_montage,motor_extended,1,0.0,0,9,0,0.7758620689655172,0.8525564803804995,0.16489872861600754,0.10000242691578962,0.3.2,not_applicable,"FC3,FCz,FC4,C3,Cz,C4,CP3,CPz,CP4",,,,,b86ad3d586a53a1c8327c50145dfc03932f2ea9b36901736375dcb1bc4a121a2
BNCI2014-001,6,riemann_lr,reduced_montage,motor_extended,2,0.0,0,9,0,0.6379310344827587,0.72294887039239,0.21156498578531976,0.10419278235293565,0.3.2,not_applicable,"FC3,FCz,FC4,C3,Cz,C4,CP3,CPz,CP4",,,,,b86ad3d586a53a1c8327c50145dfc03932f2ea9b36901736375dcb1bc4a121a2
BNCI2014-001,6,riemann_lr,reduced_montage,motor_extended,3,0.0,0,9,0,0.7586206896551724,0.8537455410225921,0.17006284399813368,0.1193126304156584,0.3.2,not_applicable,"FC3,FCz,FC4,C3,Cz,C4,CP3,CPz,CP4",,,,,b86ad3d586a53a1c8327c50145dfc03932f2ea9b36901736375dcb1bc4a121a2
BNCI2014-001,6,riemann_lr,reduced_montage,motor_extended,4,0.0,0,9,0,0.7019704433497538,0.8485221674876847,0.16934259818861877,0.21060624143528278,0.3.2,not_applicable,"FC3,FCz,FC4,C3,Cz,C4,CP3,CPz,CP4",,,,,b86ad3d586a53a1c8327c50145dfc03932f2ea9b36901736375dcb1bc4a121a2
BNCI2014-001,6,riemann_lr,reduced_montage,motor_extended,5,0.0,0,9,0,0.6299261083743842,0.6785714285714286,0.23683350895680877,0.19263067253410052,0.3.2,not_applicable,"FC3,FCz,FC4,C3,Cz,C4,CP3,CPz,CP4",,,,,b86ad3d586a53a1c8327c50145dfc03932f2ea9b36901736375dcb1bc4a121a2
BNCI2014-001,6,riemann_lr,region_dropout,all_channels,1,0.3181818181818182,0,22,7,0.5,0.7514863258026159,0.4967964137711978,0.4977582532387972,0.3.2,not_applicable,,left_motor_strip,"FC3,FC1,C5,C3,C1,CP3,CP1",,,b86ad3d586a53a1c8327c50145dfc03932f2ea9b36901736375dcb1bc4a121a2
BNCI2014-001,6,riemann_lr,region_dropout,all_channels,1,0.13636363636363635,0,22,3,0.5,0.8596908442330559,0.4956133445293593,0.4971459017572195,0.3.2,not_applicable,,midline_motor_strip,"FCz,Cz,CPz",,,b86ad3d586a53a1c8327c50145dfc03932f2ea9b36901736375dcb1bc4a121a2
BNCI2014-001,6,riemann_lr,region_dropout,all_channels,1,0.3181818181818182,0,22,7,0.5,0.6599286563614745,0.46924235262754066,0.4822546745870521,0.3.2,not_applicable,,right_motor_strip,"FC2,FC4,C2,C4,C6,CP2,CP4",,,b86ad3d586a53a1c8327c50145dfc03932f2ea9b36901736375dcb1bc4a121a2
BNCI2014-001,6,riemann_lr,region_dropout,all_channels,2,0.3181818181818182,0,22,7,0.5,0.7312722948870393,0.4946651725455035,0.495877147618778,0.3.2,not_applicable,,left_motor_strip,"FC3,FC1,C5,C3,C1,CP3,CP1",,,b86ad3d586a53a1c8327c50145dfc03932f2ea9b36901736375dcb1bc4a121a2
BNCI2014-001,6,riemann_lr,region_dropout,all_channels,2,0.13636363636363635,0,22,3,0.5,0.8002378121284186,0.4759525167147929,0.4841134532297069,0.3.2,not_applicable,,midline_motor_strip,"FCz,Cz,CPz",,,b86ad3d586a53a1c8327c50145dfc03932f2ea9b36901736375dcb1bc4a121a2
BNCI2014-001,6,riemann_lr,region_dropout,all_channels,2,0.3181818181818182,0,22,7,0.5,0.648038049940547,0.4998352041878395,0.49984396986864627,0.3.2,not_applicable,,right_motor_strip,"FC2,FC4,C2,C4,C6,CP2,CP4",,,b86ad3d586a53a1c8327c50145dfc03932f2ea9b36901736375dcb1bc4a121a2
BNCI2014-001,6,riemann_lr,region_dropout,all_channels,3,0.3181818181818182,0,22,7,0.5,0.6397146254458977,0.45202152417029196,0.45808814604490844,0.3.2,not_applicable,,left_motor_strip,"FC3,FC1,C5,C3,C1,CP3,CP1",,,b86ad3d586a53a1c8327c50145dfc03932f2ea9b36901736375dcb1bc4a121a2
BNCI2014-001,6,riemann_lr,region_dropout,all_channels,3,0.13636363636363635,0,22,3,0.5,0.769322235434007,0.4786110160461321,0.48413028100152666,0.3.2,not_applicable,,midline_motor_strip,"FCz,Cz,CPz",,,b86ad3d586a53a1c8327c50145dfc03932f2ea9b36901736375dcb1bc4a121a2
BNCI2014-001,6,riemann_lr,region_dropout,all_channels,3,0.3181818181818182,0,22,7,0.5,0.797859690844233,0.49933647328284525,0.49956972227348206,0.3.2,not_applicable,,right_motor_strip,"FC2,FC4,C2,C4,C6,CP2,CP4",,,b86ad3d586a53a1c8327c50145dfc03932f2ea9b36901736375dcb1bc4a121a2
BNCI2014-001,6,riemann_lr,region_dropout,all_channels,4,0.3181818181818182,0,22,7,0.5,0.8054187192118227,0.4677733860325807,0.47503182352730466,0.3.2,not_applicable,,left_motor_strip,"FC3,FC1,C5,C3,C1,CP3,CP1",,,b86ad3d586a53a1c8327c50145dfc03932f2ea9b36901736375dcb1bc4a121a2
BNCI2014-001,6,riemann_lr,region_dropout,all_channels,4,0.13636363636363635,0,22,3,0.5,0.8165024630541872,0.4678386015311665,0.4751913907745636,0.3.2,not_applicable,,midline_motor_strip,"FCz,Cz,CPz",,,b86ad3d586a53a1c8327c50145dfc03932f2ea9b36901736375dcb1bc4a121a2
BNCI2014-001,6,riemann_lr,region_dropout,all_channels,4,0.3181818181818182,0,22,7,0.5,0.6588669950738917,0.5083548380152044,0.5084835407284665,0.3.2,not_applicable,,right_motor_strip,"FC2,FC4,C2,C4,C6,CP2,CP4",,,b86ad3d586a53a1c8327c50145dfc03932f2ea9b36901736375dcb1bc4a121a2
BNCI2014-001,6,riemann_lr,region_dropout,all_channels,5,0.3181818181818182,0,22,7,0.5492610837438423,0.6982758620689655,0.2677573663556549,0.2397589022973864,0.3.2,not_applicable,,left_motor_strip,"FC3,FC1,C5,C3,C1,CP3,CP1",,,b86ad3d586a53a1c8327c50145dfc03932f2ea9b36901736375dcb1bc4a121a2
BNCI2014-001,6,riemann_lr,region_dropout,all_channels,5,0.13636363636363635,0,22,3,0.5344827586206896,0.8078817733990148,0.30286808291352685,0.3311412519679041,0.3.2,not_applicable,,midline_motor_strip,"FCz,Cz,CPz",,,b86ad3d586a53a1c8327c50145dfc03932f2ea9b36901736375dcb1bc4a121a2
BNCI2014-001,6,riemann_lr,region_dropout,all_channels,5,0.3181818181818182,0,22,7,0.5,0.6046798029556651,0.4912171954757915,0.4912196117789081,0.3.2,not_applicable,,right_motor_strip,"FC2,FC4,C2,C4,C6,CP2,CP4",,,b86ad3d586a53a1c8327c50145dfc03932f2ea9b36901736375dcb1bc4a121a2
BNCI2014-001,6,riemann_lr,cross_session,all_channels,0,0.0,0,22,0,0.7222222222222222,0.8103780864197532,0.18516388181408502,0.09032832860237959,0.3.2,not_applicable,,,,0train,1test,b86ad3d586a53a1c8327c50145dfc03932f2ea9b36901736375dcb1bc4a121a2
BNCI2014-001,7,riemann_lr,clean,all_channels,1,0.0,0,22,0,0.9482758620689655,0.985731272294887,0.09313549185059038,0.2120296030697676,0.3.2,participant,,,,,,b86ad3d586a53a1c8327c50145dfc03932f2ea9b36901736375dcb1bc4a121a2
BNCI2014-001,7,riemann_lr,channel_dropout,all_channels,1,0.1,0,22,2,0.5172413793103449,0.9131985731272295,0.369504897720519,0.41153218829996074,0.3.2,participant,,,,,,b86ad3d586a53a1c8327c50145dfc03932f2ea9b36901736375dcb1bc4a121a2
BNCI2014-001,7,riemann_lr,channel_dropout,all_channels,1,0.1,1,22,2,0.7068965517241379,0.9322235434007135,0.1867882923755856,0.2626617037224432,0.3.2,participant,,,,,,b86ad3d586a53a1c8327c50145dfc03932f2ea9b36901736375dcb1bc4a121a2
BNCI2014-001,7,riemann_lr,channel_dropout,all_channels,1,0.1,2,22,2,0.5,0.9809750297265161,0.42853034931489,0.4553860653876331,0.3.2,participant,,,,,,b86ad3d586a53a1c8327c50145dfc03932f2ea9b36901736375dcb1bc4a121a2
BNCI2014-001,7,riemann_lr,channel_dropout,all_channels,1,0.1,3,22,2,0.5,0.925089179548157,0.46514675338027545,0.4777390805463745,0.3.2,participant,,,,,,b86ad3d586a53a1c8327c50145dfc03932f2ea9b36901736375dcb1bc4a121a2
BNCI2014-001,7,riemann_lr,channel_dropout,all_channels,1,0.1,4,22,2,0.5,0.9678953626634959,0.48455456650128814,0.4910342401653462,0.3.2,participant,,,,,,b86ad3d586a53a1c8327c50145dfc03932f2ea9b36901736375dcb1bc4a121a2
BNCI2014-001,7,riemann_lr,channel_dropout,all_channels,1,0.1,5,22,2,0.5517241379310345,0.8442330558858502,0.24981004673602383,0.24760528001391038,0.3.2,participant,,,,,,b86ad3d586a53a1c8327c50145dfc03932f2ea9b36901736375dcb1bc4a121a2
BNCI2014-001,7,riemann_lr,channel_dropout,all_channels,1,0.1,6,22,2,0.5344827586206896,0.9869203329369798,0.29421138497856486,0.3581752819071003,0.3.2,participant,,,,,,b86ad3d586a53a1c8327c50145dfc03932f2ea9b36901736375dcb1bc4a121a2
BNCI2014-001,7,riemann_lr,channel_dropout,all_channels,1,0.1,7,22,2,0.7586206896551724,0.9892984542211652,0.12759406871666656,0.23749012889294602,0.3.2,participant,,,,,,b86ad3d586a53a1c8327c50145dfc03932f2ea9b36901736375dcb1bc4a121a2
BNCI2014-001,7,riemann_lr,channel_dropout,all_channels,1,0.1,8,22,2,0.8275862068965517,0.9881093935790726,0.12226439857035543,0.24021499249371736,0.3.2,participant,,,,,,b86ad3d586a53a1c8327c50145dfc03932f2ea9b36901736375dcb1bc4a121a2
BNCI2014-001,7,riemann_lr,channel_dropout,all_channels,1,0.1,9,22,2,0.5,0.915576694411415,0.4261523333920386,0.45253711937719543,0.3.2,participant,,,,,,b86ad3d586a53a1c8327c50145dfc03932f2ea9b36901736375dcb1bc4a121a2
BNCI2014-001,7,riemann_lr,channel_dropout,all_channels,1,0.2,0,22,4,0.5172413793103449,0.9643281807372176,0.3453801225362146,0.3907379405977809,0.3.2,participant,,,,,,b86ad3d586a53a1c8327c50145dfc03932f2ea9b36901736375dcb1bc4a121a2
BNCI2014-001,7,riemann_lr,channel_dropout,all_channels,1,0.2,1,22,4,0.6551724137931034,0.8561236623067776,0.21348214763093643,0.20519033986283558,0.3.2,participant,,,,,,b86ad3d586a53a1c8327c50145dfc03932f2ea9b36901736375dcb1bc4a121a2
BNCI2014-001,7,riemann_lr,channel_dropout,all_channels,1,0.2,2,22,4,0.5,0.8644470868014269,0.49956284327131173,0.4996866859492039,0.3.2,participant,,,,,,b86ad3d586a53a1c8327c50145dfc03932f2ea9b36901736375dcb1bc4a121a2
BNCI2014-001,7,riemann_lr,channel_dropout,all_channels,1,0.2,3,22,4,0.5,0.887039239001189,0.4927900195552929,0.49572662591562483,0.3.2,participant,,,,,,b86ad3d586a53a1c8327c50145dfc03932f2ea9b36901736375dcb1bc4a121a2
BNCI2014-001,7,riemann_lr,channel_dropout,all_channels,1,0.2,4,22,4,0.5,0.8763376932223543,0.4852324435328146,0.4904545099030467,0.3.2,participant,,,,,,b86ad3d586a53a1c8327c50145dfc03932f2ea9b36901736375dcb1bc4a121a2
BNCI2014-001,7,riemann_lr,channel_dropout,all_channels,1,0.2,5,22,4,0.5,0.9072532699167657,0.4974518259822586,0.4983680835370528,0.3.2,participant,,,,,,b86ad3d586a53a1c8327c50145dfc03932f2ea9b36901736375dcb1bc4a121a2
BNCI2014-001,7,riemann_lr,channel_dropout,all_channels,1,0.2,6,22,4,0.5,0.8501783590963139,0.4990664726047898,0.49936972971430893,0.3.2,participant,,,,,,b86ad3d586a53a1c8327c50145dfc03932f2ea9b36901736375dcb1bc4a121a2
BNCI2014-001,7,riemann_lr,channel_dropout,all_channels,1,0.2,7,22,4,0.5,0.9785969084423306,0.48946149714543696,0.4933732805614627,0.3.2,participant,,,,,,b86ad3d586a53a1c8327c50145dfc03932f2ea9b36901736375dcb1bc4a121a2
BNCI2014-001,7,riemann_lr,channel_dropout,all_channels,1,0.2,8,22,4,0.5172413793103449,0.8180737217598097,0.3182474788650259,0.340716945078097,0.3.2,participant,,,,,,b86ad3d586a53a1c8327c50145dfc03932f2ea9b36901736375dcb1bc4a121a2
BNCI2014-001,7,riemann_lr,channel_dropout,all_channels,1,0.2,9,22,4,0.5,0.901307966706302,0.48148903900918744,0.4883920256327698,0.3.2,participant,,,,,,b86ad3d586a53a1c8327c50145dfc03932f2ea9b36901736375dcb1bc4a121a2
BNCI2014-001,7,riemann_lr,channel_dropout,all_channels,1,0.3,0,22,7,0.5689655172413792,0.7443519619500595,0.21874650451908445,0.16388898506657934,0.3.2,participant,,,,,,b86ad3d586a53a1c8327c50145dfc03932f2ea9b36901736375dcb1bc4a121a2
BNCI2014-001,7,riemann_lr,channel_dropout,all_channels,1,0.3,1,22,7,0.5,0.8763376932223544,0.45207874240834117,0.4658527245451401,0.3.2,participant,,,,,,b86ad3d586a53a1c8327c50145dfc03932f2ea9b36901736375dcb1bc4a121a2
BNCI2014-001,7,riemann_lr,channel_dropout,all_channels,1,0.3,2,22,7,0.5172413793103449,0.8287752675386445,0.3430008975009475,0.3513739293858541,0.3.2,participant,,,,,,b86ad3d586a53a1c8327c50145dfc03932f2ea9b36901736375dcb1bc4a121a2
BNCI2014-001,7,riemann_lr,channel_dropout,all_channels,1,0.3,3,22,7,0.5,0.6872770511296076,0.4999881078914969,0.4999901928918348,0.3.2,participant,,,,,,b86ad3d586a53a1c8327c50145dfc03932f2ea9b36901736375dcb1bc4a121a2
BNCI2014-001,7,riemann_lr,channel_dropout,all_channels,1,0.3,4,22,7,0.5,0.9001189060642093,0.4999824023681396,0.49998999657320714,0.3.2,participant,,,,,,b86ad3d586a53a1c8327c50145dfc03932f2ea9b36901736375dcb1bc4a121a2
BNCI2014-001,7,riemann_lr,channel_dropout,all_channels,1,0.3,5,22,7,0.5,0.8561236623067776,0.4999878104338887,0.4999915247055641,0.3.2,participant,,,,,,b86ad3d586a53a1c8327c50145dfc03932f2ea9b36901736375dcb1bc4a121a2
BNCI2014-001,7,riemann_lr,channel_dropout,all_channels,1,0.3,6,22,7,0.5,0.7693222354340071,0.49892611165327705,0.4991652710677538,0.3.2,participant,,,,,,b86ad3d586a53a1c8327c50145dfc03932f2ea9b36901736375dcb1bc4a121a2
BNCI2014-001,7,riemann_lr,channel_dropout,all_channels,1,0.3,7,22,7,0.5,0.812128418549346,0.4999999117360762,0.499999934001159,0.3.2,participant,,,,,,b86ad3d586a53a1c8327c50145dfc03932f2ea9b36901736375dcb1bc4a121a2
BNCI2014-001,7,riemann_lr,channel_dropout,all_channels,1,0.3,8,22,7,0.5,0.8370986920332937,0.4833571911448913,0.4878877700017316,0.3.2,participant,,,,,,b86ad3d586a53a1c8327c50145dfc03932f2ea9b36901736375dcb1bc4a121a2
BNCI2014-001,7,riemann_lr,channel_dropout,all_channels,1,0.3,9,22,7,0.5,0.7086801426872771,0.49544676400397425,0.49620027587217136,0.3.2,participant,,,,,,b86ad3d586a53a1c8327c50145dfc03932f2ea9b36901736375dcb1bc4a121a2
BNCI2014-001,7,riemann_lr,channel_dropout,all_channels,1,0.5,0,22,11,0.5,0.8370986920332937,0.44056089097515755,0.45238661119990786,0.3.2,participant,,,,,,b86ad3d586a53a1c8327c50145dfc03932f2ea9b36901736375dcb1bc4a121a2
BNCI2014-001,7,riemann_lr,channel_dropout,all_channels,1,0.5,1,22,11,0.5,0.7158145065398336,0.49975926138970056,0.4998183376378489,0.3.2,participant,,,,,,b86ad3d586a53a1c8327c50145dfc03932f2ea9b36901736375dcb1bc4a121a2
BNCI2014-001,7,riemann_lr,channel_dropout,all_channels,1,0.5,2,22,11,0.5,0.8049940546967895,0.38385222465789876,0.38854301484769804,0.3.2,participant,,,,,,b86ad3d586a53a1c8327c50145dfc03932f2ea9b36901736375dcb1bc4a121a2
BNCI2014-001,7,riemann_lr,channel_dropout,all_channels,1,0.5,3,22,11,0.5,0.7800237812128419,0.48631708160158615,0.4891617037843752,0.3.2,participant,,,,,,b86ad3d586a53a1c8327c50145dfc03932f2ea9b36901736375dcb1bc4a121a2
BNCI2014-001,7,riemann_lr,channel_dropout,all_channels,1,0.5,4,22,11,0.5,0.7098692033293698,0.49982792789275204,0.49986187821394135,0.3.2,participant,,,,,,b86ad3d586a53a1c8327c50145dfc03932f2ea9b36901736375dcb1bc4a121a2
BNCI2014-001,7,riemann_lr,channel_dropout,all_channels,1,0.5,5,22,11,0.5,0.7158145065398335,0.48652406896536404,0.4885050087268671,0.3.2,participant,,,,,,b86ad3d586a53a1c8327c50145dfc03932f2ea9b36901736375dcb1bc4a121a2
BNCI2014-001,7,riemann_lr,channel_dropout,all_channels,1,0.5,6,22,11,0.5,0.807372175980975,0.49944304542699974,0.4995955694855371,0.3.2,participant,,,,,,b86ad3d586a53a1c8327c50145dfc03932f2ea9b36901736375dcb1bc4a121a2
BNCI2014-001,7,riemann_lr,channel_dropout,all_channels,1,0.5,7,22,11,0.5,0.83115338882283,0.49999826595528185,0.4999986980349847,0.3.2,participant,,,,,,b86ad3d586a53a1c8327c50145dfc03932f2ea9b36901736375dcb1bc4a121a2
BNCI2014-001,7,riemann_lr,channel_dropout,all_channels,1,0.5,8,22,11,0.5,0.8370986920332937,0.38733875906047993,0.4036709544050888,0.3.2,participant,,,,,,b86ad3d586a53a1c8327c50145dfc03932f2ea9b36901736375dcb1bc4a121a2
BNCI2014-001,7,riemann_lr,channel_dropout,all_channels,1,0.5,9,22,11,0.5,0.7800237812128418,0.4915739967858372,0.4930675363251509,0.3.2,participant,,,,,,b86ad3d586a53a1c8327c50145dfc03932f2ea9b36901736375dcb1bc4a121a2
BNCI2014-001,7,riemann_lr,clean,all_channels,2,0.0,0,22,0,0.9482758620689655,0.9738406658739596,0.08889869488669454,0.18047341181407187,0.3.2,participant,,,,,,b86ad3d586a53a1c8327c50145dfc03932f2ea9b36901736375dcb1bc4a121a2
BNCI2014-001,7,riemann_lr,channel_dropout,all_channels,2,0.1,0,22,2,0.5,0.9453032104637337,0.4335717656245145,0.45942907722277826,0.3.2,participant,,,,,,b86ad3d586a53a1c8327c50145dfc03932f2ea9b36901736375dcb1bc4a121a2
BNCI2014-001,7,riemann_lr,channel_dropout,all_channels,2,0.1,1,22,2,0.5689655172413793,0.929845422116528,0.25577415534982817,0.30595288253806124,0.3.2,participant,,,,,,b86ad3d586a53a1c8327c50145dfc03932f2ea9b36901736375dcb1bc4a121a2
BNCI2014-001,7,riemann_lr,channel_dropout,all_channels,2,0.1,2,22,2,0.6896551724137931,0.9405469678953626,0.1882739350508411,0.22377152574794817,0.3.2,participant,,,,,,b86ad3d586a53a1c8327c50145dfc03932f2ea9b36901736375dcb1bc4a121a2
BNCI2014-001,7,riemann_lr,channel_dropout,all_channels,2,0.1,3,22,2,0.5344827586206896,0.9655172413793104,0.32122089428962797,0.3796578960518361,0.3.2,participant,,,,,,b86ad3d586a53a1c8327c50145dfc03932f2ea9b36901736375dcb1bc4a121a2
BNCI2014-001,7,riemann_lr,channel_dropout,all_channels,2,0.1,4,22,2,0.8448275862068966,0.9643281807372175,0.10819617760282699,0.17452198525851786,0.3.2,participant,,,,,,b86ad3d586a53a1c8327c50145dfc03932f2ea9b36901736375dcb1bc4a121a2
BNCI2014-001,7,riemann_lr,channel_dropout,all_channels,2,0.1,5,22,2,0.5862068965517242,0.9571938168846611,0.22021296670647159,0.27374893909264664,0.3.2,participant,,,,,,b86ad3d586a53a1c8327c50145dfc03932f2ea9b36901736375dcb1bc4a121a2
BNCI2014-001,7,riemann_lr,channel_dropout,all_channels,2,0.1,6,22,2,0.5689655172413793,0.9571938168846612,0.27883710744711204,0.33538226565166745,0.3.2,participant,,,,,,b86ad3d586a53a1c8327c50145dfc03932f2ea9b36901736375dcb1bc4a121a2
BNCI2014-001,7,riemann_lr,channel_dropout,all_channels,2,0.1,7,22,2,0.5,0.9381688466111772,0.49259886552021054,0.4956632815453734,0.3.2,participant,,,,,,b86ad3d586a53a1c8327c50145dfc03932f2ea9b36901736375dcb1bc4a121a2
BNCI2014-001,7,riemann_lr,channel_dropout,all_channels,2,0.1,8,22,2,0.5344827586206896,0.9464922711058265,0.3531125056434656,0.3980208642144366,0.3.2,participant,,,,,,b86ad3d586a53a1c8327c50145dfc03932f2ea9b36901736375dcb1bc4a121a2
BNCI2014-001,7,riemann_lr,channel_dropout,all_channels,2,0.1,9,22,2,0.5,0.9607609988109393,0.3983247138475643,0.43708472880904736,0.3.2,participant,,,,,,b86ad3d586a53a1c8327c50145dfc03932f2ea9b36901736375dcb1bc4a121a2
BNCI2014-001,7,riemann_lr,channel_dropout,all_channels,2,0.2,0,22,4,0.5,0.8287752675386444,0.4809313677308755,0.48752005651832186,0.3.2,participant,,,,,,b86ad3d586a53a1c8327c50145dfc03932f2ea9b36901736375dcb1bc4a121a2
BNCI2014-001,7,riemann_lr,channel_dropout,all_channels,2,0.2,1,22,4,0.5344827586206897,0.8608799048751485,0.31661169248066606,0.3429735864897642,0.3.2,participant,,,,,,b86ad3d586a53a1c8327c50145dfc03932f2ea9b36901736375dcb1bc4a121a2
BNCI2014-001,7,riemann_lr,channel_dropout,all_channels,2,0.2,2,22,4,0.5,0.9084423305588584,0.4931909083668568,0.4956569223809215,0.3.2,participant,,,,,,b86ad3d586a53a1c8327c50145dfc03932f2ea9b36901736375dcb1bc4a121a2
BNCI2014-001,7,riemann_lr,channel_dropout,all_channels,2,0.2,3,22,4,0.5,0.8739595719381689,0.4984389787571016,0.4990427350934335,0.3.2,participant,,,,,,b86ad3d586a53a1c8327c50145dfc03932f2ea9b36901736375dcb1bc4a121a2
BNCI2014-001,7,riemann_lr,channel_dropout,all_channels,2,0.2,4,22,4,0.7586206896551724,0.906064209274673,0.15740052847084637,0.1546181399594845,0.3.2,participant,,,,,,b86ad3d586a53a1c8327c50145dfc03932f2ea9b36901736375dcb1bc4a121a2
BNCI2014-001,7,riemann_lr,channel_dropout,all_channels,2,0.2,5,22,4,0.5,0.925089179548157,0.37087808473315453,0.4143013764639617,0.3.2,participant,,,,,,b86ad3d586a53a1c8327c50145dfc03932f2ea9b36901736375dcb1bc4a121a2
BNCI2014-001,7,riemann_lr,channel_dropout,all_channels,2,0.2,6,22,4,0.5,0.8442330558858502,0.49223918591399934,0.4944286261574203,0.3.2,participant,,,,,,b86ad3d586a53a1c8327c50145dfc03932f2ea9b36901736375dcb1bc4a121a2
BNCI2014-001,7,riemann_lr,channel_dropout,all_channels,2,0.2,7,22,4,0.5344827586206897,0.718192627824019,0.2568130347927128,0.20736536674664427,0.3.2,participant,,,,,,b86ad3d586a53a1c8327c50145dfc03932f2ea9b36901736375dcb1bc4a121a2
BNCI2014-001,7,riemann_lr,channel_dropout,all_channels,2,0.2,8,22,4,0.5,0.8299643281807372,0.48946099867401704,0.49293704402034966,0.3.2,participant,,,,,,b86ad3d586a53a1c8327c50145dfc03932f2ea9b36901736375dcb1bc4a121a2
BNCI2014-001,7,riemann_lr,channel_dropout,all_channels,2,0.2,9,22,4,0.5,0.9215219976218787,0.406819783910417,0.4386265248878074,0.3.2,participant,,,,,,b86ad3d586a53a1c8327c50145dfc03932f2ea9b36901736375dcb1bc4a121a2
BNCI2014-001,7,riemann_lr,channel_dropout,all_channels,2,0.3,0,22,7,0.5,0.7098692033293698,0.4999914200724719,0.4999933491063852,0.3.2,participant,,,,,,b86ad3d586a53a1c8327c50145dfc03932f2ea9b36901736375dcb1bc4a121a2
BNCI2014-001,7,riemann_lr,channel_dropout,all_channels,2,0.3,1,22,7,0.5,0.7954815695600476,0.3748632758410281,0.39645509355834235,0.3.2,participant,,,,,,b86ad3d586a53a1c8327c50145dfc03932f2ea9b36901736375dcb1bc4a121a2
BNCI2014-001,7,riemann_lr,channel_dropout,all_channels,2,0.3,2,22,7,0.5,0.7812128418549347,0.49447494321707003,0.495895435450279,0.3.2,participant,,,,,,b86ad3d586a53a1c8327c50145dfc03932f2ea9b36901736375dcb1bc4a121a2
BNCI2014-001,7,riemann_lr,channel_dropout,all_channels,2,0.3,3,22,7,0.5,0.6646848989298454,0.49999990132261185,0.49999992066172694,0.3.2,participant,,,,,,b86ad3d586a53a1c8327c50145dfc03932f2ea9b36901736375dcb1bc4a121a2
BNCI2014-001,7,riemann_lr,channel_dropout,all_channels,2,0.3,4,22,7,0.5,0.8418549346016647,0.4807224836605717,0.485282580715379,0.3.2,participant,,,,,,b86ad3d586a53a1c8327c50145dfc03932f2ea9b36901736375dcb1bc4a121a2
BNCI2014-001,7,riemann_lr,channel_dropout,all_channels,2,0.3,5,22,7,0.5,0.7407847800237812,0.49921570009632515,0.4993867944633468,0.3.2,participant,,,,,,b86ad3d586a53a1c8327c50145dfc03932f2ea9b36901736375dcb1bc4a121a2
BNCI2014-001,7,riemann_lr,channel_dropout,all_channels,2,0.3,6,22,7,0.5,0.7538644470868014,0.49821339566507067,0.49882706824652445,0.3.2,participant,,,,,,b86ad3d586a53a1c8327c50145dfc03932f2ea9b36901736375dcb1bc4a121a2
BNCI2014-001,7,riemann_lr,channel_dropout,all_channels,2,0.3,7,22,7,0.5,0.7098692033293699,0.4997263906006529,0.4997842196847827,0.3.2,participant,,,,,,b86ad3d586a53a1c8327c50145dfc03932f2ea9b36901736375dcb1bc4a121a2
BNCI2014-001,7,riemann_lr,channel_dropout,all_channels,2,0.3,8,22,7,0.6379310344827587,0.8751486325802617,0.2042612489883362,0.2408287055657854,0.3.2,participant,,,,,,b86ad3d586a53a1c8327c50145dfc03932f2ea9b36901736375dcb1bc4a121a2
BNCI2014-001,7,riemann_lr,channel_dropout,all_channels,2,0.3,9,22,7,0.5,0.8014268727705114,0.49801208524310775,0.4987198731777218,0.3.2,participant,,,,,,b86ad3d586a53a1c8327c50145dfc03932f2ea9b36901736375dcb1bc4a121a2
BNCI2014-001,7,riemann_lr,channel_dropout,all_channels,2,0.5,0,22,11,0.5,0.6076099881093936,0.4980355686020364,0.49816131149912013,0.3.2,participant,,,,,,b86ad3d586a53a1c8327c50145dfc03932f2ea9b36901736375dcb1bc4a121a2
BNCI2014-001,7,riemann_lr,channel_dropout,all_channels,2,0.5,1,22,11,0.5,0.8038049940546969,0.2924315665152815,0.2823900742823766,0.3.2,participant,,,,,,b86ad3d586a53a1c8327c50145dfc03932f2ea9b36901736375dcb1bc4a121a2
BNCI2014-001,7,riemann_lr,channel_dropout,all_channels,2,0.5,2,22,11,0.5,0.6979785969084423,0.49968462893997556,0.4997581107466144,0.3.2,participant,,,,,,b86ad3d586a53a1c8327c50145dfc03932f2ea9b36901736375dcb1bc4a121a2
BNCI2014-001,7,riemann_lr,channel_dropout,all_channels,2,0.5,3,22,11,0.5,0.718192627824019,0.4786502883948282,0.4839690928331343,0.3.2,participant,,,,,,b86ad3d586a53a1c8327c50145dfc03932f2ea9b36901736375dcb1bc4a121a2
BNCI2014-001,7,riemann_lr,channel_dropout,all_channels,2,0.5,4,22,11,0.5,0.7265160523186682,0.4535060288456737,0.45943792359774893,0.3.2,participant,,,,,,b86ad3d586a53a1c8327c50145dfc03932f2ea9b36901736375dcb1bc4a121a2
BNCI2014-001,7,riemann_lr,channel_dropout,all_channels,2,0.5,5,22,11,0.5,0.746730083234245,0.3905311345398481,0.4083904160000016,0.3.2,participant,,,,,,b86ad3d586a53a1c8327c50145dfc03932f2ea9b36901736375dcb1bc4a121a2
BNCI2014-001,7,riemann_lr,channel_dropout,all_channels,2,0.5,6,22,11,0.5,0.7312722948870393,0.4081359383366389,0.42279918857713417,0.3.2,participant,,,,,,b86ad3d586a53a1c8327c50145dfc03932f2ea9b36901736375dcb1bc4a121a2
BNCI2014-001,7,riemann_lr,channel_dropout,all_channels,2,0.5,7,22,11,0.5,0.741973840665874,0.4900252780649278,0.49292986560885615,0.3.2,participant,,,,,,b86ad3d586a53a1c8327c50145dfc03932f2ea9b36901736375dcb1bc4a121a2
BNCI2014-001,7,riemann_lr,channel_dropout,all_channels,2,0.5,8,22,11,0.5,0.8406658739595719,0.4874637555523616,0.49053393993178446,0.3.2,participant,,,,,,b86ad3d586a53a1c8327c50145dfc03932f2ea9b36901736375dcb1bc4a121a2
BNCI2014-001,7,riemann_lr,channel_dropout,all_channels,2,0.5,9,22,11,0.5,0.5766944114149821,0.4436092192435879,0.44284067210269884,0.3.2,participant,,,,,,b86ad3d586a53a1c8327c50145dfc03932f2ea9b36901736375dcb1bc4a121a2
BNCI2014-001,7,riemann_lr,clean,all_channels,3,0.0,0,22,0,0.8275862068965517,0.938168846611177,0.11864433756892981,0.1326384250803284,0.3.2,participant,,,,,,b86ad3d586a53a1c8327c50145dfc03932f2ea9b36901736375dcb1bc4a121a2
BNCI2014-001,7,riemann_lr,channel_dropout,all_channels,3,0.1,0,22,2,0.7758620689655172,0.9429250891795482,0.15937654705973242,0.20938482169935949,0.3.2,participant,,,,,,b86ad3d586a53a1c8327c50145dfc03932f2ea9b36901736375dcb1bc4a121a2
BNCI2014-001,7,riemann_lr,channel_dropout,all_channels,3,0.1,1,22,2,0.7586206896551724,0.9322235434007135,0.1632374756710721,0.21115363938250648,0.3.2,participant,,,,,,b86ad3d586a53a1c8327c50145dfc03932f2ea9b36901736375dcb1bc4a121a2
BNCI2014-001,7,riemann_lr,channel_dropout,all_channels,3,0.1,2,22,2,0.7758620689655172,0.9096313912009513,0.15385463140160946,0.15944861052422793,0.3.2,participant,,,,,,b86ad3d586a53a1c8327c50145dfc03932f2ea9b36901736375dcb1bc4a121a2
BNCI2014-001,7,riemann_lr,channel_dropout,all_channels,3,0.1,3,22,2,0.8103448275862069,0.8941736028537456,0.1424288283669964,0.18193313079452822,0.3.2,participant,,,,,,b86ad3d586a53a1c8327c50145dfc03932f2ea9b36901736375dcb1bc4a121a2
BNCI2014-001,7,riemann_lr,channel_dropout,all_channels,3,0.1,4,22,2,0.6379310344827587,0.9346016646848989,0.25323090222295763,0.3089401894416322,0.3.2,participant,,,,,,b86ad3d586a53a1c8327c50145dfc03932f2ea9b36901736375dcb1bc4a121a2
BNCI2014-001,7,riemann_lr,channel_dropout,all_channels,3,0.1,5,22,2,0.7586206896551724,0.901307966706302,0.14553163709580139,0.1663938495834808,0.3.2,participant,,,,,,b86ad3d586a53a1c8327c50145dfc03932f2ea9b36901736375dcb1bc4a121a2
BNCI2014-001,7,riemann_lr,channel_dropout,all_channels,3,0.1,6,22,2,0.5172413793103449,0.877526753864447,0.3412827156916604,0.3776343611622356,0.3.2,participant,,,,,,b86ad3d586a53a1c8327c50145dfc03932f2ea9b36901736375dcb1bc4a121a2
BNCI2014-001,7,riemann_lr,channel_dropout,all_channels,3,0.1,7,22,2,0.5,0.9227110582639715,0.3534436512203108,0.40117871441431346,0.3.2,participant,,,,,,b86ad3d586a53a1c8327c50145dfc03932f2ea9b36901736375dcb1bc4a121a2
BNCI2014-001,7,riemann_lr,channel_dropout,all_channels,3,0.1,8,22,2,0.6724137931034483,0.896551724137931,0.21159454985129236,0.2404397413621699,0.3.2,participant,,,,,,b86ad3d586a53a1c8327c50145dfc03932f2ea9b36901736375dcb1bc4a121a2
BNCI2014-001,7,riemann_lr,channel_dropout,all_channels,3,0.1,9,22,2,0.5,0.8906064209274673,0.45740655117258944,0.4732222960868015,0.3.2,participant,,,,,,b86ad3d586a53a1c8327c50145dfc03932f2ea9b36901736375dcb1bc4a121a2
BNCI2014-001,7,riemann_lr,channel_dropout,all_channels,3,0.2,0,22,4,0.5,0.8382877526753866,0.4135268422160915,0.436545396825036,0.3.2,participant,,,,,,b86ad3d586a53a1c8327c50145dfc03932f2ea9b36901736375dcb1bc4a121a2
BNCI2014-001,7,riemann_lr,channel_dropout,all_channels,3,0.2,1,22,4,0.5344827586206896,0.8906064209274673,0.33590088953116926,0.3790953106892262,0.3.2,participant,,,,,,b86ad3d586a53a1c8327c50145dfc03932f2ea9b36901736375dcb1bc4a121a2
BNCI2014-001,7,riemann_lr,channel_dropout,all_channels,3,0.2,2,22,4,0.5,0.8323424494649228,0.49968405518111375,0.4997957485001143,0.3.2,participant,,,,,,b86ad3d586a53a1c8327c50145dfc03932f2ea9b36901736375dcb1bc4a121a2
BNCI2014-001,7,riemann_lr,channel_dropout,all_channels,3,0.2,3,22,4,0.5,0.8870392390011891,0.49524753032250124,0.4970446613483762,0.3.2,participant,,,,,,b86ad3d586a53a1c8327c50145dfc03932f2ea9b36901736375dcb1bc4a121a2
BNCI2014-001,7,riemann_lr,channel_dropout,all_channels,3,0.2,4,22,4,0.5,0.8941736028537456,0.487033812325587,0.4917154764201484,0.3.2,participant,,,,,,b86ad3d586a53a1c8327c50145dfc03932f2ea9b36901736375dcb1bc4a121a2
BNCI2014-001,7,riemann_lr,channel_dropout,all_channels,3,0.2,5,22,4,0.5,0.8275862068965517,0.49982040784535886,0.4998887223752037,0.3.2,participant,,,,,,b86ad3d586a53a1c8327c50145dfc03932f2ea9b36901736375dcb1bc4a121a2
BNCI2014-001,7,riemann_lr,channel_dropout,all_channels,3,0.2,6,22,4,0.5,0.835909631391201,0.4899472415869911,0.49355080398505163,0.3.2,participant,,,,,,b86ad3d586a53a1c8327c50145dfc03932f2ea9b36901736375dcb1bc4a121a2
BNCI2014-001,7,riemann_lr,channel_dropout,all_channels,3,0.2,7,22,4,0.5,0.8739595719381689,0.47632809001976306,0.4842828741371286,0.3.2,participant,,,,,,b86ad3d586a53a1c8327c50145dfc03932f2ea9b36901736375dcb1bc4a121a2
BNCI2014-001,7,riemann_lr,channel_dropout,all_channels,3,0.2,8,22,4,0.5,0.8585017835909632,0.37947392927764245,0.40364919631445245,0.3.2,participant,,,,,,b86ad3d586a53a1c8327c50145dfc03932f2ea9b36901736375dcb1bc4a121a2
BNCI2014-001,7,riemann_lr,channel_dropout,all_channels,3,0.2,9,22,4,0.5,0.8287752675386445,0.49997504247395574,0.49998254267073594,0.3.2,participant,,,,,,b86ad3d586a53a1c8327c50145dfc03932f2ea9b36901736375dcb1bc4a121a2
BNCI2014-001,7,riemann_lr,channel_dropout,all_channels,3,0.3,0,22,7,0.5,0.7800237812128419,0.49986493188535946,0.4998947333623546,0.3.2,participant,,,,,,b86ad3d586a53a1c8327c50145dfc03932f2ea9b36901736375dcb1bc4a121a2
BNCI2014-001,7,riemann_lr,channel_dropout,all_channels,3,0.3,1,22,7,0.5,0.7990487514863259,0.45923181903299676,0.47042910174555475,0.3.2,participant,,,,,,b86ad3d586a53a1c8327c50145dfc03932f2ea9b36901736375dcb1bc4a121a2
BNCI2014-001,7,riemann_lr,channel_dropout,all_channels,3,0.3,2,22,7,0.5,0.7479191438763376,0.49993217423476705,0.4999514996458647,0.3.2,participant,,,,,,b86ad3d586a53a1c8327c50145dfc03932f2ea9b36901736375dcb1bc4a121a2
BNCI2014-001,7,riemann_lr,channel_dropout,all_channels,3,0.3,3,22,7,0.5,0.8834720570749107,0.48047843627443904,0.48615111768658137,0.3.2,participant,,,,,,b86ad3d586a53a1c8327c50145dfc03932f2ea9b36901736375dcb1bc4a121a2
BNCI2014-001,7,riemann_lr,channel_dropout,all_channels,3,0.3,4,22,7,0.5172413793103449,0.8002378121284186,0.27242249048172834,0.2604743945217686,0.3.2,participant,,,,,,b86ad3d586a53a1c8327c50145dfc03932f2ea9b36901736375dcb1bc4a121a2
BNCI2014-001,7,riemann_lr,channel_dropout,all_channels,3,0.3,5,22,7,0.5,0.6718192627824019,0.49999835044029733,0.4999985830439619,0.3.2,participant,,,,,,b86ad3d586a53a1c8327c50145dfc03932f2ea9b36901736375dcb1bc4a121a2
BNCI2014-001,7,riemann_lr,channel_dropout,all_channels,3,0.3,6,22,7,0.5,0.7265160523186682,0.49869061592864705,0.49898302872851513,0.3.2,participant,,,,,,b86ad3d586a53a1c8327c50145dfc03932f2ea9b36901736375dcb1bc4a121a2
BNCI2014-001,7,riemann_lr,channel_dropout,all_channels,3,0.3,7,22,7,0.5,0.8620689655172413,0.46809957137637015,0.4788876536377711,0.3.2,participant,,,,,,b86ad3d586a53a1c8327c50145dfc03932f2ea9b36901736375dcb1bc4a121a2
BNCI2014-001,7,riemann_lr,channel_dropout,all_channels,3,0.3,8,22,7,0.5,0.8252080856123661,0.39304974822211836,0.41216104753098104,0.3.2,participant,,,,,,b86ad3d586a53a1c8327c50145dfc03932f2ea9b36901736375dcb1bc4a121a2
BNCI2014-001,7,riemann_lr,channel_dropout,all_channels,3,0.3,9,22,7,0.5,0.8311533888228299,0.4998674903628694,0.49991948567609334,0.3.2,participant,,,,,,b86ad3d586a53a1c8327c50145dfc03932f2ea9b36901736375dcb1bc4a121a2
BNCI2014-001,7,riemann_lr,channel_dropout,all_channels,3,0.5,0,22,11,0.5,0.8073721759809751,0.49999668175960804,0.4999973248145436,0.3.2,participant,,,,,,b86ad3d586a53a1c8327c50145dfc03932f2ea9b36901736375dcb1bc4a121a2
BNCI2014-001,7,riemann_lr,channel_dropout,all_channels,3,0.5,1,22,11,0.5,0.8466111771700356,0.4973638870913258,0.4981124414903345,0.3.2,participant,,,,,,b86ad3d586a53a1c8327c50145dfc03932f2ea9b36901736375dcb1bc4a121a2
BNCI2014-001,7,riemann_lr,channel_dropout,all_channels,3,0.5,2,22,11,0.5,0.6076099881093935,0.49999999985130655,0.4999999998616517,0.3.2,participant,,,,,,b86ad3d586a53a1c8327c50145dfc03932f2ea9b36901736375dcb1bc4a121a2
BNCI2014-001,7,riemann_lr,channel_dropout,all_channels,3,0.5,3,22,11,0.5,0.7336504161712247,0.49929078904919755,0.49941485932337915,0.3.2,participant,,,,,,b86ad3d586a53a1c8327c50145dfc03932f2ea9b36901736375dcb1bc4a121a2
BNCI2014-001,7,riemann_lr,channel_dropout,all_channels,3,0.5,4,22,11,0.5,0.7919143876337693,0.4999998690834563,0.49999991182537185,0.3.2,participant,,,,,,b86ad3d586a53a1c8327c50145dfc03932f2ea9b36901736375dcb1bc4a121a2
BNCI2014-001,7,riemann_lr,channel_dropout,all_channels,3,0.5,5,22,11,0.5,0.8002378121284185,0.48517482383261035,0.488606738001811,0.3.2,participant,,,,,,b86ad3d586a53a1c8327c50145dfc03932f2ea9b36901736375dcb1bc4a121a2
BNCI2014-001,7,riemann_lr,channel_dropout,all_channels,3,0.5,6,22,11,0.6724137931034482,0.7752675386444708,0.20720817131420569,0.16899394669239226,0.3.2,participant,,,,,,b86ad3d586a53a1c8327c50145dfc03932f2ea9b36901736375dcb1bc4a121a2
BNCI2014-001,7,riemann_lr,channel_dropout,all_channels,3,0.5,7,22,11,0.5517241379310345,0.8204518430439952,0.224434264351638,0.20190217671063831,0.3.2,participant,,,,,,b86ad3d586a53a1c8327c50145dfc03932f2ea9b36901736375dcb1bc4a121a2
BNCI2014-001,7,riemann_lr,channel_dropout,all_channels,3,0.5,8,22,11,0.5,0.7229488703923901,0.3563113690923546,0.3514517058329688,0.3.2,participant,,,,,,b86ad3d586a53a1c8327c50145dfc03932f2ea9b36901736375dcb1bc4a121a2
BNCI2014-001,7,riemann_lr,channel_dropout,all_channels,3,0.5,9,22,11,0.5689655172413793,0.689655172413793,0.23293067069517923,0.11841624291385776,0.3.2,participant,,,,,,b86ad3d586a53a1c8327c50145dfc03932f2ea9b36901736375dcb1bc4a121a2
BNCI2014-001,7,riemann_lr,clean,all_channels,4,0.0,0,22,0,0.8940886699507389,0.9532019704433498,0.09936314352679251,0.14177340530798466,0.3.2,participant,,,,,,b86ad3d586a53a1c8327c50145dfc03932f2ea9b36901736375dcb1bc4a121a2
BNCI2014-001,7,riemann_lr,channel_dropout,all_channels,4,0.1,0,22,2,0.6607142857142857,0.8411330049261083,0.2506141324340509,0.28509284727136014,0.3.2,participant,,,,,,b86ad3d586a53a1c8327c50145dfc03932f2ea9b36901736375dcb1bc4a121a2
BNCI2014-001,7,riemann_lr,channel_dropout,all_channels,4,0.1,1,22,2,0.6785714285714286,0.8793103448275862,0.20759639066259702,0.2103841262948422,0.3.2,participant,,,,,,b86ad3d586a53a1c8327c50145dfc03932f2ea9b36901736375dcb1bc4a121a2
BNCI2014-001,7,riemann_lr,channel_dropout,all_channels,4,0.1,2,22,2,0.875615763546798,0.9384236453201971,0.11219101941835434,0.1322541991872287,0.3.2,participant,,,,,,b86ad3d586a53a1c8327c50145dfc03932f2ea9b36901736375dcb1bc4a121a2
BNCI2014-001,7,riemann_lr,channel_dropout,all_channels,4,0.1,3,22,2,0.5,0.9445812807881774,0.44688745751097636,0.4640025276722111,0.3.2,participant,,,,,,b86ad3d586a53a1c8327c50145dfc03932f2ea9b36901736375dcb1bc4a121a2
BNCI2014-001,7,riemann_lr,channel_dropout,all_channels,4,0.1,4,22,2,0.7690886699507389,0.8251231527093598,0.16269629650934608,0.17808820592577532,0.3.2,participant,,,,,,b86ad3d586a53a1c8327c50145dfc03932f2ea9b36901736375dcb1bc4a121a2
BNCI2014-001,7,riemann_lr,channel_dropout,all_channels,4,0.1,5,22,2,0.750615763546798,0.8485221674876847,0.16144711136334833,0.13298283257468582,0.3.2,participant,,,,,,b86ad3d586a53a1c8327c50145dfc03932f2ea9b36901736375dcb1bc4a121a2
BNCI2014-001,7,riemann_lr,channel_dropout,all_channels,4,0.1,6,22,2,0.5357142857142857,0.9002463054187192,0.28126675226032044,0.3230822957940347,0.3.2,participant,,,,,,b86ad3d586a53a1c8327c50145dfc03932f2ea9b36901736375dcb1bc4a121a2
BNCI2014-001,7,riemann_lr,channel_dropout,all_channels,4,0.1,7,22,2,0.5714285714285714,0.8263546798029557,0.3107783417677513,0.348841315949947,0.3.2,participant,,,,,,b86ad3d586a53a1c8327c50145dfc03932f2ea9b36901736375dcb1bc4a121a2
BNCI2014-001,7,riemann_lr,channel_dropout,all_channels,4,0.1,8,22,2,0.8091133004926109,0.9347290640394088,0.14745981637833025,0.19135442116197168,0.3.2,participant,,,,,,b86ad3d586a53a1c8327c50145dfc03932f2ea9b36901736375dcb1bc4a121a2
BNCI2014-001,7,riemann_lr,channel_dropout,all_channels,4,0.1,9,22,2,0.5,0.9556650246305419,0.438816282067904,0.4594202693614441,0.3.2,participant,,,,,,b86ad3d586a53a1c8327c50145dfc03932f2ea9b36901736375dcb1bc4a121a2
BNCI2014-001,7,riemann_lr,channel_dropout,all_channels,4,0.2,0,22,4,0.7697044334975369,0.9408866995073892,0.14159938405309017,0.2324526732234751,0.3.2,participant,,,,,,b86ad3d586a53a1c8327c50145dfc03932f2ea9b36901736375dcb1bc4a121a2
BNCI2014-001,7,riemann_lr,channel_dropout,all_channels,4,0.2,1,22,4,0.6785714285714286,0.9433497536945813,0.1914149707327006,0.2523660105366471,0.3.2,participant,,,,,,b86ad3d586a53a1c8327c50145dfc03932f2ea9b36901736375dcb1bc4a121a2
BNCI2014-001,7,riemann_lr,channel_dropout,all_channels,4,0.2,2,22,4,0.5892857142857143,0.8362068965517241,0.2753383740369973,0.29724498779791564,0.3.2,participant,,,,,,b86ad3d586a53a1c8327c50145dfc03932f2ea9b36901736375dcb1bc4a121a2
BNCI2014-001,7,riemann_lr,channel_dropout,all_channels,4,0.2,3,22,4,0.7900246305418719,0.8879310344827587,0.16433524623847093,0.16235914298190096,0.3.2,participant,,,,,,b86ad3d586a53a1c8327c50145dfc03932f2ea9b36901736375dcb1bc4a121a2
BNCI2014-001,7,riemann_lr,channel_dropout,all_channels,4,0.2,4,22,4,0.8214285714285714,0.8522167487684729,0.15327453499259744,0.1118043473537748,0.3.2,participant,,,,,,b86ad3d586a53a1c8327c50145dfc03932f2ea9b36901736375dcb1bc4a121a2
BNCI2014-001,7,riemann_lr,channel_dropout,all_channels,4,0.2,5,22,4,0.5,0.8029556650246306,0.4884920925308733,0.4894308752588173,0.3.2,participant,,,,,,b86ad3d586a53a1c8327c50145dfc03932f2ea9b36901736375dcb1bc4a121a2
BNCI2014-001,7,riemann_lr,channel_dropout,all_channels,4,0.2,6,22,4,0.5,0.7623152709359606,0.49059506218694904,0.4952523582334055,0.3.2,participant,,,,,,b86ad3d586a53a1c8327c50145dfc03932f2ea9b36901736375dcb1bc4a121a2
BNCI2014-001,7,riemann_lr,channel_dropout,all_channels,4,0.2,7,22,4,0.5,0.9384236453201971,0.43571078103008887,0.456929398502619,0.3.2,participant,,,,,,b86ad3d586a53a1c8327c50145dfc03932f2ea9b36901736375dcb1bc4a121a2
BNCI2014-001,7,riemann_lr,channel_dropout,all_channels,4,0.2,8,22,4,0.5178571428571429,0.8288177339901477,0.3338431208503751,0.3726544474773337,0.3.2,participant,,,,,,b86ad3d586a53a1c8327c50145dfc03932f2ea9b36901736375dcb1bc4a121a2
BNCI2014-001,7,riemann_lr,channel_dropout,all_channels,4,0.2,9,22,4,0.5,0.8694581280788177,0.43854212133925047,0.45977520010892076,0.3.2,participant,,,,,,b86ad3d586a53a1c8327c50145dfc03932f2ea9b36901736375dcb1bc4a121a2
BNCI2014-001,7,riemann_lr,channel_dropout,all_channels,4,0.3,0,22,7,0.5,0.8633004926108374,0.4907819225691429,0.4909109261886082,0.3.2,participant,,,,,,b86ad3d586a53a1c8327c50145dfc03932f2ea9b36901736375dcb1bc4a121a2
BNCI2014-001,7,riemann_lr,channel_dropout,all_channels,4,0.3,1,22,7,0.5671182266009852,0.8288177339901478,0.23197770567378534,0.2203912440542311,0.3.2,participant,,,,,,b86ad3d586a53a1c8327c50145dfc03932f2ea9b36901736375dcb1bc4a121a2
BNCI2014-001,7,riemann_lr,channel_dropout,all_channels,4,0.3,2,22,7,0.5178571428571429,0.8017241379310345,0.36984128062949495,0.3931038216667919,0.3.2,participant,,,,,,b86ad3d586a53a1c8327c50145dfc03932f2ea9b36901736375dcb1bc4a121a2
BNCI2014-001,7,riemann_lr,channel_dropout,all_channels,4,0.3,3,22,7,0.5,0.7623152709359605,0.3843573554949042,0.4032250649752944,0.3.2,participant,,,,,,b86ad3d586a53a1c8327c50145dfc03932f2ea9b36901736375dcb1bc4a121a2
BNCI2014-001,7,riemann_lr,channel_dropout,all_channels,4,0.3,4,22,7,0.5,0.853448275862069,0.484451301545568,0.4866188574743887,0.3.2,participant,,,,,,b86ad3d586a53a1c8327c50145dfc03932f2ea9b36901736375dcb1bc4a121a2
BNCI2014-001,7,riemann_lr,channel_dropout,all_channels,4,0.3,5,22,7,0.500615763546798,0.8694581280788177,0.24545656796581528,0.24322955937103843,0.3.2,participant,,,,,,b86ad3d586a53a1c8327c50145dfc03932f2ea9b36901736375dcb1bc4a121a2
BNCI2014-001,7,riemann_lr,channel_dropout,all_channels,4,0.3,6,22,7,0.5,0.8509852216748768,0.47614991408944074,0.48090797581654776,0.3.2,participant,,,,,,b86ad3d586a53a1c8327c50145dfc03932f2ea9b36901736375dcb1bc4a121a2
BNCI2014-001,7,riemann_lr,channel_dropout,all_channels,4,0.3,7,22,7,0.5,0.9458128078817735,0.3826735440545665,0.4127823602084959,0.3.2,participant,,,,,,b86ad3d586a53a1c8327c50145dfc03932f2ea9b36901736375dcb1bc4a121a2
BNCI2014-001,7,riemann_lr,channel_dropout,all_channels,4,0.3,8,22,7,0.603448275862069,0.896551724137931,0.23181199215229026,0.2957325173000194,0.3.2,participant,,,,,,b86ad3d586a53a1c8327c50145dfc03932f2ea9b36901736375dcb1bc4a121a2
BNCI2014-001,7,riemann_lr,channel_dropout,all_channels,4,0.3,9,22,7,0.5178571428571429,0.895320197044335,0.3798686191905378,0.40617113788150994,0.3.2,participant,,,,,,b86ad3d586a53a1c8327c50145dfc03932f2ea9b36901736375dcb1bc4a121a2
BNCI2014-001,7,riemann_lr,channel_dropout,all_channels,4,0.5,0,22,11,0.5,0.8091133004926109,0.4912279516972927,0.4912279763194756,0.3.2,participant,,,,,,b86ad3d586a53a1c8327c50145dfc03932f2ea9b36901736375dcb1bc4a121a2
BNCI2014-001,7,riemann_lr,channel_dropout,all_channels,4,0.5,1,22,11,0.5,0.7549261083743843,0.5063671897367782,0.5068937197375457,0.3.2,participant,,,,,,b86ad3d586a53a1c8327c50145dfc03932f2ea9b36901736375dcb1bc4a121a2
BNCI2014-001,7,riemann_lr,channel_dropout,all_channels,4,0.5,2,22,11,0.5,0.7770935960591133,0.49119235048925164,0.491200213427498,0.3.2,participant,,,,,,b86ad3d586a53a1c8327c50145dfc03932f2ea9b36901736375dcb1bc4a121a2
BNCI2014-001,7,riemann_lr,channel_dropout,all_channels,4,0.5,3,22,11,0.5,0.8423645320197045,0.49427559240299634,0.4972241003251924,0.3.2,participant,,,,,,b86ad3d586a53a1c8327c50145dfc03932f2ea9b36901736375dcb1bc4a121a2
BNCI2014-001,7,riemann_lr,channel_dropout,all_channels,4,0.5,4,22,11,0.6268472906403941,0.8226600985221675,0.21415061104958044,0.180042006291716,0.3.2,participant,,,,,,b86ad3d586a53a1c8327c50145dfc03932f2ea9b36901736375dcb1bc4a121a2
BNCI2014-001,7,riemann_lr,channel_dropout,all_channels,4,0.5,5,22,11,0.5535714285714286,0.6884236453201971,0.25377616242764967,0.1608405284648102,0.3.2,participant,,,,,,b86ad3d586a53a1c8327c50145dfc03932f2ea9b36901736375dcb1bc4a121a2
BNCI2014-001,7,riemann_lr,channel_dropout,all_channels,4,0.5,6,22,11,0.5,0.7672413793103448,0.490952862570623,0.4910059272188064,0.3.2,participant,,,,,,b86ad3d586a53a1c8327c50145dfc03932f2ea9b36901736375dcb1bc4a121a2
BNCI2014-001,7,riemann_lr,channel_dropout,all_channels,4,0.5,7,22,11,0.5,0.645320197044335,0.4911088848267607,0.4911188467871554,0.3.2,participant,,,,,,b86ad3d586a53a1c8327c50145dfc03932f2ea9b36901736375dcb1bc4a121a2
BNCI2014-001,7,riemann_lr,channel_dropout,all_channels,4,0.5,8,22,11,0.5,0.7906403940886699,0.4842657957393103,0.48936242576527234,0.3.2,participant,,,,,,b86ad3d586a53a1c8327c50145dfc03932f2ea9b36901736375dcb1bc4a121a2
BNCI2014-001,7,riemann_lr,channel_dropout,all_channels,4,0.5,9,22,11,0.7204433497536946,0.7807881773399015,0.20283103071217284,0.12243066900272176,0.3.2,participant,,,,,,b86ad3d586a53a1c8327c50145dfc03932f2ea9b36901736375dcb1bc4a121a2
BNCI2014-001,7,riemann_lr,clean,all_channels,5,0.0,0,22,0,0.7721674876847291,0.8608374384236454,0.1504651773592048,0.16878606368614568,0.3.2,participant,,,,,,b86ad3d586a53a1c8327c50145dfc03932f2ea9b36901736375dcb1bc4a121a2
BNCI2014-001,7,riemann_lr,channel_dropout,all_channels,5,0.1,0,22,2,0.5689655172413793,0.7746305418719212,0.3189205746571517,0.3356878704262249,0.3.2,participant,,,,,,b86ad3d586a53a1c8327c50145dfc03932f2ea9b36901736375dcb1bc4a121a2
BNCI2014-001,7,riemann_lr,channel_dropout,all_channels,5,0.1,1,22,2,0.6847290640394088,0.8152709359605911,0.17467650574185056,0.1138758677553455,0.3.2,participant,,,,,,b86ad3d586a53a1c8327c50145dfc03932f2ea9b36901736375dcb1bc4a121a2
BNCI2014-001,7,riemann_lr,channel_dropout,all_channels,5,0.1,2,22,2,0.5178571428571429,0.7364532019704434,0.3277630603935533,0.3311311977204692,0.3.2,participant,,,,,,b86ad3d586a53a1c8327c50145dfc03932f2ea9b36901736375dcb1bc4a121a2
BNCI2014-001,7,riemann_lr,channel_dropout,all_channels,5,0.1,3,22,2,0.5714285714285714,0.8103448275862069,0.2807133794097677,0.297264496522397,0.3.2,participant,,,,,,b86ad3d586a53a1c8327c50145dfc03932f2ea9b36901736375dcb1bc4a121a2
BNCI2014-001,7,riemann_lr,channel_dropout,all_channels,5,0.1,4,22,2,0.7358374384236454,0.8177339901477833,0.17747751375130436,0.10962842389113878,0.3.2,participant,,,,,,b86ad3d586a53a1c8327c50145dfc03932f2ea9b36901736375dcb1bc4a121a2
BNCI2014-001,7,riemann_lr,channel_dropout,all_channels,5,0.1,5,22,2,0.5344827586206896,0.7955665024630542,0.3599819267818129,0.39822890201516703,0.3.2,participant,,,,,,b86ad3d586a53a1c8327c50145dfc03932f2ea9b36901736375dcb1bc4a121a2
BNCI2014-001,7,riemann_lr,channel_dropout,all_channels,5,0.1,6,22,2,0.6717980295566502,0.7807881773399015,0.2473479044716862,0.23513086393957652,0.3.2,participant,,,,,,b86ad3d586a53a1c8327c50145dfc03932f2ea9b36901736375dcb1bc4a121a2
BNCI2014-001,7,riemann_lr,channel_dropout,all_channels,5,0.1,7,22,2,0.5,0.8263546798029557,0.49382180984832647,0.500125206640488,0.3.2,participant,,,,,,b86ad3d586a53a1c8327c50145dfc03932f2ea9b36901736375dcb1bc4a121a2
BNCI2014-001,7,riemann_lr,channel_dropout,all_channels,5,0.1,8,22,2,0.5862068965517242,0.7426108374384237,0.3118952667335682,0.32208351012690606,0.3.2,participant,,,,,,b86ad3d586a53a1c8327c50145dfc03932f2ea9b36901736375dcb1bc4a121a2
BNCI2014-001,7,riemann_lr,channel_dropout,all_channels,5,0.1,9,22,2,0.5344827586206896,0.7475369458128079,0.372073188815259,0.40132748185379363,0.3.2,participant,,,,,,b86ad3d586a53a1c8327c50145dfc03932f2ea9b36901736375dcb1bc4a121a2
BNCI2014-001,7,riemann_lr,channel_dropout,all_channels,5,0.2,0,22,4,0.5,0.7118226600985222,0.5086131339879695,0.5086704913435779,0.3.2,participant,,,,,,b86ad3d586a53a1c8327c50145dfc03932f2ea9b36901736375dcb1bc4a121a2
BNCI2014-001,7,riemann_lr,channel_dropout,all_channels,5,0.2,1,22,4,0.5178571428571429,0.789408866995074,0.39636394923992624,0.41667777214473944,0.3.2,participant,,,,,,b86ad3d586a53a1c8327c50145dfc03932f2ea9b36901736375dcb1bc4a121a2
BNCI2014-001,7,riemann_lr,channel_dropout,all_channels,5,0.2,2,22,4,0.5,0.7598522167487687,0.49375597296197155,0.4995949050223928,0.3.2,participant,,,,,,b86ad3d586a53a1c8327c50145dfc03932f2ea9b36901736375dcb1bc4a121a2
BNCI2014-001,7,riemann_lr,channel_dropout,all_channels,5,0.2,3,22,4,0.5,0.7364532019704434,0.4736327504618974,0.477835047931482,0.3.2,participant,,,,,,b86ad3d586a53a1c8327c50145dfc03932f2ea9b36901736375dcb1bc4a121a2
BNCI2014-001,7,riemann_lr,channel_dropout,all_channels,5,0.2,4,22,4,0.5,0.7672413793103449,0.38430506203299575,0.4010661342511692,0.3.2,participant,,,,,,b86ad3d586a53a1c8327c50145dfc03932f2ea9b36901736375dcb1bc4a121a2
BNCI2014-001,7,riemann_lr,channel_dropout,all_channels,5,0.2,5,22,4,0.5,0.8140394088669951,0.5059266786044097,0.5070854212706205,0.3.2,participant,,,,,,b86ad3d586a53a1c8327c50145dfc03932f2ea9b36901736375dcb1bc4a121a2
BNCI2014-001,7,riemann_lr,channel_dropout,all_channels,5,0.2,6,22,4,0.5,0.6908866995073891,0.40829808046794946,0.41795034026134037,0.3.2,participant,,,,,,b86ad3d586a53a1c8327c50145dfc03932f2ea9b36901736375dcb1bc4a121a2
BNCI2014-001,7,riemann_lr,channel_dropout,all_channels,5,0.2,7,22,4,0.5344827586206896,0.7573891625615764,0.34406174252409,0.37243638782074073,0.3.2,participant,,,,,,b86ad3d586a53a1c8327c50145dfc03932f2ea9b36901736375dcb1bc4a121a2
BNCI2014-001,7,riemann_lr,channel_dropout,all_channels,5,0.2,8,22,4,0.5,0.7869458128078818,0.4162410910806462,0.4390569669931395,0.3.2,participant,,,,,,b86ad3d586a53a1c8327c50145dfc03932f2ea9b36901736375dcb1bc4a121a2
BNCI2014-001,7,riemann_lr,channel_dropout,all_channels,5,0.2,9,22,4,0.5344827586206896,0.7302955665024631,0.368817642580306,0.39087747353247354,0.3.2,participant,,,,,,b86ad3d586a53a1c8327c50145dfc03932f2ea9b36901736375dcb1bc4a121a2
BNCI2014-001,7,riemann_lr,channel_dropout,all_channels,5,0.3,0,22,7,0.6711822660098522,0.7980295566502463,0.2153936517641237,0.16906961818477256,0.3.2,participant,,,,,,b86ad3d586a53a1c8327c50145dfc03932f2ea9b36901736375dcb1bc4a121a2
BNCI2014-001,7,riemann_lr,channel_dropout,all_channels,5,0.3,1,22,7,0.5,0.6625615763546798,0.49466892591603123,0.4982503919289204,0.3.2,participant,,,,,,b86ad3d586a53a1c8327c50145dfc03932f2ea9b36901736375dcb1bc4a121a2
BNCI2014-001,7,riemann_lr,channel_dropout,all_channels,5,0.3,2,22,7,0.5,0.7105911330049262,0.4425761762733537,0.4487828992301247,0.3.2,participant,,,,,,b86ad3d586a53a1c8327c50145dfc03932f2ea9b36901736375dcb1bc4a121a2
BNCI2014-001,7,riemann_lr,channel_dropout,all_channels,5,0.3,3,22,7,0.5,0.7672413793103448,0.5020306020544387,0.503769734762898,0.3.2,participant,,,,,,b86ad3d586a53a1c8327c50145dfc03932f2ea9b36901736375dcb1bc4a121a2
BNCI2014-001,7,riemann_lr,channel_dropout,all_channels,5,0.3,4,22,7,0.5,0.7142857142857142,0.49875337953894944,0.5019423124630268,0.3.2,participant,,,,,,b86ad3d586a53a1c8327c50145dfc03932f2ea9b36901736375dcb1bc4a121a2
BNCI2014-001,7,riemann_lr,channel_dropout,all_channels,5,0.3,5,22,7,0.5,0.5800492610837439,0.5087325070968642,0.50873834451083,0.3.2,participant,,,,,,b86ad3d586a53a1c8327c50145dfc03932f2ea9b36901736375dcb1bc4a121a2
BNCI2014-001,7,riemann_lr,channel_dropout,all_channels,5,0.3,6,22,7,0.5,0.6982758620689655,0.35358397719483337,0.37194517214657863,0.3.2,participant,,,,,,b86ad3d586a53a1c8327c50145dfc03932f2ea9b36901736375dcb1bc4a121a2
BNCI2014-001,7,riemann_lr,channel_dropout,all_channels,5,0.3,7,22,7,0.5,0.7573891625615764,0.5081810247961726,0.5083761831629142,0.3.2,participant,,,,,,b86ad3d586a53a1c8327c50145dfc03932f2ea9b36901736375dcb1bc4a121a2
BNCI2014-001,7,riemann_lr,channel_dropout,all_channels,5,0.3,8,22,7,0.5,0.6711822660098522,0.49055564297553267,0.4948558609799212,0.3.2,participant,,,,,,b86ad3d586a53a1c8327c50145dfc03932f2ea9b36901736375dcb1bc4a121a2
BNCI2014-001,7,riemann_lr,channel_dropout,all_channels,5,0.3,9,22,7,0.5,0.6490147783251232,0.5087615140976594,0.5087643501061916,0.3.2,participant,,,,,,b86ad3d586a53a1c8327c50145dfc03932f2ea9b36901736375dcb1bc4a121a2
BNCI2014-001,7,riemann_lr,channel_dropout,all_channels,5,0.5,0,22,11,0.5,0.5935960591133005,0.5059266663543802,0.5061284045037162,0.3.2,participant,,,,,,b86ad3d586a53a1c8327c50145dfc03932f2ea9b36901736375dcb1bc4a121a2
BNCI2014-001,7,riemann_lr,channel_dropout,all_channels,5,0.5,1,22,11,0.5,0.6071428571428572,0.35757059516772427,0.3404974038002018,0.3.2,participant,,,,,,b86ad3d586a53a1c8327c50145dfc03932f2ea9b36901736375dcb1bc4a121a2
BNCI2014-001,7,riemann_lr,channel_dropout,all_channels,5,0.5,2,22,11,0.5,0.6564039408866995,0.4805614944285073,0.4814241396402277,0.3.2,participant,,,,,,b86ad3d586a53a1c8327c50145dfc03932f2ea9b36901736375dcb1bc4a121a2
BNCI2014-001,7,riemann_lr,channel_dropout,all_channels,5,0.5,3,22,11,0.5,0.6416256157635468,0.5087693586727692,0.5087697500889425,0.3.2,participant,,,,,,b86ad3d586a53a1c8327c50145dfc03932f2ea9b36901736375dcb1bc4a121a2
BNCI2014-001,7,riemann_lr,channel_dropout,all_channels,5,0.5,4,22,11,0.5,0.6564039408866994,0.5087681038865969,0.508768989063183,0.3.2,participant,,,,,,b86ad3d586a53a1c8327c50145dfc03932f2ea9b36901736375dcb1bc4a121a2
BNCI2014-001,7,riemann_lr,channel_dropout,all_channels,5,0.5,5,22,11,0.5,0.6995073891625616,0.38317848672869165,0.38869670314779176,0.3.2,participant,,,,,,b86ad3d586a53a1c8327c50145dfc03932f2ea9b36901736375dcb1bc4a121a2
BNCI2014-001,7,riemann_lr,channel_dropout,all_channels,5,0.5,6,22,11,0.5,0.7007389162561577,0.5053646711537632,0.5058497512522976,0.3.2,participant,,,,,,b86ad3d586a53a1c8327c50145dfc03932f2ea9b36901736375dcb1bc4a121a2
BNCI2014-001,7,riemann_lr,channel_dropout,all_channels,5,0.5,7,22,11,0.5,0.5997536945812808,0.5086986557158157,0.5087180178192902,0.3.2,participant,,,,,,b86ad3d586a53a1c8327c50145dfc03932f2ea9b36901736375dcb1bc4a121a2
BNCI2014-001,7,riemann_lr,channel_dropout,all_channels,5,0.5,8,22,11,0.5,0.6773399014778325,0.46229346269664984,0.46668222544259896,0.3.2,participant,,,,,,b86ad3d586a53a1c8327c50145dfc03932f2ea9b36901736375dcb1bc4a121a2
BNCI2014-001,7,riemann_lr,channel_dropout,all_channels,5,0.5,9,22,11,0.5,0.5935960591133005,0.5081604098072675,0.5082545559517945,0.3.2,participant,,,,,,b86ad3d586a53a1c8327c50145dfc03932f2ea9b36901736375dcb1bc4a121a2
BNCI2014-001,7,riemann_lr,reduced_montage,motor_core,1,0.0,0,3,0,0.7241379310344828,0.7788347205707491,0.20585493738803673,0.12838312895327456,0.3.2,not_applicable,"C3,Cz,C4",,,,,b86ad3d586a53a1c8327c50145dfc03932f2ea9b36901736375dcb1bc4a121a2
BNCI2014-001,7,riemann_lr,reduced_montage,motor_core,2,0.0,0,3,0,0.603448275862069,0.7051129607609988,0.2189331840655135,0.22615954273866087,0.3.2,not_applicable,"C3,Cz,C4",,,,,b86ad3d586a53a1c8327c50145dfc03932f2ea9b36901736375dcb1bc4a121a2
BNCI2014-001,7,riemann_lr,reduced_montage,motor_core,3,0.0,0,3,0,0.6551724137931034,0.6932223543400713,0.222543508186019,0.1538817429430718,0.3.2,not_applicable,"C3,Cz,C4",,,,,b86ad3d586a53a1c8327c50145dfc03932f2ea9b36901736375dcb1bc4a121a2
BNCI2014-001,7,riemann_lr,reduced_montage,motor_core,4,0.0,0,3,0,0.5788177339901477,0.6600985221674877,0.2259023778173077,0.09483933415552777,0.3.2,not_applicable,"C3,Cz,C4",,,,,b86ad3d586a53a1c8327c50145dfc03932f2ea9b36901736375dcb1bc4a121a2
BNCI2014-001,7,riemann_lr,reduced_montage,motor_core,5,0.0,0,3,0,0.5461822660098522,0.6748768472906405,0.22675211235952986,0.12407748838567664,0.3.2,not_applicable,"C3,Cz,C4",,,,,b86ad3d586a53a1c8327c50145dfc03932f2ea9b36901736375dcb1bc4a121a2
BNCI2014-001,7,riemann_lr,reduced_montage,motor_extended,1,0.0,0,9,0,0.7586206896551724,0.8466111771700356,0.17762659645248297,0.1589262325242758,0.3.2,not_applicable,"FC3,FCz,FC4,C3,Cz,C4,CP3,CPz,CP4",,,,,b86ad3d586a53a1c8327c50145dfc03932f2ea9b36901736375dcb1bc4a121a2
BNCI2014-001,7,riemann_lr,reduced_montage,motor_extended,2,0.0,0,9,0,0.7413793103448276,0.816884661117717,0.1786339891721676,0.1619529531942111,0.3.2,not_applicable,"FC3,FCz,FC4,C3,Cz,C4,CP3,CPz,CP4",,,,,b86ad3d586a53a1c8327c50145dfc03932f2ea9b36901736375dcb1bc4a121a2
BNCI2014-001,7,riemann_lr,reduced_montage,motor_extended,3,0.0,0,9,0,0.7068965517241379,0.7907253269916765,0.19060552395673036,0.06509060526955042,0.3.2,not_applicable,"FC3,FCz,FC4,C3,Cz,C4,CP3,CPz,CP4",,,,,b86ad3d586a53a1c8327c50145dfc03932f2ea9b36901736375dcb1bc4a121a2
BNCI2014-001,7,riemann_lr,reduced_montage,motor_extended,4,0.0,0,9,0,0.771551724137931,0.7906403940886699,0.18513017815460467,0.12980192427856707,0.3.2,not_applicable,"FC3,FCz,FC4,C3,Cz,C4,CP3,CPz,CP4",,,,,b86ad3d586a53a1c8327c50145dfc03932f2ea9b36901736375dcb1bc4a121a2
BNCI2014-001,7,riemann_lr,reduced_montage,motor_extended,5,0.0,0,9,0,0.7032019704433498,0.7327586206896552,0.20957357553481987,0.10241059071762378,0.3.2,not_applicable,"FC3,FCz,FC4,C3,Cz,C4,CP3,CPz,CP4",,,,,b86ad3d586a53a1c8327c50145dfc03932f2ea9b36901736375dcb1bc4a121a2
BNCI2014-001,7,riemann_lr,region_dropout,all_channels,1,0.3181818181818182,0,22,7,0.5,0.896551724137931,0.4954712722724627,0.4971236493689881,0.3.2,not_applicable,,left_motor_strip,"FC3,FC1,C5,C3,C1,CP3,CP1",,,b86ad3d586a53a1c8327c50145dfc03932f2ea9b36901736375dcb1bc4a121a2
BNCI2014-001,7,riemann_lr,region_dropout,all_channels,1,0.13636363636363635,0,22,3,0.5,0.9774078478002378,0.3443286094144181,0.3918857526690609,0.3.2,not_applicable,,midline_motor_strip,"FCz,Cz,CPz",,,b86ad3d586a53a1c8327c50145dfc03932f2ea9b36901736375dcb1bc4a121a2
BNCI2014-001,7,riemann_lr,region_dropout,all_channels,1,0.3181818181818182,0,22,7,0.5,0.7586206896551724,0.4999978828898668,0.4999984358672201,0.3.2,not_applicable,,right_motor_strip,"FC2,FC4,C2,C4,C6,CP2,CP4",,,b86ad3d586a53a1c8327c50145dfc03932f2ea9b36901736375dcb1bc4a121a2
BNCI2014-001,7,riemann_lr,region_dropout,all_channels,2,0.3181818181818182,0,22,7,0.5,0.9072532699167658,0.4894405641019197,0.4935987779834222,0.3.2,not_applicable,,left_motor_strip,"FC3,FC1,C5,C3,C1,CP3,CP1",,,b86ad3d586a53a1c8327c50145dfc03932f2ea9b36901736375dcb1bc4a121a2
BNCI2014-001,7,riemann_lr,region_dropout,all_channels,2,0.13636363636363635,0,22,3,0.5,0.9488703923900119,0.4184188390913822,0.4498593103055787,0.3.2,not_applicable,,midline_motor_strip,"FCz,Cz,CPz",,,b86ad3d586a53a1c8327c50145dfc03932f2ea9b36901736375dcb1bc4a121a2
BNCI2014-001,7,riemann_lr,region_dropout,all_channels,2,0.3181818181818182,0,22,7,0.5,0.7170035671819263,0.4999993130705668,0.49999952538182413,0.3.2,not_applicable,,right_motor_strip,"FC2,FC4,C2,C4,C6,CP2,CP4",,,b86ad3d586a53a1c8327c50145dfc03932f2ea9b36901736375dcb1bc4a121a2
BNCI2014-001,7,riemann_lr,region_dropout,all_channels,3,0.3181818181818182,0,22,7,0.5,0.8287752675386444,0.45581034069019466,0.4687236609212,0.3.2,not_applicable,,left_motor_strip,"FC3,FC1,C5,C3,C1,CP3,CP1",,,b86ad3d586a53a1c8327c50145dfc03932f2ea9b36901736375dcb1bc4a121a2
BNCI2014-001,7,riemann_lr,region_dropout,all_channels,3,0.13636363636363635,0,22,3,0.5,0.9334126040428061,0.420838830289188,0.4497363147802614,0.3.2,not_applicable,,midline_motor_strip,"FCz,Cz,CPz",,,b86ad3d586a53a1c8327c50145dfc03932f2ea9b36901736375dcb1bc4a121a2
BNCI2014-001,7,riemann_lr,region_dropout,all_channels,3,0.3181818181818182,0,22,7,0.5,0.7645659928656361,0.4999995763228256,0.4999996976481535,0.3.2,not_applicable,,right_motor_strip,"FC2,FC4,C2,C4,C6,CP2,CP4",,,b86ad3d586a53a1c8327c50145dfc03932f2ea9b36901736375dcb1bc4a121a2
BNCI2014-001,7,riemann_lr,region_dropout,all_channels,4,0.3181818181818182,0,22,7,0.5,0.8423645320197044,0.5029365947970034,0.5049796464321382,0.3.2,not_applicable,,left_motor_strip,"FC3,FC1,C5,C3,C1,CP3,CP1",,,b86ad3d586a53a1c8327c50145dfc03932f2ea9b36901736375dcb1bc4a121a2
BNCI2014-001,7,riemann_lr,region_dropout,all_channels,4,0.13636363636363635,0,22,3,0.6071428571428571,0.9408866995073891,0.24154363149438057,0.2928336631144552,0.3.2,not_applicable,,midline_motor_strip,"FCz,Cz,CPz",,,b86ad3d586a53a1c8327c50145dfc03932f2ea9b36901736375dcb1bc4a121a2
BNCI2014-001,7,riemann_lr,region_dropout,all_channels,4,0.3181818181818182,0,22,7,0.5,0.8608374384236454,0.4912194188418345,0.4912225658295675,0.3.2,not_applicable,,right_motor_strip,"FC2,FC4,C2,C4,C6,CP2,CP4",,,b86ad3d586a53a1c8327c50145dfc03932f2ea9b36901736375dcb1bc4a121a2
BNCI2014-001,7,riemann_lr,region_dropout,all_channels,5,0.3181818181818182,0,22,7,0.5,0.7721674876847291,0.47748753734673427,0.4822824264716181,0.3.2,not_applicable,,left_motor_strip,"FC3,FC1,C5,C3,C1,CP3,CP1",,,b86ad3d586a53a1c8327c50145dfc03932f2ea9b36901736375dcb1bc4a121a2
BNCI2014-001,7,riemann_lr,region_dropout,all_channels,5,0.13636363636363635,0,22,3,0.5172413793103449,0.8362068965517242,0.4242874811699886,0.4515945433621618,0.3.2,not_applicable,,midline_motor_strip,"FCz,Cz,CPz",,,b86ad3d586a53a1c8327c50145dfc03932f2ea9b36901736375dcb1bc4a121a2
BNCI2014-001,7,riemann_lr,region_dropout,all_channels,5,0.3181818181818182,0,22,7,0.5,0.6773399014778324,0.5087414807433293,0.5087506165172001,0.3.2,not_applicable,,right_motor_strip,"FC2,FC4,C2,C4,C6,CP2,CP4",,,b86ad3d586a53a1c8327c50145dfc03932f2ea9b36901736375dcb1bc4a121a2
BNCI2014-001,7,riemann_lr,cross_session,all_channels,0,0.0,0,22,0,0.5833333333333334,0.9126157407407408,0.22254845367011467,0.26911450207050575,0.3.2,not_applicable,,,,0train,1test,b86ad3d586a53a1c8327c50145dfc03932f2ea9b36901736375dcb1bc4a121a2
BNCI2014-001,8,riemann_lr,clean,all_channels,1,0.0,0,22,0,0.9827586206896552,1.0,0.014336851817579151,0.07625934669322745,0.3.2,participant,,,,,,b86ad3d586a53a1c8327c50145dfc03932f2ea9b36901736375dcb1bc4a121a2
BNCI2014-001,8,riemann_lr,channel_dropout,all_channels,1,0.1,0,22,2,0.9827586206896552,1.0,0.03339529901280391,0.14275728779891217,0.3.2,participant,,,,,,b86ad3d586a53a1c8327c50145dfc03932f2ea9b36901736375dcb1bc4a121a2
BNCI2014-001,8,riemann_lr,channel_dropout,all_channels,1,0.1,1,22,2,0.5172413793103449,0.9988109393579073,0.3819500841174767,0.43011201237458996,0.3.2,participant,,,,,,b86ad3d586a53a1c8327c50145dfc03932f2ea9b36901736375dcb1bc4a121a2
BNCI2014-001,8,riemann_lr,channel_dropout,all_channels,1,0.1,2,22,2,0.5,0.9976218787158144,0.42907189426707343,0.46078346563883493,0.3.2,participant,,,,,,b86ad3d586a53a1c8327c50145dfc03932f2ea9b36901736375dcb1bc4a121a2
BNCI2014-001,8,riemann_lr,channel_dropout,all_channels,1,0.1,3,22,2,0.896551724137931,0.9988109393579073,0.05515282420434711,0.1434166605299858,0.3.2,participant,,,,,,b86ad3d586a53a1c8327c50145dfc03932f2ea9b36901736375dcb1bc4a121a2
BNCI2014-001,8,riemann_lr,channel_dropout,all_channels,1,0.1,4,22,2,0.7068965517241379,1.0,0.1801276887761336,0.29085906595711036,0.3.2,participant,,,,,,b86ad3d586a53a1c8327c50145dfc03932f2ea9b36901736375dcb1bc4a121a2
BNCI2014-001,8,riemann_lr,channel_dropout,all_channels,1,0.1,5,22,2,0.9655172413793103,1.0,0.0437340535779187,0.15324591201007157,0.3.2,participant,,,,,,b86ad3d586a53a1c8327c50145dfc03932f2ea9b36901736375dcb1bc4a121a2
BNCI2014-001,8,riemann_lr,channel_dropout,all_channels,1,0.1,6,22,2,0.6724137931034483,0.9988109393579073,0.15769874777219262,0.2657788583931535,0.3.2,participant,,,,,,b86ad3d586a53a1c8327c50145dfc03932f2ea9b36901736375dcb1bc4a121a2
BNCI2014-001,8,riemann_lr,channel_dropout,all_channels,1,0.1,7,22,2,0.5,0.9952437574316291,0.47942995659714427,0.48917928337868166,0.3.2,participant,,,,,,b86ad3d586a53a1c8327c50145dfc03932f2ea9b36901736375dcb1bc4a121a2
BNCI2014-001,8,riemann_lr,channel_dropout,all_channels,1,0.1,8,22,2,0.9482758620689655,1.0,0.04416900381608959,0.1365264146432942,0.3.2,participant,,,,,,b86ad3d586a53a1c8327c50145dfc03932f2ea9b36901736375dcb1bc4a121a2
BNCI2014-001,8,riemann_lr,channel_dropout,all_channels,1,0.1,9,22,2,0.9827586206896552,0.9988109393579073,0.024539893368790276,0.08353680420319592,0.3.2,participant,,,,,,b86ad3d586a53a1c8327c50145dfc03932f2ea9b36901736375dcb1bc4a121a2
BNCI2014-001,8,riemann_lr,channel_dropout,all_channels,1,0.2,0,22,4,0.5,0.985731272294887,0.48445423046595065,0.4916133292268076,0.3.2,participant,,,,,,b86ad3d586a53a1c8327c50145dfc03932f2ea9b36901736375dcb1bc4a121a2
BNCI2014-001,8,riemann_lr,channel_dropout,all_channels,1,0.2,1,22,4,0.9827586206896552,0.9988109393579073,0.05132115845154633,0.18026572478549183,0.3.2,participant,,,,,,b86ad3d586a53a1c8327c50145dfc03932f2ea9b36901736375dcb1bc4a121a2
BNCI2014-001,8,riemann_lr,channel_dropout,all_channels,1,0.2,2,22,4,0.5,0.9809750297265161,0.49319993454283295,0.49633228418995523,0.3.2,participant,,,,,,b86ad3d586a53a1c8327c50145dfc03932f2ea9b36901736375dcb1bc4a121a2
BNCI2014-001,8,riemann_lr,channel_dropout,all_channels,1,0.2,3,22,4,0.5172413793103449,0.9964328180737217,0.28011720991147143,0.3537555375742188,0.3.2,participant,,,,,,b86ad3d586a53a1c8327c50145dfc03932f2ea9b36901736375dcb1bc4a121a2
BNCI2014-001,8,riemann_lr,channel_dropout,all_channels,1,0.2,4,22,4,0.5,0.985731272294887,0.4819752283026457,0.49011330454228275,0.3.2,participant,,,,,,b86ad3d586a53a1c8327c50145dfc03932f2ea9b36901736375dcb1bc4a121a2
BNCI2014-001,8,riemann_lr,channel_dropout,all_channels,1,0.2,5,22,4,0.9655172413793103,1.0,0.06083465073860819,0.19749067198465345,0.3.2,participant,,,,,,b86ad3d586a53a1c8327c50145dfc03932f2ea9b36901736375dcb1bc4a121a2
BNCI2014-001,8,riemann_lr,channel_dropout,all_channels,1,0.2,6,22,4,0.5,0.9976218787158145,0.39539370666578316,0.43885851411679005,0.3.2,participant,,,,,,b86ad3d586a53a1c8327c50145dfc03932f2ea9b36901736375dcb1bc4a121a2
BNCI2014-001,8,riemann_lr,channel_dropout,all_channels,1,0.2,7,22,4,0.5689655172413793,0.9988109393579073,0.302038480558291,0.37248222868800257,0.3.2,participant,,,,,,b86ad3d586a53a1c8327c50145dfc03932f2ea9b36901736375dcb1bc4a121a2
BNCI2014-001,8,riemann_lr,channel_dropout,all_channels,1,0.2,8,22,4,0.8620689655172413,0.9988109393579073,0.07809249768408727,0.1864262440861928,0.3.2,participant,,,,,,b86ad3d586a53a1c8327c50145dfc03932f2ea9b36901736375dcb1bc4a121a2
BNCI2014-001,8,riemann_lr,channel_dropout,all_channels,1,0.2,9,22,4,0.896551724137931,0.9821640903686089,0.11712696915935533,0.21251178182711813,0.3.2,participant,,,,,,b86ad3d586a53a1c8327c50145dfc03932f2ea9b36901736375dcb1bc4a121a2
BNCI2014-001,8,riemann_lr,channel_dropout,all_channels,1,0.3,0,22,7,0.7586206896551724,0.9048751486325802,0.19449371683555777,0.2634764097290621,0.3.2,participant,,,,,,b86ad3d586a53a1c8327c50145dfc03932f2ea9b36901736375dcb1bc4a121a2
BNCI2014-001,8,riemann_lr,channel_dropout,all_channels,1,0.3,1,22,7,0.5,0.9821640903686089,0.4992142345540371,0.4995648921783337,0.3.2,participant,,,,,,b86ad3d586a53a1c8327c50145dfc03932f2ea9b36901736375dcb1bc4a121a2
BNCI2014-001,8,riemann_lr,channel_dropout,all_channels,1,0.3,2,22,7,0.5,0.9512485136741973,0.49958064793249074,0.4997744306440066,0.3.2,participant,,,,,,b86ad3d586a53a1c8327c50145dfc03932f2ea9b36901736375dcb1bc4a121a2
BNCI2014-001,8,riemann_lr,channel_dropout,all_channels,1,0.3,3,22,7,0.5344827586206896,0.9916765755053507,0.27659185249617907,0.3510361149623944,0.3.2,participant,,,,,,b86ad3d586a53a1c8327c50145dfc03932f2ea9b36901736375dcb1bc4a121a2
BNCI2014-001,8,riemann_lr,channel_dropout,all_channels,1,0.3,4,22,7,0.5,0.9845422116527942,0.49933318448830727,0.49964914610490085,0.3.2,participant,,,,,,b86ad3d586a53a1c8327c50145dfc03932f2ea9b36901736375dcb1bc4a121a2
BNCI2014-001,8,riemann_lr,channel_dropout,all_channels,1,0.3,5,22,7,0.896551724137931,1.0,0.11627223148011194,0.29578498958900895,0.3.2,participant,,,,,,b86ad3d586a53a1c8327c50145dfc03932f2ea9b36901736375dcb1bc4a121a2
BNCI2014-001,8,riemann_lr,channel_dropout,all_channels,1,0.3,6,22,7,0.5,0.9655172413793104,0.4689566814795047,0.48061677307261186,0.3.2,participant,,,,,,b86ad3d586a53a1c8327c50145dfc03932f2ea9b36901736375dcb1bc4a121a2
BNCI2014-001,8,riemann_lr,channel_dropout,all_channels,1,0.3,7,22,7,0.5,0.9702734839476812,0.49980260662919385,0.499881770630067,0.3.2,participant,,,,,,b86ad3d586a53a1c8327c50145dfc03932f2ea9b36901736375dcb1bc4a121a2
BNCI2014-001,8,riemann_lr,channel_dropout,all_channels,1,0.3,8,22,7,0.9655172413793103,1.0,0.09990365729381019,0.2994471639127311,0.3.2,participant,,,,,,b86ad3d586a53a1c8327c50145dfc03932f2ea9b36901736375dcb1bc4a121a2
BNCI2014-001,8,riemann_lr,channel_dropout,all_channels,1,0.3,9,22,7,0.8448275862068966,0.9797859690844233,0.15931225284130876,0.3221353843183274,0.3.2,participant,,,,,,b86ad3d586a53a1c8327c50145dfc03932f2ea9b36901736375dcb1bc4a121a2
BNCI2014-001,8,riemann_lr,channel_dropout,all_channels,1,0.5,0,22,11,0.5,0.9381688466111772,0.49989945904122557,0.4999378628160095,0.3.2,participant,,,,,,b86ad3d586a53a1c8327c50145dfc03932f2ea9b36901736375dcb1bc4a121a2
BNCI2014-001,8,riemann_lr,channel_dropout,all_channels,1,0.5,1,22,11,0.5517241379310345,0.9940546967895363,0.21132061690429313,0.34083558416708,0.3.2,participant,,,,,,b86ad3d586a53a1c8327c50145dfc03932f2ea9b36901736375dcb1bc4a121a2
BNCI2014-001,8,riemann_lr,channel_dropout,all_channels,1,0.5,2,22,11,0.5,0.9690844233055886,0.4729030514868901,0.48235759185063076,0.3.2,participant,,,,,,b86ad3d586a53a1c8327c50145dfc03932f2ea9b36901736375dcb1bc4a121a2
BNCI2014-001,8,riemann_lr,channel_dropout,all_channels,1,0.5,3,22,11,0.5,0.9239001189060643,0.4937278584833187,0.49532441765204605,0.3.2,participant,,,,,,b86ad3d586a53a1c8327c50145dfc03932f2ea9b36901736375dcb1bc4a121a2
BNCI2014-001,8,riemann_lr,channel_dropout,all_channels,1,0.5,4,22,11,0.5,0.9024970273483948,0.49990688258928284,0.4999312388216639,0.3.2,participant,,,,,,b86ad3d586a53a1c8327c50145dfc03932f2ea9b36901736375dcb1bc4a121a2
BNCI2014-001,8,riemann_lr,channel_dropout,all_channels,1,0.5,5,22,11,0.5,0.9239001189060642,0.49377234592844904,0.495335817018134,0.3.2,participant,,,,,,b86ad3d586a53a1c8327c50145dfc03932f2ea9b36901736375dcb1bc4a121a2
BNCI2014-001,8,riemann_lr,channel_dropout,all_channels,1,0.5,6,22,11,0.5517241379310345,0.9988109393579073,0.23318308282586309,0.3840141190312292,0.3.2,participant,,,,,,b86ad3d586a53a1c8327c50145dfc03932f2ea9b36901736375dcb1bc4a121a2
BNCI2014-001,8,riemann_lr,channel_dropout,all_channels,1,0.5,7,22,11,0.5517241379310345,0.9512485136741974,0.22152355723827497,0.30127889782428074,0.3.2,participant,,,,,,b86ad3d586a53a1c8327c50145dfc03932f2ea9b36901736375dcb1bc4a121a2
BNCI2014-001,8,riemann_lr,channel_dropout,all_channels,1,0.5,8,22,11,0.5,0.9833531510107016,0.4927650397509405,0.4957598493733524,0.3.2,participant,,,,,,b86ad3d586a53a1c8327c50145dfc03932f2ea9b36901736375dcb1bc4a121a2
BNCI2014-001,8,riemann_lr,channel_dropout,all_channels,1,0.5,9,22,11,0.5,0.9738406658739596,0.3155637448007303,0.35898576067530535,0.3.2,participant,,,,,,b86ad3d586a53a1c8327c50145dfc03932f2ea9b36901736375dcb1bc4a121a2
BNCI2014-001,8,riemann_lr,clean,all_channels,2,0.0,0,22,0,0.9655172413793104,0.9964328180737217,0.038107664643001284,0.07850564883393843,0.3.2,participant,,,,,,b86ad3d586a53a1c8327c50145dfc03932f2ea9b36901736375dcb1bc4a121a2
BNCI2014-001,8,riemann_lr,channel_dropout,all_channels,2,0.1,0,22,2,0.7931034482758621,0.9833531510107015,0.13063314466413828,0.2215844650423384,0.3.2,participant,,,,,,b86ad3d586a53a1c8327c50145dfc03932f2ea9b36901736375dcb1bc4a121a2
BNCI2014-001,8,riemann_lr,channel_dropout,all_channels,2,0.1,1,22,2,0.5172413793103449,0.990487514863258,0.37502714932539044,0.4253054121612758,0.3.2,participant,,,,,,b86ad3d586a53a1c8327c50145dfc03932f2ea9b36901736375dcb1bc4a121a2
BNCI2014-001,8,riemann_lr,channel_dropout,all_channels,2,0.1,2,22,2,0.5,0.9845422116527942,0.4192761074582382,0.45433697484415314,0.3.2,participant,,,,,,b86ad3d586a53a1c8327c50145dfc03932f2ea9b36901736375dcb1bc4a121a2
BNCI2014-001,8,riemann_lr,channel_dropout,all_channels,2,0.1,3,22,2,0.9310344827586207,0.9881093935790726,0.05340093477750435,0.09930224785716806,0.3.2,participant,,,,,,b86ad3d586a53a1c8327c50145dfc03932f2ea9b36901736375dcb1bc4a121a2
BNCI2014-001,8,riemann_lr,channel_dropout,all_channels,2,0.1,4,22,2,0.8275862068965517,0.9964328180737217,0.12190977675416904,0.19695643245288008,0.3.2,participant,,,,,,b86ad3d586a53a1c8327c50145dfc03932f2ea9b36901736375dcb1bc4a121a2
BNCI2014-001,8,riemann_lr,channel_dropout,all_channels,2,0.1,5,22,2,0.9137931034482758,0.9833531510107016,0.06722517749442934,0.1458413791038709,0.3.2,participant,,,,,,b86ad3d586a53a1c8327c50145dfc03932f2ea9b36901736375dcb1bc4a121a2
BNCI2014-001,8,riemann_lr,channel_dropout,all_channels,2,0.1,6,22,2,0.8275862068965517,0.9821640903686087,0.12518066709526263,0.1851989201838137,0.3.2,participant,,,,,,b86ad3d586a53a1c8327c50145dfc03932f2ea9b36901736375dcb1bc4a121a2
BNCI2014-001,8,riemann_lr,channel_dropout,all_channels,2,0.1,7,22,2,0.9137931034482758,0.9833531510107016,0.06722517749442934,0.1458413791038709,0.3.2,participant,,,,,,b86ad3d586a53a1c8327c50145dfc03932f2ea9b36901736375dcb1bc4a121a2
BNCI2014-001,8,riemann_lr,channel_dropout,all_channels,2,0.1,8,22,2,0.7413793103448276,0.9952437574316291,0.19104155854561114,0.2757932888244542,0.3.2,participant,,,,,,b86ad3d586a53a1c8327c50145dfc03932f2ea9b36901736375dcb1bc4a121a2
BNCI2014-001,8,riemann_lr,channel_dropout,all_channels,2,0.1,9,22,2,0.7758620689655172,0.9762187871581451,0.15839620890827522,0.22118214845862494,0.3.2,participant,,,,,,b86ad3d586a53a1c8327c50145dfc03932f2ea9b36901736375dcb1bc4a121a2
BNCI2014-001,8,riemann_lr,channel_dropout,all_channels,2,0.2,0,22,4,0.9137931034482758,0.967895362663496,0.08419151476027548,0.14514186717736127,0.3.2,participant,,,,,,b86ad3d586a53a1c8327c50145dfc03932f2ea9b36901736375dcb1bc4a121a2
BNCI2014-001,8,riemann_lr,channel_dropout,all_channels,2,0.2,1,22,4,0.5,0.9310344827586207,0.4997155448759026,0.4998516482290466,0.3.2,participant,,,,,,b86ad3d586a53a1c8327c50145dfc03932f2ea9b36901736375dcb1bc4a121a2
BNCI2014-001,8,riemann_lr,channel_dropout,all_channels,2,0.2,2,22,4,0.5517241379310345,0.9678953626634959,0.35479207091378623,0.4092482229753875,0.3.2,participant,,,,,,b86ad3d586a53a1c8327c50145dfc03932f2ea9b36901736375dcb1bc4a121a2
BNCI2014-001,8,riemann_lr,channel_dropout,all_channels,2,0.2,3,22,4,0.5689655172413793,0.9845422116527943,0.29681529822550223,0.3691738596236729,0.3.2,participant,,,,,,b86ad3d586a53a1c8327c50145dfc03932f2ea9b36901736375dcb1bc4a121a2
BNCI2014-001,8,riemann_lr,channel_dropout,all_channels,2,0.2,4,22,4,0.7241379310344828,0.9809750297265161,0.15202483168153852,0.2483908403080216,0.3.2,participant,,,,,,b86ad3d586a53a1c8327c50145dfc03932f2ea9b36901736375dcb1bc4a121a2
BNCI2014-001,8,riemann_lr,channel_dropout,all_channels,2,0.2,5,22,4,0.5172413793103449,0.9738406658739596,0.2625174744209488,0.3289870581759304,0.3.2,participant,,,,,,b86ad3d586a53a1c8327c50145dfc03932f2ea9b36901736375dcb1bc4a121a2
BNCI2014-001,8,riemann_lr,channel_dropout,all_channels,2,0.2,6,22,4,0.8620689655172413,0.9702734839476813,0.11954667369377305,0.1920874654365832,0.3.2,participant,,,,,,b86ad3d586a53a1c8327c50145dfc03932f2ea9b36901736375dcb1bc4a121a2
BNCI2014-001,8,riemann_lr,channel_dropout,all_channels,2,0.2,7,22,4,0.5,0.9678953626634959,0.4065571867091786,0.4456808642058666,0.3.2,participant,,,,,,b86ad3d586a53a1c8327c50145dfc03932f2ea9b36901736375dcb1bc4a121a2
BNCI2014-001,8,riemann_lr,channel_dropout,all_channels,2,0.2,8,22,4,0.9137931034482758,0.9785969084423305,0.0881968808698749,0.1674344418597906,0.3.2,participant,,,,,,b86ad3d586a53a1c8327c50145dfc03932f2ea9b36901736375dcb1bc4a121a2
BNCI2014-001,8,riemann_lr,channel_dropout,all_channels,2,0.2,9,22,4,0.5,0.9774078478002378,0.49626814397816144,0.4980339778137184,0.3.2,participant,,,,,,b86ad3d586a53a1c8327c50145dfc03932f2ea9b36901736375dcb1bc4a121a2
BNCI2014-001,8,riemann_lr,channel_dropout,all_channels,2,0.3,0,22,7,0.6379310344827587,0.9583828775267538,0.1913434674392007,0.2883249569810107,0.3.2,participant,,,,,,b86ad3d586a53a1c8327c50145dfc03932f2ea9b36901736375dcb1bc4a121a2
BNCI2014-001,8,riemann_lr,channel_dropout,all_channels,2,0.3,1,22,7,0.5172413793103449,0.910820451843044,0.3200616348348628,0.36525144537226245,0.3.2,participant,,,,,,b86ad3d586a53a1c8327c50145dfc03932f2ea9b36901736375dcb1bc4a121a2
BNCI2014-001,8,riemann_lr,channel_dropout,all_channels,2,0.3,2,22,7,0.5862068965517242,0.9560047562425684,0.22314887932096553,0.29142787003562537,0.3.2,participant,,,,,,b86ad3d586a53a1c8327c50145dfc03932f2ea9b36901736375dcb1bc4a121a2
BNCI2014-001,8,riemann_lr,channel_dropout,all_channels,2,0.3,3,22,7,0.5,0.9809750297265161,0.4998715341430676,0.499929783348255,0.3.2,participant,,,,,,b86ad3d586a53a1c8327c50145dfc03932f2ea9b36901736375dcb1bc4a121a2
BNCI2014-001,8,riemann_lr,channel_dropout,all_channels,2,0.3,4,22,7,0.5689655172413793,0.9774078478002377,0.21979519336448122,0.30567934953752746,0.3.2,participant,,,,,,b86ad3d586a53a1c8327c50145dfc03932f2ea9b36901736375dcb1bc4a121a2
BNCI2014-001,8,riemann_lr,channel_dropout,all_channels,2,0.3,5,22,7,0.5,0.9476813317479191,0.4431874044842355,0.4646862176837154,0.3.2,participant,,,,,,b86ad3d586a53a1c8327c50145dfc03932f2ea9b36901736375dcb1bc4a121a2
BNCI2014-001,8,riemann_lr,channel_dropout,all_channels,2,0.3,6,22,7,0.5,0.9262782401902497,0.49918435518653803,0.4995435389492413,0.3.2,participant,,,,,,b86ad3d586a53a1c8327c50145dfc03932f2ea9b36901736375dcb1bc4a121a2
BNCI2014-001,8,riemann_lr,channel_dropout,all_channels,2,0.3,7,22,7,0.5,0.971462544589774,0.49670904647352404,0.4980864045604698,0.3.2,participant,,,,,,b86ad3d586a53a1c8327c50145dfc03932f2ea9b36901736375dcb1bc4a121a2
BNCI2014-001,8,riemann_lr,channel_dropout,all_channels,2,0.3,8,22,7,0.5517241379310345,0.9785969084423305,0.29762688776679486,0.3603504724724744,0.3.2,participant,,,,,,b86ad3d586a53a1c8327c50145dfc03932f2ea9b36901736375dcb1bc4a121a2
BNCI2014-001,8,riemann_lr,channel_dropout,all_channels,2,0.3,9,22,7,0.7241379310344828,0.9774078478002378,0.15550774328418934,0.2420811774369665,0.3.2,participant,,,,,,b86ad3d586a53a1c8327c50145dfc03932f2ea9b36901736375dcb1bc4a121a2
BNCI2014-001,8,riemann_lr,channel_dropout,all_channels,2,0.5,0,22,11,0.5,0.9464922711058265,0.3352241508159637,0.40852429839140475,0.3.2,participant,,,,,,b86ad3d586a53a1c8327c50145dfc03932f2ea9b36901736375dcb1bc4a121a2
BNCI2014-001,8,riemann_lr,channel_dropout,all_channels,2,0.5,1,22,11,0.8448275862068966,0.9797859690844233,0.11600650094420638,0.21316149075931942,0.3.2,participant,,,,,,b86ad3d586a53a1c8327c50145dfc03932f2ea9b36901736375dcb1bc4a121a2
BNCI2014-001,8,riemann_lr,channel_dropout,all_channels,2,0.5,2,22,11,0.7241379310344828,0.807372175980975,0.21659836592681855,0.15913768698268915,0.3.2,participant,,,,,,b86ad3d586a53a1c8327c50145dfc03932f2ea9b36901736375dcb1bc4a121a2
BNCI2014-001,8,riemann_lr,channel_dropout,all_channels,2,0.5,3,22,11,0.5,0.9464922711058265,0.49982129872180836,0.49989213873227667,0.3.2,participant,,,,,,b86ad3d586a53a1c8327c50145dfc03932f2ea9b36901736375dcb1bc4a121a2
BNCI2014-001,8,riemann_lr,channel_dropout,all_channels,2,0.5,4,22,11,0.5,0.9845422116527942,0.2943832175671078,0.35777959655632874,0.3.2,participant,,,,,,b86ad3d586a53a1c8327c50145dfc03932f2ea9b36901736375dcb1bc4a121a2
BNCI2014-001,8,riemann_lr,channel_dropout,all_channels,2,0.5,5,22,11,0.5,0.8810939357907254,0.30768330940357297,0.32691927855607955,0.3.2,participant,,,,,,b86ad3d586a53a1c8327c50145dfc03932f2ea9b36901736375dcb1bc4a121a2
BNCI2014-001,8,riemann_lr,channel_dropout,all_channels,2,0.5,6,22,11,0.6206896551724138,0.985731272294887,0.1910177995338387,0.3053245582435969,0.3.2,participant,,,,,,b86ad3d586a53a1c8327c50145dfc03932f2ea9b36901736375dcb1bc4a121a2
BNCI2014-001,8,riemann_lr,channel_dropout,all_channels,2,0.5,7,22,11,0.5,0.9405469678953626,0.49757329148970386,0.49849241148500734,0.3.2,participant,,,,,,b86ad3d586a53a1c8327c50145dfc03932f2ea9b36901736375dcb1bc4a121a2
BNCI2014-001,8,riemann_lr,channel_dropout,all_channels,2,0.5,8,22,11,0.7758620689655172,0.8739595719381688,0.17842951106350993,0.14645850553448317,0.3.2,participant,,,,,,b86ad3d586a53a1c8327c50145dfc03932f2ea9b36901736375dcb1bc4a121a2
BNCI2014-001,8,riemann_lr,channel_dropout,all_channels,2,0.5,9,22,11,0.5,0.9726516052318668,0.371904253781623,0.38861996981012054,0.3.2,participant,,,,,,b86ad3d586a53a1c8327c50145dfc03932f2ea9b36901736375dcb1bc4a121a2
BNCI2014-001,8,riemann_lr,clean,all_channels,3,0.0,0,22,0,0.9655172413793104,0.9940546967895363,0.038053811438250394,0.08547598691960563,0.3.2,participant,,,,,,b86ad3d586a53a1c8327c50145dfc03932f2ea9b36901736375dcb1bc4a121a2
BNCI2014-001,8,riemann_lr,channel_dropout,all_channels,3,0.1,0,22,2,0.9137931034482758,0.9904875148632579,0.05614197555717443,0.12632065029121398,0.3.2,participant,,,,,,b86ad3d586a53a1c8327c50145dfc03932f2ea9b36901736375dcb1bc4a121a2
BNCI2014-001,8,riemann_lr,channel_dropout,all_channels,3,0.1,1,22,2,0.6724137931034483,0.9928656361474435,0.23057910823677796,0.3069677780090278,0.3.2,participant,,,,,,b86ad3d586a53a1c8327c50145dfc03932f2ea9b36901736375dcb1bc4a121a2
BNCI2014-001,8,riemann_lr,channel_dropout,all_channels,3,0.1,2,22,2,0.6379310344827587,0.9607609988109393,0.22873079148796413,0.3056253942990713,0.3.2,participant,,,,,,b86ad3d586a53a1c8327c50145dfc03932f2ea9b36901736375dcb1bc4a121a2
BNCI2014-001,8,riemann_lr,channel_dropout,all_channels,3,0.1,3,22,2,0.5,0.9738406658739596,0.4341258232304085,0.4629733032338457,0.3.2,participant,,,,,,b86ad3d586a53a1c8327c50145dfc03932f2ea9b36901736375dcb1bc4a121a2
BNCI2014-001,8,riemann_lr,channel_dropout,all_channels,3,0.1,4,22,2,0.7068965517241379,0.9881093935790725,0.19388847857950195,0.26822079031503976,0.3.2,participant,,,,,,b86ad3d586a53a1c8327c50145dfc03932f2ea9b36901736375dcb1bc4a121a2
BNCI2014-001,8,riemann_lr,channel_dropout,all_channels,3,0.1,5,22,2,0.9482758620689655,0.990487514863258,0.05423858145056201,0.11534902572481667,0.3.2,participant,,,,,,b86ad3d586a53a1c8327c50145dfc03932f2ea9b36901736375dcb1bc4a121a2
BNCI2014-001,8,riemann_lr,channel_dropout,all_channels,3,0.1,6,22,2,0.5172413793103449,0.9631391200951249,0.4189634822323622,0.45284125636254896,0.3.2,participant,,,,,,b86ad3d586a53a1c8327c50145dfc03932f2ea9b36901736375dcb1bc4a121a2
BNCI2014-001,8,riemann_lr,channel_dropout,all_channels,3,0.1,7,22,2,0.9482758620689655,0.995243757431629,0.047247775591859456,0.09333936834075504,0.3.2,participant,,,,,,b86ad3d586a53a1c8327c50145dfc03932f2ea9b36901736375dcb1bc4a121a2
BNCI2014-001,8,riemann_lr,channel_dropout,all_channels,3,0.1,8,22,2,0.8448275862068966,0.9750297265160524,0.09923605762800371,0.1712456651887542,0.3.2,participant,,,,,,b86ad3d586a53a1c8327c50145dfc03932f2ea9b36901736375dcb1bc4a121a2
BNCI2014-001,8,riemann_lr,channel_dropout,all_channels,3,0.1,9,22,2,0.896551724137931,0.9892984542211654,0.07517399850002897,0.15588410260319246,0.3.2,participant,,,,,,b86ad3d586a53a1c8327c50145dfc03932f2ea9b36901736375dcb1bc4a121a2
BNCI2014-001,8,riemann_lr,channel_dropout,all_channels,3,0.2,0,22,4,0.6551724137931034,0.990487514863258,0.20778665664853535,0.2888067401563156,0.3.2,participant,,,,,,b86ad3d586a53a1c8327c50145dfc03932f2ea9b36901736375dcb1bc4a121a2
BNCI2014-001,8,riemann_lr,channel_dropout,all_channels,3,0.2,1,22,4,0.5,0.9476813317479191,0.45349412210910944,0.47299956521497655,0.3.2,participant,,,,,,b86ad3d586a53a1c8327c50145dfc03932f2ea9b36901736375dcb1bc4a121a2
BNCI2014-001,8,riemann_lr,channel_dropout,all_channels,3,0.2,2,22,4,0.8275862068965517,0.9785969084423305,0.11928346093395364,0.17661295473804006,0.3.2,participant,,,,,,b86ad3d586a53a1c8327c50145dfc03932f2ea9b36901736375dcb1bc4a121a2
BNCI2014-001,8,riemann_lr,channel_dropout,all_channels,3,0.2,3,22,4,0.5344827586206896,0.9738406658739596,0.378323420911459,0.4253204804619195,0.3.2,participant,,,,,,b86ad3d586a53a1c8327c50145dfc03932f2ea9b36901736375dcb1bc4a121a2
BNCI2014-001,8,riemann_lr,channel_dropout,all_channels,3,0.2,4,22,4,0.603448275862069,0.9512485136741974,0.21596869202048657,0.26227989549592395,0.3.2,participant,,,,,,b86ad3d586a53a1c8327c50145dfc03932f2ea9b36901736375dcb1bc4a121a2
BNCI2014-001,8,riemann_lr,channel_dropout,all_channels,3,0.2,5,22,4,0.9655172413793104,0.9892984542211654,0.0658281916792855,0.16406065686219273,0.3.2,participant,,,,,,b86ad3d586a53a1c8327c50145dfc03932f2ea9b36901736375dcb1bc4a121a2
BNCI2014-001,8,riemann_lr,channel_dropout,all_channels,3,0.2,6,22,4,0.6379310344827587,0.9655172413793104,0.22262726572810704,0.2883114865447566,0.3.2,participant,,,,,,b86ad3d586a53a1c8327c50145dfc03932f2ea9b36901736375dcb1bc4a121a2
BNCI2014-001,8,riemann_lr,channel_dropout,all_channels,3,0.2,7,22,4,0.5,0.9690844233055886,0.3327884563875006,0.3925937036293566,0.3.2,participant,,,,,,b86ad3d586a53a1c8327c50145dfc03932f2ea9b36901736375dcb1bc4a121a2
BNCI2014-001,8,riemann_lr,channel_dropout,all_channels,3,0.2,8,22,4,0.6896551724137931,0.990487514863258,0.20122592822570806,0.31240774831502943,0.3.2,participant,,,,,,b86ad3d586a53a1c8327c50145dfc03932f2ea9b36901736375dcb1bc4a121a2
BNCI2014-001,8,riemann_lr,channel_dropout,all_channels,3,0.2,9,22,4,0.5,0.9869203329369798,0.37921940838946233,0.42904119337335983,0.3.2,participant,,,,,,b86ad3d586a53a1c8327c50145dfc03932f2ea9b36901736375dcb1bc4a121a2
BNCI2014-001,8,riemann_lr,channel_dropout,all_channels,3,0.3,0,22,7,0.5,0.8715814506539834,0.3573546809537222,0.37812386885075944,0.3.2,participant,,,,,,b86ad3d586a53a1c8327c50145dfc03932f2ea9b36901736375dcb1bc4a121a2
BNCI2014-001,8,riemann_lr,channel_dropout,all_channels,3,0.3,1,22,7,0.5,0.9512485136741974,0.4755021478581727,0.48490866089078816,0.3.2,participant,,,,,,b86ad3d586a53a1c8327c50145dfc03932f2ea9b36901736375dcb1bc4a121a2
BNCI2014-001,8,riemann_lr,channel_dropout,all_channels,3,0.3,2,22,7,0.5,0.9322235434007135,0.3432625764271524,0.3792779169233328,0.3.2,participant,,,,,,b86ad3d586a53a1c8327c50145dfc03932f2ea9b36901736375dcb1bc4a121a2
BNCI2014-001,8,riemann_lr,channel_dropout,all_channels,3,0.3,3,22,7,0.8620689655172413,0.9595719381688467,0.14021776960142873,0.20883160159383007,0.3.2,participant,,,,,,b86ad3d586a53a1c8327c50145dfc03932f2ea9b36901736375dcb1bc4a121a2
BNCI2014-001,8,riemann_lr,channel_dropout,all_channels,3,0.3,4,22,7,0.5,0.8953626634958383,0.4929037767838177,0.4955563119780644,0.3.2,participant,,,,,,b86ad3d586a53a1c8327c50145dfc03932f2ea9b36901736375dcb1bc4a121a2
BNCI2014-001,8,riemann_lr,channel_dropout,all_channels,3,0.3,5,22,7,0.5,0.8537455410225921,0.29749694551972117,0.30937043452807816,0.3.2,participant,,,,,,b86ad3d586a53a1c8327c50145dfc03932f2ea9b36901736375dcb1bc4a121a2
BNCI2014-001,8,riemann_lr,channel_dropout,all_channels,3,0.3,6,22,7,0.7068965517241379,0.9619500594530321,0.17344600564232765,0.26409854119275616,0.3.2,participant,,,,,,b86ad3d586a53a1c8327c50145dfc03932f2ea9b36901736375dcb1bc4a121a2
BNCI2014-001,8,riemann_lr,channel_dropout,all_channels,3,0.3,7,22,7,0.5,0.985731272294887,0.47084463511434227,0.48298257502699016,0.3.2,participant,,,,,,b86ad3d586a53a1c8327c50145dfc03932f2ea9b36901736375dcb1bc4a121a2
BNCI2014-001,8,riemann_lr,channel_dropout,all_channels,3,0.3,8,22,7,0.6896551724137931,0.9405469678953627,0.18356271954764383,0.28287540566586156,0.3.2,participant,,,,,,b86ad3d586a53a1c8327c50145dfc03932f2ea9b36901736375dcb1bc4a121a2
BNCI2014-001,8,riemann_lr,channel_dropout,all_channels,3,0.3,9,22,7,0.603448275862069,0.9310344827586207,0.21121122041706944,0.2568489530359621,0.3.2,participant,,,,,,b86ad3d586a53a1c8327c50145dfc03932f2ea9b36901736375dcb1bc4a121a2
BNCI2014-001,8,riemann_lr,channel_dropout,all_channels,3,0.5,0,22,11,0.5,0.9239001189060643,0.35850648443855576,0.3931797964288985,0.3.2,participant,,,,,,b86ad3d586a53a1c8327c50145dfc03932f2ea9b36901736375dcb1bc4a121a2
BNCI2014-001,8,riemann_lr,channel_dropout,all_channels,3,0.5,1,22,11,0.5,0.9453032104637337,0.4995378263748621,0.4997053061775827,0.3.2,participant,,,,,,b86ad3d586a53a1c8327c50145dfc03932f2ea9b36901736375dcb1bc4a121a2
BNCI2014-001,8,riemann_lr,channel_dropout,all_channels,3,0.5,2,22,11,0.5344827586206896,0.8632580261593341,0.22693170455826364,0.22490776498301301,0.3.2,participant,,,,,,b86ad3d586a53a1c8327c50145dfc03932f2ea9b36901736375dcb1bc4a121a2
BNCI2014-001,8,riemann_lr,channel_dropout,all_channels,3,0.5,3,22,11,0.5,0.9429250891795482,0.4894884848762165,0.4927285541459274,0.3.2,participant,,,,,,b86ad3d586a53a1c8327c50145dfc03932f2ea9b36901736375dcb1bc4a121a2
BNCI2014-001,8,riemann_lr,channel_dropout,all_channels,3,0.5,4,22,11,0.5689655172413793,0.9667063020214031,0.20716705340017397,0.3077567123917949,0.3.2,participant,,,,,,b86ad3d586a53a1c8327c50145dfc03932f2ea9b36901736375dcb1bc4a121a2
BNCI2014-001,8,riemann_lr,channel_dropout,all_channels,3,0.5,5,22,11,0.5,0.9464922711058263,0.49927864387564175,0.4995357000878937,0.3.2,participant,,,,,,b86ad3d586a53a1c8327c50145dfc03932f2ea9b36901736375dcb1bc4a121a2
BNCI2014-001,8,riemann_lr,channel_dropout,all_channels,3,0.5,6,22,11,0.5,0.7966706302021404,0.4999661086851475,0.4999735127359429,0.3.2,participant,,,,,,b86ad3d586a53a1c8327c50145dfc03932f2ea9b36901736375dcb1bc4a121a2
BNCI2014-001,8,riemann_lr,channel_dropout,all_channels,3,0.5,7,22,11,0.7068965517241379,0.8739595719381689,0.2051657683189504,0.25400227764821853,0.3.2,participant,,,,,,b86ad3d586a53a1c8327c50145dfc03932f2ea9b36901736375dcb1bc4a121a2
BNCI2014-001,8,riemann_lr,channel_dropout,all_channels,3,0.5,8,22,11,0.5,0.9167657550535077,0.35636978520816615,0.382210649452934,0.3.2,participant,,,,,,b86ad3d586a53a1c8327c50145dfc03932f2ea9b36901736375dcb1bc4a121a2
BNCI2014-001,8,riemann_lr,channel_dropout,all_channels,3,0.5,9,22,11,0.5,0.9904875148632579,0.42683779156176604,0.45335094921180474,0.3.2,participant,,,,,,b86ad3d586a53a1c8327c50145dfc03932f2ea9b36901736375dcb1bc4a121a2
BNCI2014-001,8,riemann_lr,clean,all_channels,4,0.0,0,22,0,0.9827586206896552,0.998768472906404,0.02264722060252486,0.07953213617026869,0.3.2,participant,,,,,,b86ad3d586a53a1c8327c50145dfc03932f2ea9b36901736375dcb1bc4a121a2
BNCI2014-001,8,riemann_lr,channel_dropout,all_channels,4,0.1,0,22,2,0.5,0.9716748768472907,0.45020680544041924,0.4686842656797352,0.3.2,participant,,,,,,b86ad3d586a53a1c8327c50145dfc03932f2ea9b36901736375dcb1bc4a121a2
BNCI2014-001,8,riemann_lr,channel_dropout,all_channels,4,0.1,1,22,2,0.9310344827586207,0.998768472906404,0.05916544423001939,0.14272120895458346,0.3.2,participant,,,,,,b86ad3d586a53a1c8327c50145dfc03932f2ea9b36901736375dcb1bc4a121a2
BNCI2014-001,8,riemann_lr,channel_dropout,all_channels,4,0.1,2,22,2,0.8448275862068966,0.998768472906404,0.10020719541527158,0.17778587342180083,0.3.2,participant,,,,,,b86ad3d586a53a1c8327c50145dfc03932f2ea9b36901736375dcb1bc4a121a2
BNCI2014-001,8,riemann_lr,channel_dropout,all_channels,4,0.1,3,22,2,0.5,0.9876847290640394,0.43584612180120774,0.46675267134330417,0.3.2,participant,,,,,,b86ad3d586a53a1c8327c50145dfc03932f2ea9b36901736375dcb1bc4a121a2
BNCI2014-001,8,riemann_lr,channel_dropout,all_channels,4,0.1,4,22,2,0.5,0.9778325123152709,0.48408763157272205,0.49555388968778025,0.3.2,participant,,,,,,b86ad3d586a53a1c8327c50145dfc03932f2ea9b36901736375dcb1bc4a121a2
BNCI2014-001,8,riemann_lr,channel_dropout,all_channels,4,0.1,5,22,2,0.5,0.9864532019704433,0.42530014463194166,0.45852968474185096,0.3.2,participant,,,,,,b86ad3d586a53a1c8327c50145dfc03932f2ea9b36901736375dcb1bc4a121a2
BNCI2014-001,8,riemann_lr,channel_dropout,all_channels,4,0.1,6,22,2,0.5,0.998768472906404,0.4135014364858442,0.45420993062376896,0.3.2,participant,,,,,,b86ad3d586a53a1c8327c50145dfc03932f2ea9b36901736375dcb1bc4a121a2
BNCI2014-001,8,riemann_lr,channel_dropout,all_channels,4,0.1,7,22,2,0.6724137931034483,0.9950738916256158,0.19995560273733534,0.2824420081569416,0.3.2,participant,,,,,,b86ad3d586a53a1c8327c50145dfc03932f2ea9b36901736375dcb1bc4a121a2
BNCI2014-001,8,riemann_lr,channel_dropout,all_channels,4,0.1,8,22,2,0.9310344827586207,0.998768472906404,0.05916544423001939,0.14272120895458346,0.3.2,participant,,,,,,b86ad3d586a53a1c8327c50145dfc03932f2ea9b36901736375dcb1bc4a121a2
BNCI2014-001,8,riemann_lr,channel_dropout,all_channels,4,0.1,9,22,2,0.7758620689655172,0.998768472906404,0.13255623979626174,0.22799196141076683,0.3.2,participant,,,,,,b86ad3d586a53a1c8327c50145dfc03932f2ea9b36901736375dcb1bc4a121a2
BNCI2014-001,8,riemann_lr,channel_dropout,all_channels,4,0.2,0,22,4,0.6964285714285714,0.9938423645320197,0.16969057260560985,0.2538025055962266,0.3.2,participant,,,,,,b86ad3d586a53a1c8327c50145dfc03932f2ea9b36901736375dcb1bc4a121a2
BNCI2014-001,8,riemann_lr,channel_dropout,all_channels,4,0.2,1,22,4,0.5,0.9741379310344828,0.4730426436067145,0.4876009331907005,0.3.2,participant,,,,,,b86ad3d586a53a1c8327c50145dfc03932f2ea9b36901736375dcb1bc4a121a2
BNCI2014-001,8,riemann_lr,channel_dropout,all_channels,4,0.2,2,22,4,0.5,0.9889162561576355,0.4569429585545459,0.48011805991012524,0.3.2,participant,,,,,,b86ad3d586a53a1c8327c50145dfc03932f2ea9b36901736375dcb1bc4a121a2
BNCI2014-001,8,riemann_lr,channel_dropout,all_channels,4,0.2,3,22,4,0.5,1.0,0.4133032381640447,0.45488279459453207,0.3.2,participant,,,,,,b86ad3d586a53a1c8327c50145dfc03932f2ea9b36901736375dcb1bc4a121a2
BNCI2014-001,8,riemann_lr,channel_dropout,all_channels,4,0.2,4,22,4,0.5,0.9692118226600985,0.4979354920649719,0.5029465165699477,0.3.2,participant,,,,,,b86ad3d586a53a1c8327c50145dfc03932f2ea9b36901736375dcb1bc4a121a2
BNCI2014-001,8,riemann_lr,channel_dropout,all_channels,4,0.2,5,22,4,0.9642857142857143,1.0,0.07641046568997954,0.24382684538471716,0.3.2,participant,,,,,,b86ad3d586a53a1c8327c50145dfc03932f2ea9b36901736375dcb1bc4a121a2
BNCI2014-001,8,riemann_lr,channel_dropout,all_channels,4,0.2,6,22,4,0.5,0.9926108374384236,0.442388411211858,0.4720834694490515,0.3.2,participant,,,,,,b86ad3d586a53a1c8327c50145dfc03932f2ea9b36901736375dcb1bc4a121a2
BNCI2014-001,8,riemann_lr,channel_dropout,all_channels,4,0.2,7,22,4,0.5,0.9642857142857143,0.48233176149228196,0.4863238165707153,0.3.2,participant,,,,,,b86ad3d586a53a1c8327c50145dfc03932f2ea9b36901736375dcb1bc4a121a2
BNCI2014-001,8,riemann_lr,channel_dropout,all_channels,4,0.2,8,22,4,0.5892857142857143,0.9975369458128078,0.24571343200191045,0.31889472064658886,0.3.2,participant,,,,,,b86ad3d586a53a1c8327c50145dfc03932f2ea9b36901736375dcb1bc4a121a2
BNCI2014-001,8,riemann_lr,channel_dropout,all_channels,4,0.2,9,22,4,0.5,0.9593596059113301,0.5082970339093059,0.5085241928031208,0.3.2,participant,,,,,,b86ad3d586a53a1c8327c50145dfc03932f2ea9b36901736375dcb1bc4a121a2
BNCI2014-001,8,riemann_lr,channel_dropout,all_channels,4,0.3,0,22,7,0.9649014778325123,0.9864532019704433,0.11107252562562432,0.27789092102875634,0.3.2,participant,,,,,,b86ad3d586a53a1c8327c50145dfc03932f2ea9b36901736375dcb1bc4a121a2
BNCI2014-001,8,riemann_lr,channel_dropout,all_channels,4,0.3,1,22,7,0.5,0.9802955665024631,0.33096437464864836,0.38123551044273657,0.3.2,participant,,,,,,b86ad3d586a53a1c8327c50145dfc03932f2ea9b36901736375dcb1bc4a121a2
BNCI2014-001,8,riemann_lr,channel_dropout,all_channels,4,0.3,2,22,7,0.5,0.9716748768472907,0.5067210820015388,0.5076122313525264,0.3.2,participant,,,,,,b86ad3d586a53a1c8327c50145dfc03932f2ea9b36901736375dcb1bc4a121a2
BNCI2014-001,8,riemann_lr,channel_dropout,all_channels,4,0.3,3,22,7,0.5517241379310345,0.9864532019704433,0.2627621972681682,0.3426171096139897,0.3.2,participant,,,,,,b86ad3d586a53a1c8327c50145dfc03932f2ea9b36901736375dcb1bc4a121a2
BNCI2014-001,8,riemann_lr,channel_dropout,all_channels,4,0.3,4,22,7,0.5,0.9839901477832512,0.5004043077824539,0.5043060784229276,0.3.2,participant,,,,,,b86ad3d586a53a1c8327c50145dfc03932f2ea9b36901736375dcb1bc4a121a2
BNCI2014-001,8,riemann_lr,channel_dropout,all_channels,4,0.3,5,22,7,0.5,0.9667487684729064,0.5046135513338655,0.5065550581118305,0.3.2,participant,,,,,,b86ad3d586a53a1c8327c50145dfc03932f2ea9b36901736375dcb1bc4a121a2
BNCI2014-001,8,riemann_lr,channel_dropout,all_channels,4,0.3,6,22,7,0.5,0.9482758620689656,0.5087491899459892,0.5087592424336543,0.3.2,participant,,,,,,b86ad3d586a53a1c8327c50145dfc03932f2ea9b36901736375dcb1bc4a121a2
BNCI2014-001,8,riemann_lr,channel_dropout,all_channels,4,0.3,7,22,7,0.5172413793103449,0.9113300492610837,0.26723499283101304,0.29550885587648656,0.3.2,participant,,,,,,b86ad3d586a53a1c8327c50145dfc03932f2ea9b36901736375dcb1bc4a121a2
BNCI2014-001,8,riemann_lr,channel_dropout,all_channels,4,0.3,8,22,7,0.5,0.9039408866995073,0.48337812554551707,0.4919304404669903,0.3.2,participant,,,,,,b86ad3d586a53a1c8327c50145dfc03932f2ea9b36901736375dcb1bc4a121a2
BNCI2014-001,8,riemann_lr,channel_dropout,all_channels,4,0.3,9,22,7,0.5,0.9334975369458128,0.5075443926316893,0.50809861287866,0.3.2,participant,,,,,,b86ad3d586a53a1c8327c50145dfc03932f2ea9b36901736375dcb1bc4a121a2
BNCI2014-001,8,riemann_lr,channel_dropout,all_channels,4,0.5,0,22,11,0.5,0.9433497536945814,0.2841445143725931,0.3152296803864364,0.3.2,participant,,,,,,b86ad3d586a53a1c8327c50145dfc03932f2ea9b36901736375dcb1bc4a121a2
BNCI2014-001,8,riemann_lr,channel_dropout,all_channels,4,0.5,1,22,11,0.8928571428571428,0.9667487684729065,0.15649173148966375,0.27776535139667774,0.3.2,participant,,,,,,b86ad3d586a53a1c8327c50145dfc03932f2ea9b36901736375dcb1bc4a121a2
BNCI2014-001,8,riemann_lr,channel_dropout,all_channels,4,0.5,2,22,11,0.5,0.9815270935960592,0.4914304419754794,0.4977385747098626,0.3.2,participant,,,,,,b86ad3d586a53a1c8327c50145dfc03932f2ea9b36901736375dcb1bc4a121a2
BNCI2014-001,8,riemann_lr,channel_dropout,all_channels,4,0.5,3,22,11,0.5,0.9482758620689656,0.4701839165460965,0.4762483219644362,0.3.2,participant,,,,,,b86ad3d586a53a1c8327c50145dfc03932f2ea9b36901736375dcb1bc4a121a2
BNCI2014-001,8,riemann_lr,channel_dropout,all_channels,4,0.5,4,22,11,0.5689655172413793,0.9913793103448276,0.21760788901150854,0.3611192568499667,0.3.2,participant,,,,,,b86ad3d586a53a1c8327c50145dfc03932f2ea9b36901736375dcb1bc4a121a2
BNCI2014-001,8,riemann_lr,channel_dropout,all_channels,4,0.5,5,22,11,0.7401477832512315,0.9384236453201971,0.17613152328809933,0.26397848631237064,0.3.2,participant,,,,,,b86ad3d586a53a1c8327c50145dfc03932f2ea9b36901736375dcb1bc4a121a2
BNCI2014-001,8,riemann_lr,channel_dropout,all_channels,4,0.5,6,22,11,0.5,0.9950738916256158,0.39382653617110214,0.4346082660349164,0.3.2,participant,,,,,,b86ad3d586a53a1c8327c50145dfc03932f2ea9b36901736375dcb1bc4a121a2
BNCI2014-001,8,riemann_lr,channel_dropout,all_channels,4,0.5,7,22,11,0.5357142857142857,0.9852216748768472,0.2750308414676155,0.3561620148187256,0.3.2,participant,,,,,,b86ad3d586a53a1c8327c50145dfc03932f2ea9b36901736375dcb1bc4a121a2
BNCI2014-001,8,riemann_lr,channel_dropout,all_channels,4,0.5,8,22,11,0.5,0.9950738916256157,0.5001541248786118,0.5038497145438898,0.3.2,participant,,,,,,b86ad3d586a53a1c8327c50145dfc03932f2ea9b36901736375dcb1bc4a121a2
BNCI2014-001,8,riemann_lr,channel_dropout,all_channels,4,0.5,9,22,11,0.5,0.9051724137931034,0.5087686114527785,0.5087699488623647,0.3.2,participant,,,,,,b86ad3d586a53a1c8327c50145dfc03932f2ea9b36901736375dcb1bc4a121a2
BNCI2014-001,8,riemann_lr,clean,all_channels,5,0.0,0,22,0,0.9642857142857143,0.9926108374384237,0.03732068689218598,0.09636655928288751,0.3.2,participant,,,,,,b86ad3d586a53a1c8327c50145dfc03932f2ea9b36901736375dcb1bc4a121a2
BNCI2014-001,8,riemann_lr,channel_dropout,all_channels,5,0.1,0,22,2,0.7857142857142857,0.9802955665024631,0.1541040088197259,0.21098249929399315,0.3.2,participant,,,,,,b86ad3d586a53a1c8327c50145dfc03932f2ea9b36901736375dcb1bc4a121a2
BNCI2014-001,8,riemann_lr,channel_dropout,all_channels,5,0.1,1,22,2,0.5,0.9433497536945813,0.4773815628807302,0.4839482522773848,0.3.2,participant,,,,,,b86ad3d586a53a1c8327c50145dfc03932f2ea9b36901736375dcb1bc4a121a2
BNCI2014-001,8,riemann_lr,channel_dropout,all_channels,5,0.1,2,22,2,0.9642857142857143,0.9839901477832512,0.05372564047307368,0.10500245976137691,0.3.2,participant,,,,,,b86ad3d586a53a1c8327c50145dfc03932f2ea9b36901736375dcb1bc4a121a2
BNCI2014-001,8,riemann_lr,channel_dropout,all_channels,5,0.1,3,22,2,0.6964285714285714,0.9938423645320197,0.20886921316685456,0.28340460265805517,0.3.2,participant,,,,,,b86ad3d586a53a1c8327c50145dfc03932f2ea9b36901736375dcb1bc4a121a2
BNCI2014-001,8,riemann_lr,channel_dropout,all_channels,5,0.1,4,22,2,0.7413793103448276,0.9766009852216749,0.14194188785318868,0.23792661855754618,0.3.2,participant,,,,,,b86ad3d586a53a1c8327c50145dfc03932f2ea9b36901736375dcb1bc4a121a2
BNCI2014-001,8,riemann_lr,channel_dropout,all_channels,5,0.1,5,22,2,0.9476600985221675,0.9926108374384237,0.06411397481453016,0.14461620588884785,0.3.2,participant,,,,,,b86ad3d586a53a1c8327c50145dfc03932f2ea9b36901736375dcb1bc4a121a2
BNCI2014-001,8,riemann_lr,channel_dropout,all_channels,5,0.1,6,22,2,0.9298029556650247,0.9950738916256158,0.04812565361365634,0.10268367878482139,0.3.2,participant,,,,,,b86ad3d586a53a1c8327c50145dfc03932f2ea9b36901736375dcb1bc4a121a2
BNCI2014-001,8,riemann_lr,channel_dropout,all_channels,5,0.1,7,22,2,0.5,0.9310344827586207,0.48827251911090097,0.4974172556491746,0.3.2,participant,,,,,,b86ad3d586a53a1c8327c50145dfc03932f2ea9b36901736375dcb1bc4a121a2
BNCI2014-001,8,riemann_lr,channel_dropout,all_channels,5,0.1,8,22,2,0.8392857142857143,0.9938423645320197,0.08892959110306684,0.15816711717540155,0.3.2,participant,,,,,,b86ad3d586a53a1c8327c50145dfc03932f2ea9b36901736375dcb1bc4a121a2
BNCI2014-001,8,riemann_lr,channel_dropout,all_channels,5,0.1,9,22,2,0.75,0.9901477832512315,0.1721144349499576,0.2440297157182652,0.3.2,participant,,,,,,b86ad3d586a53a1c8327c50145dfc03932f2ea9b36901736375dcb1bc4a121a2
BNCI2014-001,8,riemann_lr,channel_dropout,all_channels,5,0.2,0,22,4,0.5,0.9125615763546798,0.49037257637842546,0.49078149675532734,0.3.2,participant,,,,,,b86ad3d586a53a1c8327c50145dfc03932f2ea9b36901736375dcb1bc4a121a2
BNCI2014-001,8,riemann_lr,channel_dropout,all_channels,5,0.2,1,22,4,0.5535714285714286,0.9544334975369458,0.25934938402024266,0.3162067376931589,0.3.2,participant,,,,,,b86ad3d586a53a1c8327c50145dfc03932f2ea9b36901736375dcb1bc4a121a2
BNCI2014-001,8,riemann_lr,channel_dropout,all_channels,5,0.2,2,22,4,0.5,0.9273399014778325,0.5039798599715398,0.5060961978491598,0.3.2,participant,,,,,,b86ad3d586a53a1c8327c50145dfc03932f2ea9b36901736375dcb1bc4a121a2
BNCI2014-001,8,riemann_lr,channel_dropout,all_channels,5,0.2,3,22,4,0.5178571428571429,0.9556650246305418,0.3979771947370904,0.43410999473145595,0.3.2,participant,,,,,,b86ad3d586a53a1c8327c50145dfc03932f2ea9b36901736375dcb1bc4a121a2
BNCI2014-001,8,riemann_lr,channel_dropout,all_channels,5,0.2,4,22,4,0.5,0.958128078817734,0.49674713860021985,0.5023274850844807,0.3.2,participant,,,,,,b86ad3d586a53a1c8327c50145dfc03932f2ea9b36901736375dcb1bc4a121a2
BNCI2014-001,8,riemann_lr,channel_dropout,all_channels,5,0.2,5,22,4,0.5,0.9642857142857143,0.4806663918902926,0.485664646499536,0.3.2,participant,,,,,,b86ad3d586a53a1c8327c50145dfc03932f2ea9b36901736375dcb1bc4a121a2
BNCI2014-001,8,riemann_lr,channel_dropout,all_channels,5,0.2,6,22,4,0.5,0.9310344827586207,0.49939462884994534,0.5037455484897034,0.3.2,participant,,,,,,b86ad3d586a53a1c8327c50145dfc03932f2ea9b36901736375dcb1bc4a121a2
BNCI2014-001,8,riemann_lr,channel_dropout,all_channels,5,0.2,7,22,4,0.5,0.9261083743842364,0.5074708127190717,0.5080560930440656,0.3.2,participant,,,,,,b86ad3d586a53a1c8327c50145dfc03932f2ea9b36901736375dcb1bc4a121a2
BNCI2014-001,8,riemann_lr,channel_dropout,all_channels,5,0.2,8,22,4,0.5,0.9408866995073892,0.49945702554627774,0.5036650918720201,0.3.2,participant,,,,,,b86ad3d586a53a1c8327c50145dfc03932f2ea9b36901736375dcb1bc4a121a2
BNCI2014-001,8,riemann_lr,channel_dropout,all_channels,5,0.2,9,22,4,0.8269704433497538,0.9630541871921182,0.12279221345287407,0.18300980482107956,0.3.2,participant,,,,,,b86ad3d586a53a1c8327c50145dfc03932f2ea9b36901736375dcb1bc4a121a2
BNCI2014-001,8,riemann_lr,channel_dropout,all_channels,5,0.3,0,22,7,0.5,0.9729064039408868,0.32700502598699605,0.3901575265326264,0.3.2,participant,,,,,,b86ad3d586a53a1c8327c50145dfc03932f2ea9b36901736375dcb1bc4a121a2
BNCI2014-001,8,riemann_lr,channel_dropout,all_channels,5,0.3,1,22,7,0.8035714285714286,0.9593596059113301,0.13231679268776944,0.21783998886255623,0.3.2,participant,,,,,,b86ad3d586a53a1c8327c50145dfc03932f2ea9b36901736375dcb1bc4a121a2
BNCI2014-001,8,riemann_lr,channel_dropout,all_channels,5,0.3,2,22,7,0.8928571428571428,0.9729064039408868,0.10023197321960128,0.1752888497107698,0.3.2,participant,,,,,,b86ad3d586a53a1c8327c50145dfc03932f2ea9b36901736375dcb1bc4a121a2
BNCI2014-001,8,riemann_lr,channel_dropout,all_channels,5,0.3,3,22,7,0.7924876847290641,0.9556650246305419,0.16026824676488824,0.2736768814725329,0.3.2,participant,,,,,,b86ad3d586a53a1c8327c50145dfc03932f2ea9b36901736375dcb1bc4a121a2
BNCI2014-001,8,riemann_lr,channel_dropout,all_channels,5,0.3,4,22,7,0.5,0.9704433497536946,0.4205678067153595,0.4491108521567499,0.3.2,participant,,,,,,b86ad3d586a53a1c8327c50145dfc03932f2ea9b36901736375dcb1bc4a121a2
BNCI2014-001,8,riemann_lr,channel_dropout,all_channels,5,0.3,5,22,7,0.5172413793103449,0.9322660098522167,0.25447621371922474,0.2957618734287851,0.3.2,participant,,,,,,b86ad3d586a53a1c8327c50145dfc03932f2ea9b36901736375dcb1bc4a121a2
BNCI2014-001,8,riemann_lr,channel_dropout,all_channels,5,0.3,6,22,7,0.5,0.9802955665024631,0.48964124870175496,0.4903695862930165,0.3.2,participant,,,,,,b86ad3d586a53a1c8327c50145dfc03932f2ea9b36901736375dcb1bc4a121a2
BNCI2014-001,8,riemann_lr,channel_dropout,all_channels,5,0.3,7,22,7,0.5,0.9495073891625616,0.44344995751294575,0.46264155611134894,0.3.2,participant,,,,,,b86ad3d586a53a1c8327c50145dfc03932f2ea9b36901736375dcb1bc4a121a2
BNCI2014-001,8,riemann_lr,channel_dropout,all_channels,5,0.3,8,22,7,0.5,0.9408866995073891,0.5084595025551603,0.5085983686465427,0.3.2,participant,,,,,,b86ad3d586a53a1c8327c50145dfc03932f2ea9b36901736375dcb1bc4a121a2
BNCI2014-001,8,riemann_lr,channel_dropout,all_channels,5,0.3,9,22,7,0.5535714285714286,0.9741379310344828,0.29613588280243525,0.3575145462788965,0.3.2,participant,,,,,,b86ad3d586a53a1c8327c50145dfc03932f2ea9b36901736375dcb1bc4a121a2
BNCI2014-001,8,riemann_lr,channel_dropout,all_channels,5,0.5,0,22,11,0.5,0.8115763546798029,0.4731909466010746,0.47575924185619534,0.3.2,participant,,,,,,b86ad3d586a53a1c8327c50145dfc03932f2ea9b36901736375dcb1bc4a121a2
BNCI2014-001,8,riemann_lr,channel_dropout,all_channels,5,0.5,1,22,11,0.5535714285714286,0.9655172413793103,0.27620381897916074,0.32431717106903524,0.3.2,participant,,,,,,b86ad3d586a53a1c8327c50145dfc03932f2ea9b36901736375dcb1bc4a121a2
BNCI2014-001,8,riemann_lr,channel_dropout,all_channels,5,0.5,2,22,11,0.5,0.8571428571428572,0.4884656806090594,0.48942764012160633,0.3.2,participant,,,,,,b86ad3d586a53a1c8327c50145dfc03932f2ea9b36901736375dcb1bc4a121a2
BNCI2014-001,8,riemann_lr,channel_dropout,all_channels,5,0.5,3,22,11,0.8762315270935961,0.9408866995073891,0.14209542658858987,0.21621113935090547,0.3.2,participant,,,,,,b86ad3d586a53a1c8327c50145dfc03932f2ea9b36901736375dcb1bc4a121a2
BNCI2014-001,8,riemann_lr,channel_dropout,all_channels,5,0.5,4,22,11,0.5,0.895320197044335,0.37085265750201646,0.39786829027748394,0.3.2,participant,,,,,,b86ad3d586a53a1c8327c50145dfc03932f2ea9b36901736375dcb1bc4a121a2
BNCI2014-001,8,riemann_lr,channel_dropout,all_channels,5,0.5,5,22,11,0.5,0.8706896551724138,0.2730764765145062,0.2795566235324712,0.3.2,participant,,,,,,b86ad3d586a53a1c8327c50145dfc03932f2ea9b36901736375dcb1bc4a121a2
BNCI2014-001,8,riemann_lr,channel_dropout,all_channels,5,0.5,6,22,11,0.5,0.7032019704433498,0.45969058887367953,0.4652945052808042,0.3.2,participant,,,,,,b86ad3d586a53a1c8327c50145dfc03932f2ea9b36901736375dcb1bc4a121a2
BNCI2014-001,8,riemann_lr,channel_dropout,all_channels,5,0.5,7,22,11,0.5,0.7672413793103448,0.44779803101023624,0.4537244949410582,0.3.2,participant,,,,,,b86ad3d586a53a1c8327c50145dfc03932f2ea9b36901736375dcb1bc4a121a2
BNCI2014-001,8,riemann_lr,channel_dropout,all_channels,5,0.5,8,22,11,0.5,0.9248768472906403,0.39424749284015037,0.42677406139793406,0.3.2,participant,,,,,,b86ad3d586a53a1c8327c50145dfc03932f2ea9b36901736375dcb1bc4a121a2
BNCI2014-001,8,riemann_lr,channel_dropout,all_channels,5,0.5,9,22,11,0.5,0.9039408866995075,0.48734742738272946,0.4888703664826861,0.3.2,participant,,,,,,b86ad3d586a53a1c8327c50145dfc03932f2ea9b36901736375dcb1bc4a121a2
BNCI2014-001,8,riemann_lr,reduced_montage,motor_core,1,0.0,0,3,0,0.896551724137931,0.9548156956004756,0.10204356597589456,0.17110161899895926,0.3.2,not_applicable,"C3,Cz,C4",,,,,b86ad3d586a53a1c8327c50145dfc03932f2ea9b36901736375dcb1bc4a121a2
BNCI2014-001,8,riemann_lr,reduced_montage,motor_core,2,0.0,0,3,0,0.8103448275862069,0.9203329369797859,0.1282424670965082,0.1273287572683323,0.3.2,not_applicable,"C3,Cz,C4",,,,,b86ad3d586a53a1c8327c50145dfc03932f2ea9b36901736375dcb1bc4a121a2
BNCI2014-001,8,riemann_lr,reduced_montage,motor_core,3,0.0,0,3,0,0.8620689655172413,0.9536266349583828,0.1068963898093659,0.12774275627413478,0.3.2,not_applicable,"C3,Cz,C4",,,,,b86ad3d586a53a1c8327c50145dfc03932f2ea9b36901736375dcb1bc4a121a2
BNCI2014-001,8,riemann_lr,reduced_montage,motor_core,4,0.0,0,3,0,0.8780788177339902,0.9298029556650246,0.11498577992834134,0.14463449822287147,0.3.2,not_applicable,"C3,Cz,C4",,,,,b86ad3d586a53a1c8327c50145dfc03932f2ea9b36901736375dcb1bc4a121a2
BNCI2014-001,8,riemann_lr,reduced_montage,motor_core,5,0.0,0,3,0,0.9125615763546798,0.9519704433497538,0.10914955583133203,0.16226581316716016,0.3.2,not_applicable,"C3,Cz,C4",,,,,b86ad3d586a53a1c8327c50145dfc03932f2ea9b36901736375dcb1bc4a121a2
BNCI2014-001,8,riemann_lr,reduced_montage,motor_extended,1,0.0,0,9,0,0.9827586206896552,1.0,0.023687256158086704,0.11089365471347415,0.3.2,not_applicable,"FC3,FCz,FC4,C3,Cz,C4,CP3,CPz,CP4",,,,,b86ad3d586a53a1c8327c50145dfc03932f2ea9b36901736375dcb1bc4a121a2
BNCI2014-001,8,riemann_lr,reduced_montage,motor_extended,2,0.0,0,9,0,0.9137931034482758,0.9797859690844233,0.05641131235904226,0.11163855718438853,0.3.2,not_applicable,"FC3,FCz,FC4,C3,Cz,C4,CP3,CPz,CP4",,,,,b86ad3d586a53a1c8327c50145dfc03932f2ea9b36901736375dcb1bc4a121a2
BNCI2014-001,8,riemann_lr,reduced_montage,motor_extended,3,0.0,0,9,0,0.896551724137931,0.9797859690844233,0.0569998464175681,0.10011639429054076,0.3.2,not_applicable,"FC3,FCz,FC4,C3,Cz,C4,CP3,CPz,CP4",,,,,b86ad3d586a53a1c8327c50145dfc03932f2ea9b36901736375dcb1bc4a121a2
BNCI2014-001,8,riemann_lr,reduced_montage,motor_extended,4,0.0,0,9,0,0.9642857142857143,0.9975369458128078,0.0334271775254883,0.09212917296397942,0.3.2,not_applicable,"FC3,FCz,FC4,C3,Cz,C4,CP3,CPz,CP4",,,,,b86ad3d586a53a1c8327c50145dfc03932f2ea9b36901736375dcb1bc4a121a2
BNCI2014-001,8,riemann_lr,reduced_montage,motor_extended,5,0.0,0,9,0,0.9470443349753694,0.9839901477832512,0.04507319201432645,0.08863560558880389,0.3.2,not_applicable,"FC3,FCz,FC4,C3,Cz,C4,CP3,CPz,CP4",,,,,b86ad3d586a53a1c8327c50145dfc03932f2ea9b36901736375dcb1bc4a121a2
BNCI2014-001,8,riemann_lr,region_dropout,all_channels,1,0.3181818181818182,0,22,7,0.5,0.9001189060642092,0.4999899639674502,0.49999450549213864,0.3.2,not_applicable,,left_motor_strip,"FC3,FC1,C5,C3,C1,CP3,CP1",,,b86ad3d586a53a1c8327c50145dfc03932f2ea9b36901736375dcb1bc4a121a2
BNCI2014-001,8,riemann_lr,region_dropout,all_channels,1,0.13636363636363635,0,22,3,0.8103448275862069,0.9988109393579073,0.11227001448752219,0.21698334961317026,0.3.2,not_applicable,,midline_motor_strip,"FCz,Cz,CPz",,,b86ad3d586a53a1c8327c50145dfc03932f2ea9b36901736375dcb1bc4a121a2
BNCI2014-001,8,riemann_lr,region_dropout,all_channels,1,0.3181818181818182,0,22,7,0.5,0.901307966706302,0.4997031983343793,0.4998444024006355,0.3.2,not_applicable,,right_motor_strip,"FC2,FC4,C2,C4,C6,CP2,CP4",,,b86ad3d586a53a1c8327c50145dfc03932f2ea9b36901736375dcb1bc4a121a2
BNCI2014-001,8,riemann_lr,region_dropout,all_channels,2,0.3181818181818182,0,22,7,0.5,0.8858501783590963,0.4999914438785265,0.4999954441181649,0.3.2,not_applicable,,left_motor_strip,"FC3,FC1,C5,C3,C1,CP3,CP1",,,b86ad3d586a53a1c8327c50145dfc03932f2ea9b36901736375dcb1bc4a121a2
BNCI2014-001,8,riemann_lr,region_dropout,all_channels,2,0.13636363636363635,0,22,3,0.7931034482758621,0.9869203329369798,0.1455239876736278,0.22045573099794538,0.3.2,not_applicable,,midline_motor_strip,"FCz,Cz,CPz",,,b86ad3d586a53a1c8327c50145dfc03932f2ea9b36901736375dcb1bc4a121a2
BNCI2014-001,8,riemann_lr,region_dropout,all_channels,2,0.3181818181818182,0,22,7,0.5,0.8585017835909631,0.49960130575790934,0.4997805584927621,0.3.2,not_applicable,,right_motor_strip,"FC2,FC4,C2,C4,C6,CP2,CP4",,,b86ad3d586a53a1c8327c50145dfc03932f2ea9b36901736375dcb1bc4a121a2
BNCI2014-001,8,riemann_lr,region_dropout,all_channels,3,0.3181818181818182,0,22,7,0.5,0.8549346016646848,0.49998692575827247,0.4999928548683845,0.3.2,not_applicable,,left_motor_strip,"FC3,FC1,C5,C3,C1,CP3,CP1",,,b86ad3d586a53a1c8327c50145dfc03932f2ea9b36901736375dcb1bc4a121a2
BNCI2014-001,8,riemann_lr,region_dropout,all_channels,3,0.13636363636363635,0,22,3,0.9655172413793103,0.9892984542211654,0.06544730514789085,0.1556439618767672,0.3.2,not_applicable,,midline_motor_strip,"FCz,Cz,CPz",,,b86ad3d586a53a1c8327c50145dfc03932f2ea9b36901736375dcb1bc4a121a2
BNCI2014-001,8,riemann_lr,region_dropout,all_channels,3,0.3181818181818182,0,22,7,0.5,0.9322235434007135,0.4997031960419389,0.4998437248740268,0.3.2,not_applicable,,right_motor_strip,"FC2,FC4,C2,C4,C6,CP2,CP4",,,b86ad3d586a53a1c8327c50145dfc03932f2ea9b36901736375dcb1bc4a121a2
BNCI2014-001,8,riemann_lr,region_dropout,all_channels,4,0.3181818181818182,0,22,7,0.5,0.9285714285714286,0.5087426799669488,0.5087566838425515,0.3.2,not_applicable,,left_motor_strip,"FC3,FC1,C5,C3,C1,CP3,CP1",,,b86ad3d586a53a1c8327c50145dfc03932f2ea9b36901736375dcb1bc4a121a2
BNCI2014-001,8,riemann_lr,region_dropout,all_channels,4,0.13636363636363635,0,22,3,0.8448275862068966,1.0,0.09712211131111788,0.20732798254197835,0.3.2,not_applicable,,midline_motor_strip,"FCz,Cz,CPz",,,b86ad3d586a53a1c8327c50145dfc03932f2ea9b36901736375dcb1bc4a121a2
BNCI2014-001,8,riemann_lr,region_dropout,all_channels,4,0.3181818181818182,0,22,7,0.5,0.8916256157635469,0.49115759970135153,0.4911889054452408,0.3.2,not_applicable,,right_motor_strip,"FC2,FC4,C2,C4,C6,CP2,CP4",,,b86ad3d586a53a1c8327c50145dfc03932f2ea9b36901736375dcb1bc4a121a2
BNCI2014-001,8,riemann_lr,region_dropout,all_channels,5,0.3181818181818182,0,22,7,0.5,0.8719211822660099,0.49119698750817936,0.4912111118170782,0.3.2,not_applicable,,left_motor_strip,"FC3,FC1,C5,C3,C1,CP3,CP1",,,b86ad3d586a53a1c8327c50145dfc03932f2ea9b36901736375dcb1bc4a121a2
BNCI2014-001,8,riemann_lr,region_dropout,all_channels,5,0.13636363636363635,0,22,3,0.9125615763546798,0.9889162561576355,0.06537587389234903,0.13633960682164925,0.3.2,not_applicable,,midline_motor_strip,"FCz,Cz,CPz",,,b86ad3d586a53a1c8327c50145dfc03932f2ea9b36901736375dcb1bc4a121a2
BNCI2014-001,8,riemann_lr,region_dropout,all_channels,5,0.3181818181818182,0,22,7,0.5,0.8349753694581281,0.5086137908548335,0.5086845315232295,0.3.2,not_applicable,,right_motor_strip,"FC2,FC4,C2,C4,C6,CP2,CP4",,,b86ad3d586a53a1c8327c50145dfc03932f2ea9b36901736375dcb1bc4a121a2
BNCI2014-001,8,riemann_lr,cross_session,all_channels,0,0.0,0,22,0,0.9722222222222223,0.9971064814814815,0.03851612541655292,0.11533900358063992,0.3.2,not_applicable,,,,0train,1test,b86ad3d586a53a1c8327c50145dfc03932f2ea9b36901736375dcb1bc4a121a2
BNCI2014-001,9,riemann_lr,clean,all_channels,1,0.0,0,22,0,0.8620689655172413,0.9179548156956006,0.10446163316230973,0.06488343105687885,0.3.2,participant,,,,,,b86ad3d586a53a1c8327c50145dfc03932f2ea9b36901736375dcb1bc4a121a2
BNCI2014-001,9,riemann_lr,channel_dropout,all_channels,1,0.1,0,22,2,0.7413793103448276,0.8894173602853745,0.18184123131550806,0.19389718065349165,0.3.2,participant,,,,,,b86ad3d586a53a1c8327c50145dfc03932f2ea9b36901736375dcb1bc4a121a2
BNCI2014-001,9,riemann_lr,channel_dropout,all_channels,1,0.1,1,22,2,0.5,0.9179548156956006,0.4827551214521436,0.4933689219041685,0.3.2,participant,,,,,,b86ad3d586a53a1c8327c50145dfc03932f2ea9b36901736375dcb1bc4a121a2
BNCI2014-001,9,riemann_lr,channel_dropout,all_channels,1,0.1,2,22,2,0.4827586206896552,0.9024970273483948,0.4511385646450022,0.47850696671387644,0.3.2,participant,,,,,,b86ad3d586a53a1c8327c50145dfc03932f2ea9b36901736375dcb1bc4a121a2
BNCI2014-001,9,riemann_lr,channel_dropout,all_channels,1,0.1,3,22,2,0.5,0.9013079667063021,0.4579712288619653,0.4820450135853889,0.3.2,participant,,,,,,b86ad3d586a53a1c8327c50145dfc03932f2ea9b36901736375dcb1bc4a121a2
BNCI2014-001,9,riemann_lr,channel_dropout,all_channels,1,0.1,4,22,2,0.5172413793103449,0.8989298454221165,0.3630280264049613,0.41813624319552395,0.3.2,participant,,,,,,b86ad3d586a53a1c8327c50145dfc03932f2ea9b36901736375dcb1bc4a121a2
BNCI2014-001,9,riemann_lr,channel_dropout,all_channels,1,0.1,5,22,2,0.5517241379310345,0.9143876337693223,0.29680851310457385,0.367588789688004,0.3.2,participant,,,,,,b86ad3d586a53a1c8327c50145dfc03932f2ea9b36901736375dcb1bc4a121a2
BNCI2014-001,9,riemann_lr,channel_dropout,all_channels,1,0.1,6,22,2,0.8448275862068966,0.9048751486325803,0.11822413875252046,0.08096647846594696,0.3.2,participant,,,,,,b86ad3d586a53a1c8327c50145dfc03932f2ea9b36901736375dcb1bc4a121a2
BNCI2014-001,9,riemann_lr,channel_dropout,all_channels,1,0.1,7,22,2,0.5344827586206896,0.8727705112960762,0.30518377034612193,0.3432425598606135,0.3.2,participant,,,,,,b86ad3d586a53a1c8327c50145dfc03932f2ea9b36901736375dcb1bc4a121a2
BNCI2014-001,9,riemann_lr,channel_dropout,all_channels,1,0.1,8,22,2,0.8620689655172413,0.901307966706302,0.11459324780323987,0.12923997188807443,0.3.2,participant,,,,,,b86ad3d586a53a1c8327c50145dfc03932f2ea9b36901736375dcb1bc4a121a2
BNCI2014-001,9,riemann_lr,channel_dropout,all_channels,1,0.1,9,22,2,0.5,0.8929845422116529,0.49268666275187606,0.49441471116196367,0.3.2,participant,,,,,,b86ad3d586a53a1c8327c50145dfc03932f2ea9b36901736375dcb1bc4a121a2
BNCI2014-001,9,riemann_lr,channel_dropout,all_channels,1,0.2,0,22,4,0.5,0.8906064209274673,0.47003896532270806,0.4880563849576951,0.3.2,participant,,,,,,b86ad3d586a53a1c8327c50145dfc03932f2ea9b36901736375dcb1bc4a121a2
BNCI2014-001,9,riemann_lr,channel_dropout,all_channels,1,0.2,1,22,4,0.5,0.9024970273483948,0.4993701792649669,0.4995465181796115,0.3.2,participant,,,,,,b86ad3d586a53a1c8327c50145dfc03932f2ea9b36901736375dcb1bc4a121a2
BNCI2014-001,9,riemann_lr,channel_dropout,all_channels,1,0.2,2,22,4,0.5,0.8370986920332937,0.4737784664053357,0.48131106499213194,0.3.2,participant,,,,,,b86ad3d586a53a1c8327c50145dfc03932f2ea9b36901736375dcb1bc4a121a2
BNCI2014-001,9,riemann_lr,channel_dropout,all_channels,1,0.2,3,22,4,0.5,0.8727705112960761,0.4406867351269536,0.46826770660747624,0.3.2,participant,,,,,,b86ad3d586a53a1c8327c50145dfc03932f2ea9b36901736375dcb1bc4a121a2
BNCI2014-001,9,riemann_lr,channel_dropout,all_channels,1,0.2,4,22,4,0.7586206896551724,0.8382877526753864,0.17482862454891002,0.11499435787249368,0.3.2,participant,,,,,,b86ad3d586a53a1c8327c50145dfc03932f2ea9b36901736375dcb1bc4a121a2
BNCI2014-001,9,riemann_lr,channel_dropout,all_channels,1,0.2,5,22,4,0.5172413793103449,0.8549346016646849,0.318174148835947,0.3490485885466246,0.3.2,participant,,,,,,b86ad3d586a53a1c8327c50145dfc03932f2ea9b36901736375dcb1bc4a121a2
BNCI2014-001,9,riemann_lr,channel_dropout,all_channels,1,0.2,6,22,4,0.5,0.906064209274673,0.49294409225319386,0.4957073529881669,0.3.2,participant,,,,,,b86ad3d586a53a1c8327c50145dfc03932f2ea9b36901736375dcb1bc4a121a2
BNCI2014-001,9,riemann_lr,channel_dropout,all_channels,1,0.2,7,22,4,0.4827586206896552,0.8061831153388823,0.3326985669901758,0.36471983021753734,0.3.2,participant,,,,,,b86ad3d586a53a1c8327c50145dfc03932f2ea9b36901736375dcb1bc4a121a2
BNCI2014-001,9,riemann_lr,channel_dropout,all_channels,1,0.2,8,22,4,0.4827586206896552,0.8834720570749108,0.3767868387745406,0.4267791556153966,0.3.2,participant,,,,,,b86ad3d586a53a1c8327c50145dfc03932f2ea9b36901736375dcb1bc4a121a2
BNCI2014-001,9,riemann_lr,channel_dropout,all_channels,1,0.2,9,22,4,0.5344827586206896,0.9084423305588584,0.40738776527597553,0.4489525832670037,0.3.2,participant,,,,,,b86ad3d586a53a1c8327c50145dfc03932f2ea9b36901736375dcb1bc4a121a2
BNCI2014-001,9,riemann_lr,channel_dropout,all_channels,1,0.3,0,22,7,0.5,0.8109393579072532,0.3996226234226162,0.4208586472649285,0.3.2,participant,,,,,,b86ad3d586a53a1c8327c50145dfc03932f2ea9b36901736375dcb1bc4a121a2
BNCI2014-001,9,riemann_lr,channel_dropout,all_channels,1,0.3,1,22,7,0.5,0.8977407847800237,0.44734848753399514,0.4749090700299886,0.3.2,participant,,,,,,b86ad3d586a53a1c8327c50145dfc03932f2ea9b36901736375dcb1bc4a121a2
BNCI2014-001,9,riemann_lr,channel_dropout,all_channels,1,0.3,2,22,7,0.5,0.8727705112960761,0.4998967406945358,0.49992747128661186,0.3.2,participant,,,,,,b86ad3d586a53a1c8327c50145dfc03932f2ea9b36901736375dcb1bc4a121a2
BNCI2014-001,9,riemann_lr,channel_dropout,all_channels,1,0.3,3,22,7,0.6896551724137931,0.8299643281807373,0.20317425730910743,0.23364637582774994,0.3.2,participant,,,,,,b86ad3d586a53a1c8327c50145dfc03932f2ea9b36901736375dcb1bc4a121a2
BNCI2014-001,9,riemann_lr,channel_dropout,all_channels,1,0.3,4,22,7,0.5344827586206897,0.8204518430439952,0.274913911433186,0.28245923694687225,0.3.2,participant,,,,,,b86ad3d586a53a1c8327c50145dfc03932f2ea9b36901736375dcb1bc4a121a2
BNCI2014-001,9,riemann_lr,channel_dropout,all_channels,1,0.3,5,22,7,0.5,0.7657550535077289,0.46495498290963466,0.4728860165242514,0.3.2,participant,,,,,,b86ad3d586a53a1c8327c50145dfc03932f2ea9b36901736375dcb1bc4a121a2
BNCI2014-001,9,riemann_lr,channel_dropout,all_channels,1,0.3,6,22,7,0.5,0.8906064209274673,0.49885480606917887,0.49925666947370206,0.3.2,participant,,,,,,b86ad3d586a53a1c8327c50145dfc03932f2ea9b36901736375dcb1bc4a121a2
BNCI2014-001,9,riemann_lr,channel_dropout,all_channels,1,0.3,7,22,7,0.5344827586206896,0.8370986920332937,0.26950442533522234,0.28980986831650524,0.3.2,participant,,,,,,b86ad3d586a53a1c8327c50145dfc03932f2ea9b36901736375dcb1bc4a121a2
BNCI2014-001,9,riemann_lr,channel_dropout,all_channels,1,0.3,8,22,7,0.5,0.8394768133174793,0.48719656744921486,0.4913120257887748,0.3.2,participant,,,,,,b86ad3d586a53a1c8327c50145dfc03932f2ea9b36901736375dcb1bc4a121a2
BNCI2014-001,9,riemann_lr,channel_dropout,all_channels,1,0.3,9,22,7,0.5,0.7776456599286563,0.25412801326006934,0.2664648218609791,0.3.2,participant,,,,,,b86ad3d586a53a1c8327c50145dfc03932f2ea9b36901736375dcb1bc4a121a2
BNCI2014-001,9,riemann_lr,channel_dropout,all_channels,1,0.5,0,22,11,0.5,0.6563614744351962,0.4095612290217843,0.4135215193474332,0.3.2,participant,,,,,,b86ad3d586a53a1c8327c50145dfc03932f2ea9b36901736375dcb1bc4a121a2
BNCI2014-001,9,riemann_lr,channel_dropout,all_channels,1,0.5,1,22,11,0.5,0.699167657550535,0.4938065199246159,0.4945926244490153,0.3.2,participant,,,,,,b86ad3d586a53a1c8327c50145dfc03932f2ea9b36901736375dcb1bc4a121a2
BNCI2014-001,9,riemann_lr,channel_dropout,all_channels,1,0.5,2,22,11,0.6896551724137931,0.7717003567181926,0.20593863462224812,0.11164527769599067,0.3.2,participant,,,,,,b86ad3d586a53a1c8327c50145dfc03932f2ea9b36901736375dcb1bc4a121a2
BNCI2014-001,9,riemann_lr,channel_dropout,all_channels,1,0.5,3,22,11,0.5,0.8192627824019025,0.4112944828664401,0.43281868965619186,0.3.2,participant,,,,,,b86ad3d586a53a1c8327c50145dfc03932f2ea9b36901736375dcb1bc4a121a2
BNCI2014-001,9,riemann_lr,channel_dropout,all_channels,1,0.5,4,22,11,0.6551724137931034,0.7859690844233056,0.20354954881714582,0.18489233536946484,0.3.2,participant,,,,,,b86ad3d586a53a1c8327c50145dfc03932f2ea9b36901736375dcb1bc4a121a2
BNCI2014-001,9,riemann_lr,channel_dropout,all_channels,1,0.5,5,22,11,0.5,0.8275862068965517,0.4324047595580444,0.4456180816597811,0.3.2,participant,,,,,,b86ad3d586a53a1c8327c50145dfc03932f2ea9b36901736375dcb1bc4a121a2
BNCI2014-001,9,riemann_lr,channel_dropout,all_channels,1,0.5,6,22,11,0.5,0.845422116527943,0.3563088521728833,0.3818681157660087,0.3.2,participant,,,,,,b86ad3d586a53a1c8327c50145dfc03932f2ea9b36901736375dcb1bc4a121a2
BNCI2014-001,9,riemann_lr,channel_dropout,all_channels,1,0.5,7,22,11,0.5,0.8204518430439952,0.40228095595429175,0.4161606988231739,0.3.2,participant,,,,,,b86ad3d586a53a1c8327c50145dfc03932f2ea9b36901736375dcb1bc4a121a2
BNCI2014-001,9,riemann_lr,channel_dropout,all_channels,1,0.5,8,22,11,0.7586206896551724,0.8394768133174791,0.17775892068902072,0.12843085400263507,0.3.2,participant,,,,,,b86ad3d586a53a1c8327c50145dfc03932f2ea9b36901736375dcb1bc4a121a2
BNCI2014-001,9,riemann_lr,channel_dropout,all_channels,1,0.5,9,22,11,0.5344827586206897,0.7312722948870393,0.2597987805119064,0.23494575515525698,0.3.2,participant,,,,,,b86ad3d586a53a1c8327c50145dfc03932f2ea9b36901736375dcb1bc4a121a2
BNCI2014-001,9,riemann_lr,clean,all_channels,2,0.0,0,22,0,0.7931034482758621,0.8858501783590963,0.1392788907953331,0.09442108469740898,0.3.2,participant,,,,,,b86ad3d586a53a1c8327c50145dfc03932f2ea9b36901736375dcb1bc4a121a2
BNCI2014-001,9,riemann_lr,channel_dropout,all_channels,2,0.1,0,22,2,0.5344827586206896,0.8430439952437575,0.3223138416538263,0.355624099104038,0.3.2,participant,,,,,,b86ad3d586a53a1c8327c50145dfc03932f2ea9b36901736375dcb1bc4a121a2
BNCI2014-001,9,riemann_lr,channel_dropout,all_channels,2,0.1,1,22,2,0.5862068965517242,0.8787158145065399,0.3150771757181524,0.3583531793760374,0.3.2,participant,,,,,,b86ad3d586a53a1c8327c50145dfc03932f2ea9b36901736375dcb1bc4a121a2
BNCI2014-001,9,riemann_lr,channel_dropout,all_channels,2,0.1,2,22,2,0.6896551724137931,0.9048751486325802,0.23120080037516166,0.2659481311013229,0.3.2,participant,,,,,,b86ad3d586a53a1c8327c50145dfc03932f2ea9b36901736375dcb1bc4a121a2
BNCI2014-001,9,riemann_lr,channel_dropout,all_channels,2,0.1,3,22,2,0.5,0.8846611177170036,0.47887152189956816,0.4884173859626854,0.3.2,participant,,,,,,b86ad3d586a53a1c8327c50145dfc03932f2ea9b36901736375dcb1bc4a121a2
BNCI2014-001,9,riemann_lr,channel_dropout,all_channels,2,0.1,4,22,2,0.5517241379310345,0.8692033293697978,0.305998289255558,0.34795718247004315,0.3.2,participant,,,,,,b86ad3d586a53a1c8327c50145dfc03932f2ea9b36901736375dcb1bc4a121a2
BNCI2014-001,9,riemann_lr,channel_dropout,all_channels,2,0.1,5,22,2,0.5517241379310345,0.9227110582639715,0.32754527646947124,0.382784352675418,0.3.2,participant,,,,,,b86ad3d586a53a1c8327c50145dfc03932f2ea9b36901736375dcb1bc4a121a2
BNCI2014-001,9,riemann_lr,channel_dropout,all_channels,2,0.1,6,22,2,0.5344827586206896,0.8941736028537456,0.31553212556240345,0.36742845725692214,0.3.2,participant,,,,,,b86ad3d586a53a1c8327c50145dfc03932f2ea9b36901736375dcb1bc4a121a2
BNCI2014-001,9,riemann_lr,channel_dropout,all_channels,2,0.1,7,22,2,0.5,0.8549346016646848,0.4755453752434402,0.4856777825347118,0.3.2,participant,,,,,,b86ad3d586a53a1c8327c50145dfc03932f2ea9b36901736375dcb1bc4a121a2
BNCI2014-001,9,riemann_lr,channel_dropout,all_channels,2,0.1,8,22,2,0.5689655172413793,0.89179548156956,0.3233468946908998,0.374386930845952,0.3.2,participant,,,,,,b86ad3d586a53a1c8327c50145dfc03932f2ea9b36901736375dcb1bc4a121a2
BNCI2014-001,9,riemann_lr,channel_dropout,all_channels,2,0.1,9,22,2,0.8275862068965517,0.896551724137931,0.13673807342484592,0.12178414789169385,0.3.2,participant,,,,,,b86ad3d586a53a1c8327c50145dfc03932f2ea9b36901736375dcb1bc4a121a2
BNCI2014-001,9,riemann_lr,channel_dropout,all_channels,2,0.2,0,22,4,0.5,0.8620689655172414,0.4962930925829399,0.4977753857480197,0.3.2,participant,,,,,,b86ad3d586a53a1c8327c50145dfc03932f2ea9b36901736375dcb1bc4a121a2
BNCI2014-001,9,riemann_lr,channel_dropout,all_channels,2,0.2,1,22,4,0.5344827586206896,0.9072532699167657,0.37037233817752774,0.4140585731563402,0.3.2,participant,,,,,,b86ad3d586a53a1c8327c50145dfc03932f2ea9b36901736375dcb1bc4a121a2
BNCI2014-001,9,riemann_lr,channel_dropout,all_channels,2,0.2,2,22,4,0.5,0.8775267538644471,0.4892017314156613,0.49338913290575204,0.3.2,participant,,,,,,b86ad3d586a53a1c8327c50145dfc03932f2ea9b36901736375dcb1bc4a121a2
BNCI2014-001,9,riemann_lr,channel_dropout,all_channels,2,0.2,3,22,4,0.7586206896551724,0.910820451843044,0.14078873813251566,0.1546063255868352,0.3.2,participant,,,,,,b86ad3d586a53a1c8327c50145dfc03932f2ea9b36901736375dcb1bc4a121a2
BNCI2014-001,9,riemann_lr,channel_dropout,all_channels,2,0.2,4,22,4,0.5,0.8537455410225921,0.3748503799510136,0.4078520956240055,0.3.2,participant,,,,,,b86ad3d586a53a1c8327c50145dfc03932f2ea9b36901736375dcb1bc4a121a2
BNCI2014-001,9,riemann_lr,channel_dropout,all_channels,2,0.2,5,22,4,0.5862068965517242,0.8644470868014269,0.26064084079774935,0.2947026850652485,0.3.2,participant,,,,,,b86ad3d586a53a1c8327c50145dfc03932f2ea9b36901736375dcb1bc4a121a2
BNCI2014-001,9,riemann_lr,channel_dropout,all_channels,2,0.2,6,22,4,0.7931034482758621,0.9131985731272295,0.12688072818372662,0.11268400601461019,0.3.2,participant,,,,,,b86ad3d586a53a1c8327c50145dfc03932f2ea9b36901736375dcb1bc4a121a2
BNCI2014-001,9,riemann_lr,channel_dropout,all_channels,2,0.2,7,22,4,0.5,0.9024970273483947,0.4672033804431248,0.4814666516611148,0.3.2,participant,,,,,,b86ad3d586a53a1c8327c50145dfc03932f2ea9b36901736375dcb1bc4a121a2
BNCI2014-001,9,riemann_lr,channel_dropout,all_channels,2,0.2,8,22,4,0.5344827586206896,0.8882282996432818,0.4059981492589086,0.43920988831658786,0.3.2,participant,,,,,,b86ad3d586a53a1c8327c50145dfc03932f2ea9b36901736375dcb1bc4a121a2
BNCI2014-001,9,riemann_lr,channel_dropout,all_channels,2,0.2,9,22,4,0.5689655172413793,0.8870392390011891,0.3541598265919114,0.3954314325333823,0.3.2,participant,,,,,,b86ad3d586a53a1c8327c50145dfc03932f2ea9b36901736375dcb1bc4a121a2
BNCI2014-001,9,riemann_lr,channel_dropout,all_channels,2,0.3,0,22,7,0.4827586206896552,0.7181926278240189,0.32380972151985754,0.33531935188090845,0.3.2,participant,,,,,,b86ad3d586a53a1c8327c50145dfc03932f2ea9b36901736375dcb1bc4a121a2
BNCI2014-001,9,riemann_lr,channel_dropout,all_channels,2,0.3,1,22,7,0.5172413793103449,0.8834720570749108,0.37467075005746675,0.4140211673465287,0.3.2,participant,,,,,,b86ad3d586a53a1c8327c50145dfc03932f2ea9b36901736375dcb1bc4a121a2
BNCI2014-001,9,riemann_lr,channel_dropout,all_channels,2,0.3,2,22,7,0.5,0.816884661117717,0.4996638304356339,0.49979766018287386,0.3.2,participant,,,,,,b86ad3d586a53a1c8327c50145dfc03932f2ea9b36901736375dcb1bc4a121a2
BNCI2014-001,9,riemann_lr,channel_dropout,all_channels,2,0.3,3,22,7,0.5,0.8608799048751486,0.4962904022222912,0.4978022569842053,0.3.2,participant,,,,,,b86ad3d586a53a1c8327c50145dfc03932f2ea9b36901736375dcb1bc4a121a2
BNCI2014-001,9,riemann_lr,channel_dropout,all_channels,2,0.3,4,22,7,0.5172413793103449,0.7693222354340071,0.3204900194049618,0.33446615734820934,0.3.2,participant,,,,,,b86ad3d586a53a1c8327c50145dfc03932f2ea9b36901736375dcb1bc4a121a2
BNCI2014-001,9,riemann_lr,channel_dropout,all_channels,2,0.3,5,22,7,0.5,0.7966706302021404,0.4541274692816137,0.4673152706393853,0.3.2,participant,,,,,,b86ad3d586a53a1c8327c50145dfc03932f2ea9b36901736375dcb1bc4a121a2
BNCI2014-001,9,riemann_lr,channel_dropout,all_channels,2,0.3,6,22,7,0.5,0.7098692033293699,0.39698604331180287,0.41211152265867046,0.3.2,participant,,,,,,b86ad3d586a53a1c8327c50145dfc03932f2ea9b36901736375dcb1bc4a121a2
BNCI2014-001,9,riemann_lr,channel_dropout,all_channels,2,0.3,7,22,7,0.6206896551724138,0.764565992865636,0.1963479623140655,0.14666456360505453,0.3.2,participant,,,,,,b86ad3d586a53a1c8327c50145dfc03932f2ea9b36901736375dcb1bc4a121a2
BNCI2014-001,9,riemann_lr,channel_dropout,all_channels,2,0.3,8,22,7,0.5,0.7348394768133175,0.48544955603517553,0.4890189659136565,0.3.2,participant,,,,,,b86ad3d586a53a1c8327c50145dfc03932f2ea9b36901736375dcb1bc4a121a2
BNCI2014-001,9,riemann_lr,channel_dropout,all_channels,2,0.3,9,22,7,0.5,0.8834720570749108,0.4631343955413188,0.47840606522337803,0.3.2,participant,,,,,,b86ad3d586a53a1c8327c50145dfc03932f2ea9b36901736375dcb1bc4a121a2
BNCI2014-001,9,riemann_lr,channel_dropout,all_channels,2,0.5,0,22,11,0.5344827586206896,0.7824019024970273,0.2389973011977726,0.1842779177773873,0.3.2,participant,,,,,,b86ad3d586a53a1c8327c50145dfc03932f2ea9b36901736375dcb1bc4a121a2
BNCI2014-001,9,riemann_lr,channel_dropout,all_channels,2,0.5,1,22,11,0.5,0.8287752675386444,0.32123837770249997,0.3379251363098621,0.3.2,participant,,,,,,b86ad3d586a53a1c8327c50145dfc03932f2ea9b36901736375dcb1bc4a121a2
BNCI2014-001,9,riemann_lr,channel_dropout,all_channels,2,0.5,2,22,11,0.5,0.8382877526753865,0.45496577451925524,0.4696962082809919,0.3.2,participant,,,,,,b86ad3d586a53a1c8327c50145dfc03932f2ea9b36901736375dcb1bc4a121a2
BNCI2014-001,9,riemann_lr,channel_dropout,all_channels,2,0.5,3,22,11,0.5,0.8204518430439953,0.4663407014735558,0.4763391823300852,0.3.2,participant,,,,,,b86ad3d586a53a1c8327c50145dfc03932f2ea9b36901736375dcb1bc4a121a2
BNCI2014-001,9,riemann_lr,channel_dropout,all_channels,2,0.5,4,22,11,0.5,0.7990487514863258,0.3375018719856366,0.3459680849838385,0.3.2,participant,,,,,,b86ad3d586a53a1c8327c50145dfc03932f2ea9b36901736375dcb1bc4a121a2
BNCI2014-001,9,riemann_lr,channel_dropout,all_channels,2,0.5,5,22,11,0.5,0.5862068965517242,0.4909530985171435,0.4914800554302952,0.3.2,participant,,,,,,b86ad3d586a53a1c8327c50145dfc03932f2ea9b36901736375dcb1bc4a121a2
BNCI2014-001,9,riemann_lr,channel_dropout,all_channels,2,0.5,6,22,11,0.5344827586206896,0.7158145065398335,0.3035733803808248,0.2830194457139804,0.3.2,participant,,,,,,b86ad3d586a53a1c8327c50145dfc03932f2ea9b36901736375dcb1bc4a121a2
BNCI2014-001,9,riemann_lr,channel_dropout,all_channels,2,0.5,7,22,11,0.5517241379310345,0.7609988109393578,0.2681109238847323,0.23824829900735456,0.3.2,participant,,,,,,b86ad3d586a53a1c8327c50145dfc03932f2ea9b36901736375dcb1bc4a121a2
BNCI2014-001,9,riemann_lr,channel_dropout,all_channels,2,0.5,8,22,11,0.6724137931034483,0.8478002378121284,0.2152971845362944,0.23245367041624415,0.3.2,participant,,,,,,b86ad3d586a53a1c8327c50145dfc03932f2ea9b36901736375dcb1bc4a121a2
BNCI2014-001,9,riemann_lr,channel_dropout,all_channels,2,0.5,9,22,11,0.5,0.9179548156956004,0.49655966380067595,0.4978797119243602,0.3.2,participant,,,,,,b86ad3d586a53a1c8327c50145dfc03932f2ea9b36901736375dcb1bc4a121a2
BNCI2014-001,9,riemann_lr,clean,all_channels,3,0.0,0,22,0,0.896551724137931,0.9334126040428061,0.09486232690005786,0.10741574870944007,0.3.2,participant,,,,,,b86ad3d586a53a1c8327c50145dfc03932f2ea9b36901736375dcb1bc4a121a2
BNCI2014-001,9,riemann_lr,channel_dropout,all_channels,3,0.1,0,22,2,0.5,0.9357907253269916,0.4426633189910305,0.46402941953714644,0.3.2,participant,,,,,,b86ad3d586a53a1c8327c50145dfc03932f2ea9b36901736375dcb1bc4a121a2
BNCI2014-001,9,riemann_lr,channel_dropout,all_channels,3,0.1,1,22,2,0.8793103448275863,0.9357907253269917,0.09905981165087659,0.11982574458531037,0.3.2,participant,,,,,,b86ad3d586a53a1c8327c50145dfc03932f2ea9b36901736375dcb1bc4a121a2
BNCI2014-001,9,riemann_lr,channel_dropout,all_channels,3,0.1,2,22,2,0.7931034482758621,0.9036860879904876,0.12711549093461855,0.1335270399180362,0.3.2,participant,,,,,,b86ad3d586a53a1c8327c50145dfc03932f2ea9b36901736375dcb1bc4a121a2
BNCI2014-001,9,riemann_lr,channel_dropout,all_channels,3,0.1,3,22,2,0.5,0.9357907253269916,0.4426633189910305,0.46402941953714644,0.3.2,participant,,,,,,b86ad3d586a53a1c8327c50145dfc03932f2ea9b36901736375dcb1bc4a121a2
BNCI2014-001,9,riemann_lr,channel_dropout,all_channels,3,0.1,4,22,2,0.8620689655172413,0.9239001189060643,0.10406390515100113,0.10753322423185735,0.3.2,participant,,,,,,b86ad3d586a53a1c8327c50145dfc03932f2ea9b36901736375dcb1bc4a121a2
BNCI2014-001,9,riemann_lr,channel_dropout,all_channels,3,0.1,5,22,2,0.6551724137931034,0.9322235434007135,0.22884967071829443,0.28451126809427074,0.3.2,participant,,,,,,b86ad3d586a53a1c8327c50145dfc03932f2ea9b36901736375dcb1bc4a121a2
BNCI2014-001,9,riemann_lr,channel_dropout,all_channels,3,0.1,6,22,2,0.5344827586206896,0.9298454221165279,0.3481871781942867,0.3906624164451796,0.3.2,participant,,,,,,b86ad3d586a53a1c8327c50145dfc03932f2ea9b36901736375dcb1bc4a121a2
BNCI2014-001,9,riemann_lr,channel_dropout,all_channels,3,0.1,7,22,2,0.7413793103448276,0.9334126040428062,0.1748201717507224,0.21237772787676157,0.3.2,participant,,,,,,b86ad3d586a53a1c8327c50145dfc03932f2ea9b36901736375dcb1bc4a121a2
BNCI2014-001,9,riemann_lr,channel_dropout,all_channels,3,0.1,8,22,2,0.8275862068965517,0.9048751486325801,0.13067718109800444,0.13753932469543534,0.3.2,participant,,,,,,b86ad3d586a53a1c8327c50145dfc03932f2ea9b36901736375dcb1bc4a121a2
BNCI2014-001,9,riemann_lr,channel_dropout,all_channels,3,0.1,9,22,2,0.5344827586206896,0.9036860879904876,0.30035938194111195,0.3483947879833537,0.3.2,participant,,,,,,b86ad3d586a53a1c8327c50145dfc03932f2ea9b36901736375dcb1bc4a121a2
BNCI2014-001,9,riemann_lr,channel_dropout,all_channels,3,0.2,0,22,4,0.5,0.8894173602853745,0.38365632576803843,0.41472190401303133,0.3.2,participant,,,,,,b86ad3d586a53a1c8327c50145dfc03932f2ea9b36901736375dcb1bc4a121a2
BNCI2014-001,9,riemann_lr,channel_dropout,all_channels,3,0.2,1,22,4,0.5,0.8763376932223543,0.4878490668629591,0.49253174719889514,0.3.2,participant,,,,,,b86ad3d586a53a1c8327c50145dfc03932f2ea9b36901736375dcb1bc4a121a2
BNCI2014-001,9,riemann_lr,channel_dropout,all_channels,3,0.2,2,22,4,0.5,0.6967895362663495,0.35554845391581696,0.3615270301182118,0.3.2,participant,,,,,,b86ad3d586a53a1c8327c50145dfc03932f2ea9b36901736375dcb1bc4a121a2
BNCI2014-001,9,riemann_lr,channel_dropout,all_channels,3,0.2,3,22,4,0.5,0.8145065398335315,0.4441178214640433,0.4589525075698119,0.3.2,participant,,,,,,b86ad3d586a53a1c8327c50145dfc03932f2ea9b36901736375dcb1bc4a121a2
BNCI2014-001,9,riemann_lr,channel_dropout,all_channels,3,0.2,4,22,4,0.5,0.9239001189060642,0.4981497868199889,0.49890095061725126,0.3.2,participant,,,,,,b86ad3d586a53a1c8327c50145dfc03932f2ea9b36901736375dcb1bc4a121a2
BNCI2014-001,9,riemann_lr,channel_dropout,all_channels,3,0.2,5,22,4,0.5,0.8941736028537456,0.41212115781402936,0.4405500536795997,0.3.2,participant,,,,,,b86ad3d586a53a1c8327c50145dfc03932f2ea9b36901736375dcb1bc4a121a2
BNCI2014-001,9,riemann_lr,channel_dropout,all_channels,3,0.2,6,22,4,0.5,0.8775267538644471,0.42750175929976,0.4507335052269148,0.3.2,participant,,,,,,b86ad3d586a53a1c8327c50145dfc03932f2ea9b36901736375dcb1bc4a121a2
BNCI2014-001,9,riemann_lr,channel_dropout,all_channels,3,0.2,7,22,4,0.5,0.9024970273483948,0.4853378490805432,0.4902948474659381,0.3.2,participant,,,,,,b86ad3d586a53a1c8327c50145dfc03932f2ea9b36901736375dcb1bc4a121a2
BNCI2014-001,9,riemann_lr,channel_dropout,all_channels,3,0.2,8,22,4,0.6379310344827587,0.8501783590963139,0.25004232225785616,0.27841147590889215,0.3.2,participant,,,,,,b86ad3d586a53a1c8327c50145dfc03932f2ea9b36901736375dcb1bc4a121a2
BNCI2014-001,9,riemann_lr,channel_dropout,all_channels,3,0.2,9,22,4,0.5,0.8977407847800237,0.37561113152467773,0.4123357007228976,0.3.2,participant,,,,,,b86ad3d586a53a1c8327c50145dfc03932f2ea9b36901736375dcb1bc4a121a2
BNCI2014-001,9,riemann_lr,channel_dropout,all_channels,3,0.3,0,22,7,0.5172413793103449,0.8014268727705113,0.3073128181277545,0.30629587258428764,0.3.2,participant,,,,,,b86ad3d586a53a1c8327c50145dfc03932f2ea9b36901736375dcb1bc4a121a2
BNCI2014-001,9,riemann_lr,channel_dropout,all_channels,3,0.3,1,22,7,0.5,0.8751486325802615,0.49777534041439553,0.49847899512484184,0.3.2,participant,,,,,,b86ad3d586a53a1c8327c50145dfc03932f2ea9b36901736375dcb1bc4a121a2
BNCI2014-001,9,riemann_lr,channel_dropout,all_channels,3,0.3,2,22,7,0.5,0.8501783590963139,0.4996037105384648,0.49972173493825667,0.3.2,participant,,,,,,b86ad3d586a53a1c8327c50145dfc03932f2ea9b36901736375dcb1bc4a121a2
BNCI2014-001,9,riemann_lr,channel_dropout,all_channels,3,0.3,3,22,7,0.5,0.8799048751486326,0.4916168766970374,0.49478776647168055,0.3.2,participant,,,,,,b86ad3d586a53a1c8327c50145dfc03932f2ea9b36901736375dcb1bc4a121a2
BNCI2014-001,9,riemann_lr,channel_dropout,all_channels,3,0.3,4,22,7,0.5,0.8846611177170036,0.3911761492026451,0.4221630608730058,0.3.2,participant,,,,,,b86ad3d586a53a1c8327c50145dfc03932f2ea9b36901736375dcb1bc4a121a2
BNCI2014-001,9,riemann_lr,channel_dropout,all_channels,3,0.3,5,22,7,0.7068965517241379,0.7598097502972652,0.2090093679717544,0.16459519371351944,0.3.2,participant,,,,,,b86ad3d586a53a1c8327c50145dfc03932f2ea9b36901736375dcb1bc4a121a2
BNCI2014-001,9,riemann_lr,channel_dropout,all_channels,3,0.3,6,22,7,0.8275862068965517,0.8489892984542212,0.17706716735573605,0.1973727080584252,0.3.2,participant,,,,,,b86ad3d586a53a1c8327c50145dfc03932f2ea9b36901736375dcb1bc4a121a2
BNCI2014-001,9,riemann_lr,channel_dropout,all_channels,3,0.3,7,22,7,0.5,0.8442330558858502,0.49388516533116955,0.4957862035795096,0.3.2,participant,,,,,,b86ad3d586a53a1c8327c50145dfc03932f2ea9b36901736375dcb1bc4a121a2
BNCI2014-001,9,riemann_lr,channel_dropout,all_channels,3,0.3,8,22,7,0.603448275862069,0.8026159334126041,0.23153396288013456,0.2082995192912181,0.3.2,participant,,,,,,b86ad3d586a53a1c8327c50145dfc03932f2ea9b36901736375dcb1bc4a121a2
BNCI2014-001,9,riemann_lr,channel_dropout,all_channels,3,0.3,9,22,7,0.5,0.9001189060642093,0.4999345491709402,0.4999590836803912,0.3.2,participant,,,,,,b86ad3d586a53a1c8327c50145dfc03932f2ea9b36901736375dcb1bc4a121a2
BNCI2014-001,9,riemann_lr,channel_dropout,all_channels,3,0.5,0,22,11,0.5,0.7193816884661117,0.49998436617493586,0.4999875343774912,0.3.2,participant,,,,,,b86ad3d586a53a1c8327c50145dfc03932f2ea9b36901736375dcb1bc4a121a2
BNCI2014-001,9,riemann_lr,channel_dropout,all_channels,3,0.5,1,22,11,0.5,0.7824019024970273,0.4837879070844233,0.48747319427380476,0.3.2,participant,,,,,,b86ad3d586a53a1c8327c50145dfc03932f2ea9b36901736375dcb1bc4a121a2
BNCI2014-001,9,riemann_lr,channel_dropout,all_channels,3,0.5,2,22,11,0.5517241379310345,0.7728894173602854,0.27651382453365836,0.27886219234146326,0.3.2,participant,,,,,,b86ad3d586a53a1c8327c50145dfc03932f2ea9b36901736375dcb1bc4a121a2
BNCI2014-001,9,riemann_lr,channel_dropout,all_channels,3,0.5,3,22,11,0.5,0.8061831153388822,0.38025672333208527,0.39973563567546205,0.3.2,participant,,,,,,b86ad3d586a53a1c8327c50145dfc03932f2ea9b36901736375dcb1bc4a121a2
BNCI2014-001,9,riemann_lr,channel_dropout,all_channels,3,0.5,4,22,11,0.5,0.8180737217598097,0.4500480839510495,0.4623408326033495,0.3.2,participant,,,,,,b86ad3d586a53a1c8327c50145dfc03932f2ea9b36901736375dcb1bc4a121a2
BNCI2014-001,9,riemann_lr,channel_dropout,all_channels,3,0.5,5,22,11,0.5,0.7717003567181926,0.32340721776003134,0.3264783342880597,0.3.2,participant,,,,,,b86ad3d586a53a1c8327c50145dfc03932f2ea9b36901736375dcb1bc4a121a2
BNCI2014-001,9,riemann_lr,channel_dropout,all_channels,3,0.5,6,22,11,0.5,0.8656361474435196,0.39537447768800765,0.4166724079649008,0.3.2,participant,,,,,,b86ad3d586a53a1c8327c50145dfc03932f2ea9b36901736375dcb1bc4a121a2
BNCI2014-001,9,riemann_lr,channel_dropout,all_channels,3,0.5,7,22,11,0.5,0.6956004756242568,0.4968521839108561,0.4974077760942909,0.3.2,participant,,,,,,b86ad3d586a53a1c8327c50145dfc03932f2ea9b36901736375dcb1bc4a121a2
BNCI2014-001,9,riemann_lr,channel_dropout,all_channels,3,0.5,8,22,11,0.6206896551724138,0.9215219976218786,0.2034916286184116,0.28337556028832794,0.3.2,participant,,,,,,b86ad3d586a53a1c8327c50145dfc03932f2ea9b36901736375dcb1bc4a121a2
BNCI2014-001,9,riemann_lr,channel_dropout,all_channels,3,0.5,9,22,11,0.5,0.8299643281807373,0.49385078650108977,0.495447559911499,0.3.2,participant,,,,,,b86ad3d586a53a1c8327c50145dfc03932f2ea9b36901736375dcb1bc4a121a2
BNCI2014-001,9,riemann_lr,clean,all_channels,4,0.0,0,22,0,0.8411330049261083,0.9421182266009852,0.10123747879447084,0.10248001340250772,0.3.2,participant,,,,,,b86ad3d586a53a1c8327c50145dfc03932f2ea9b36901736375dcb1bc4a121a2
BNCI2014-001,9,riemann_lr,channel_dropout,all_channels,4,0.1,0,22,2,0.5357142857142857,0.938423645320197,0.36156070708592447,0.40450740815385566,0.3.2,participant,,,,,,b86ad3d586a53a1c8327c50145dfc03932f2ea9b36901736375dcb1bc4a121a2
BNCI2014-001,9,riemann_lr,channel_dropout,all_channels,4,0.1,1,22,2,0.8238916256157636,0.9322660098522167,0.11201238694571206,0.11440311552955303,0.3.2,participant,,,,,,b86ad3d586a53a1c8327c50145dfc03932f2ea9b36901736375dcb1bc4a121a2
BNCI2014-001,9,riemann_lr,channel_dropout,all_channels,4,0.1,2,22,2,0.8238916256157636,0.9334975369458127,0.11418375129350529,0.1577741457092397,0.3.2,participant,,,,,,b86ad3d586a53a1c8327c50145dfc03932f2ea9b36901736375dcb1bc4a121a2
BNCI2014-001,9,riemann_lr,channel_dropout,all_channels,4,0.1,3,22,2,0.6071428571428571,0.9384236453201971,0.3120679656306102,0.3616072937761292,0.3.2,participant,,,,,,b86ad3d586a53a1c8327c50145dfc03932f2ea9b36901736375dcb1bc4a121a2
BNCI2014-001,9,riemann_lr,channel_dropout,all_channels,4,0.1,4,22,2,0.8589901477832512,0.9421182266009852,0.09895341480013822,0.09423678541833244,0.3.2,participant,,,,,,b86ad3d586a53a1c8327c50145dfc03932f2ea9b36901736375dcb1bc4a121a2
BNCI2014-001,9,riemann_lr,channel_dropout,all_channels,4,0.1,5,22,2,0.5,0.7844827586206897,0.5038664967838556,0.5054605278640241,0.3.2,participant,,,,,,b86ad3d586a53a1c8327c50145dfc03932f2ea9b36901736375dcb1bc4a121a2
BNCI2014-001,9,riemann_lr,channel_dropout,all_channels,4,0.1,6,22,2,0.5892857142857143,0.9298029556650247,0.3525276148187778,0.3967175082835044,0.3.2,participant,,,,,,b86ad3d586a53a1c8327c50145dfc03932f2ea9b36901736375dcb1bc4a121a2
BNCI2014-001,9,riemann_lr,channel_dropout,all_channels,4,0.1,7,22,2,0.5,0.9002463054187192,0.4766701517984352,0.4827949263835505,0.3.2,participant,,,,,,b86ad3d586a53a1c8327c50145dfc03932f2ea9b36901736375dcb1bc4a121a2
BNCI2014-001,9,riemann_lr,channel_dropout,all_channels,4,0.1,8,22,2,0.5892857142857143,0.9298029556650246,0.3414826594353987,0.3852869592080555,0.3.2,participant,,,,,,b86ad3d586a53a1c8327c50145dfc03932f2ea9b36901736375dcb1bc4a121a2
BNCI2014-001,9,riemann_lr,channel_dropout,all_channels,4,0.1,9,22,2,0.7167487684729064,0.8472906403940887,0.17718940243347647,0.1470712092305585,0.3.2,participant,,,,,,b86ad3d586a53a1c8327c50145dfc03932f2ea9b36901736375dcb1bc4a121a2
BNCI2014-001,9,riemann_lr,channel_dropout,all_channels,4,0.2,0,22,4,0.5,0.8620689655172414,0.48549552667794527,0.4878553983344287,0.3.2,participant,,,,,,b86ad3d586a53a1c8327c50145dfc03932f2ea9b36901736375dcb1bc4a121a2
BNCI2014-001,9,riemann_lr,channel_dropout,all_channels,4,0.2,1,22,4,0.7149014778325123,0.9347290640394089,0.1805412777509188,0.22813453726963528,0.3.2,participant,,,,,,b86ad3d586a53a1c8327c50145dfc03932f2ea9b36901736375dcb1bc4a121a2
BNCI2014-001,9,riemann_lr,channel_dropout,all_channels,4,0.2,2,22,4,0.5,0.8608374384236454,0.37374905222786653,0.4016779547296877,0.3.2,participant,,,,,,b86ad3d586a53a1c8327c50145dfc03932f2ea9b36901736375dcb1bc4a121a2
BNCI2014-001,9,riemann_lr,channel_dropout,all_channels,4,0.2,3,22,4,0.5,0.7857142857142858,0.43909128226505817,0.4578731923905924,0.3.2,participant,,,,,,b86ad3d586a53a1c8327c50145dfc03932f2ea9b36901736375dcb1bc4a121a2
BNCI2014-001,9,riemann_lr,channel_dropout,all_channels,4,0.2,4,22,4,0.5,0.9298029556650246,0.48281678814692414,0.48663461064401914,0.3.2,participant,,,,,,b86ad3d586a53a1c8327c50145dfc03932f2ea9b36901736375dcb1bc4a121a2
BNCI2014-001,9,riemann_lr,channel_dropout,all_channels,4,0.2,5,22,4,0.6428571428571428,0.9408866995073892,0.28154201625049674,0.3281148607059342,0.3.2,participant,,,,,,b86ad3d586a53a1c8327c50145dfc03932f2ea9b36901736375dcb1bc4a121a2
BNCI2014-001,9,riemann_lr,channel_dropout,all_channels,4,0.2,6,22,4,0.5,0.8682266009852216,0.4813809142137718,0.4854162571575361,0.3.2,participant,,,,,,b86ad3d586a53a1c8327c50145dfc03932f2ea9b36901736375dcb1bc4a121a2
BNCI2014-001,9,riemann_lr,channel_dropout,all_channels,4,0.2,7,22,4,0.5,0.7093596059113301,0.5074337675408847,0.5077604573179416,0.3.2,participant,,,,,,b86ad3d586a53a1c8327c50145dfc03932f2ea9b36901736375dcb1bc4a121a2
BNCI2014-001,9,riemann_lr,channel_dropout,all_channels,4,0.2,8,22,4,0.5,0.9322660098522167,0.4854680711114466,0.4881351948538142,0.3.2,participant,,,,,,b86ad3d586a53a1c8327c50145dfc03932f2ea9b36901736375dcb1bc4a121a2
BNCI2014-001,9,riemann_lr,channel_dropout,all_channels,4,0.2,9,22,4,0.625615763546798,0.8596059113300492,0.25448233967768075,0.2763961418783851,0.3.2,participant,,,,,,b86ad3d586a53a1c8327c50145dfc03932f2ea9b36901736375dcb1bc4a121a2
BNCI2014-001,9,riemann_lr,channel_dropout,all_channels,4,0.3,0,22,7,0.5,0.9458128078817734,0.4724722389986857,0.4809507552636324,0.3.2,participant,,,,,,b86ad3d586a53a1c8327c50145dfc03932f2ea9b36901736375dcb1bc4a121a2
BNCI2014-001,9,riemann_lr,channel_dropout,all_channels,4,0.3,1,22,7,0.5,0.9088669950738916,0.37796738685646064,0.41179639606600327,0.3.2,participant,,,,,,b86ad3d586a53a1c8327c50145dfc03932f2ea9b36901736375dcb1bc4a121a2
BNCI2014-001,9,riemann_lr,channel_dropout,all_channels,4,0.3,2,22,7,0.5,0.8608374384236454,0.4358287733480215,0.45419090607530865,0.3.2,participant,,,,,,b86ad3d586a53a1c8327c50145dfc03932f2ea9b36901736375dcb1bc4a121a2
BNCI2014-001,9,riemann_lr,channel_dropout,all_channels,4,0.3,3,22,7,0.5,0.8780788177339901,0.48368461966054765,0.4868611817553413,0.3.2,participant,,,,,,b86ad3d586a53a1c8327c50145dfc03932f2ea9b36901736375dcb1bc4a121a2
BNCI2014-001,9,riemann_lr,channel_dropout,all_channels,4,0.3,4,22,7,0.5591133004926109,0.5972906403940887,0.25598086260729735,0.10412939978420929,0.3.2,participant,,,,,,b86ad3d586a53a1c8327c50145dfc03932f2ea9b36901736375dcb1bc4a121a2
BNCI2014-001,9,riemann_lr,channel_dropout,all_channels,4,0.3,5,22,7,0.5,0.8275862068965518,0.49398754630952996,0.49889067791405733,0.3.2,participant,,,,,,b86ad3d586a53a1c8327c50145dfc03932f2ea9b36901736375dcb1bc4a121a2
BNCI2014-001,9,riemann_lr,channel_dropout,all_channels,4,0.3,6,22,7,0.5,0.8238916256157636,0.4896810525033307,0.49452476007382995,0.3.2,participant,,,,,,b86ad3d586a53a1c8327c50145dfc03932f2ea9b36901736375dcb1bc4a121a2
BNCI2014-001,9,riemann_lr,channel_dropout,all_channels,4,0.3,7,22,7,0.6785714285714286,0.8362068965517242,0.21968888528622335,0.21346849783303495,0.3.2,participant,,,,,,b86ad3d586a53a1c8327c50145dfc03932f2ea9b36901736375dcb1bc4a121a2
BNCI2014-001,9,riemann_lr,channel_dropout,all_channels,4,0.3,8,22,7,0.5,0.9076354679802956,0.41093526653590556,0.4379267112036735,0.3.2,participant,,,,,,b86ad3d586a53a1c8327c50145dfc03932f2ea9b36901736375dcb1bc4a121a2
BNCI2014-001,9,riemann_lr,channel_dropout,all_channels,4,0.3,9,22,7,0.7161330049261083,0.8029556650246306,0.1906704980503502,0.10093959520322203,0.3.2,participant,,,,,,b86ad3d586a53a1c8327c50145dfc03932f2ea9b36901736375dcb1bc4a121a2
BNCI2014-001,9,riemann_lr,channel_dropout,all_channels,4,0.5,0,22,11,0.5,0.894088669950739,0.3207406840556423,0.3570787491527654,0.3.2,participant,,,,,,b86ad3d586a53a1c8327c50145dfc03932f2ea9b36901736375dcb1bc4a121a2
BNCI2014-001,9,riemann_lr,channel_dropout,all_channels,4,0.5,1,22,11,0.5,0.39162561576354676,0.4230566298393216,0.4009167763956442,0.3.2,participant,,,,,,b86ad3d586a53a1c8327c50145dfc03932f2ea9b36901736375dcb1bc4a121a2
BNCI2014-001,9,riemann_lr,channel_dropout,all_channels,4,0.5,2,22,11,0.48214285714285715,0.5652709359605911,0.28019180757935397,0.21462218506867498,0.3.2,participant,,,,,,b86ad3d586a53a1c8327c50145dfc03932f2ea9b36901736375dcb1bc4a121a2
BNCI2014-001,9,riemann_lr,channel_dropout,all_channels,4,0.5,3,22,11,0.5960591133004927,0.7142857142857143,0.219253709415693,0.17774776828652136,0.3.2,participant,,,,,,b86ad3d586a53a1c8327c50145dfc03932f2ea9b36901736375dcb1bc4a121a2
BNCI2014-001,9,riemann_lr,channel_dropout,all_channels,4,0.5,4,22,11,0.625615763546798,0.8596059113300493,0.2302531616176431,0.24243804571129132,0.3.2,participant,,,,,,b86ad3d586a53a1c8327c50145dfc03932f2ea9b36901736375dcb1bc4a121a2
BNCI2014-001,9,riemann_lr,channel_dropout,all_channels,4,0.5,5,22,11,0.5,0.8842364532019704,0.48521839021249225,0.4872386049060726,0.3.2,participant,,,,,,b86ad3d586a53a1c8327c50145dfc03932f2ea9b36901736375dcb1bc4a121a2
BNCI2014-001,9,riemann_lr,channel_dropout,all_channels,4,0.5,6,22,11,0.5,0.6551724137931034,0.4071244185782316,0.4102353378399828,0.3.2,participant,,,,,,b86ad3d586a53a1c8327c50145dfc03932f2ea9b36901736375dcb1bc4a121a2
BNCI2014-001,9,riemann_lr,channel_dropout,all_channels,4,0.5,7,22,11,0.7389162561576355,0.8152709359605911,0.20102037479512314,0.17588423196297936,0.3.2,participant,,,,,,b86ad3d586a53a1c8327c50145dfc03932f2ea9b36901736375dcb1bc4a121a2
BNCI2014-001,9,riemann_lr,channel_dropout,all_channels,4,0.5,8,22,11,0.5,0.6761083743842364,0.47645041110445047,0.478642793445201,0.3.2,participant,,,,,,b86ad3d586a53a1c8327c50145dfc03932f2ea9b36901736375dcb1bc4a121a2
BNCI2014-001,9,riemann_lr,channel_dropout,all_channels,4,0.5,9,22,11,0.5,0.7795566502463055,0.49873059469162095,0.5007120508721564,0.3.2,participant,,,,,,b86ad3d586a53a1c8327c50145dfc03932f2ea9b36901736375dcb1bc4a121a2
BNCI2014-001,9,riemann_lr,clean,all_channels,5,0.0,0,22,0,0.895320197044335,0.9150246305418719,0.09600727950261939,0.10678056516929146,0.3.2,participant,,,,,,b86ad3d586a53a1c8327c50145dfc03932f2ea9b36901736375dcb1bc4a121a2
BNCI2014-001,9,riemann_lr,channel_dropout,all_channels,5,0.1,0,22,2,0.5892857142857143,0.8509852216748768,0.26664993592606057,0.29413234736061533,0.3.2,participant,,,,,,b86ad3d586a53a1c8327c50145dfc03932f2ea9b36901736375dcb1bc4a121a2
BNCI2014-001,9,riemann_lr,channel_dropout,all_channels,5,0.1,1,22,2,0.5,0.8928571428571429,0.407431081809258,0.44100754388387,0.3.2,participant,,,,,,b86ad3d586a53a1c8327c50145dfc03932f2ea9b36901736375dcb1bc4a121a2
BNCI2014-001,9,riemann_lr,channel_dropout,all_channels,5,0.1,2,22,2,0.8269704433497538,0.916256157635468,0.1457876739981222,0.205756277685578,0.3.2,participant,,,,,,b86ad3d586a53a1c8327c50145dfc03932f2ea9b36901736375dcb1bc4a121a2
BNCI2014-001,9,riemann_lr,channel_dropout,all_channels,5,0.1,3,22,2,0.7235221674876847,0.9224137931034484,0.19946391694070015,0.26371733386793267,0.3.2,participant,,,,,,b86ad3d586a53a1c8327c50145dfc03932f2ea9b36901736375dcb1bc4a121a2
BNCI2014-001,9,riemann_lr,channel_dropout,all_channels,5,0.1,4,22,2,0.7062807881773399,0.9187192118226601,0.1950737372409732,0.23267644305036028,0.3.2,participant,,,,,,b86ad3d586a53a1c8327c50145dfc03932f2ea9b36901736375dcb1bc4a121a2
BNCI2014-001,9,riemann_lr,channel_dropout,all_channels,5,0.1,5,22,2,0.5,0.9064039408866995,0.4797239862318566,0.4921841570948498,0.3.2,participant,,,,,,b86ad3d586a53a1c8327c50145dfc03932f2ea9b36901736375dcb1bc4a121a2
BNCI2014-001,9,riemann_lr,channel_dropout,all_channels,5,0.1,6,22,2,0.5,0.896551724137931,0.4376972316324309,0.4640384595760105,0.3.2,participant,,,,,,b86ad3d586a53a1c8327c50145dfc03932f2ea9b36901736375dcb1bc4a121a2
BNCI2014-001,9,riemann_lr,channel_dropout,all_channels,5,0.1,7,22,2,0.7752463054187192,0.9088669950738917,0.16729858169007655,0.21128859551444254,0.3.2,participant,,,,,,b86ad3d586a53a1c8327c50145dfc03932f2ea9b36901736375dcb1bc4a121a2
BNCI2014-001,9,riemann_lr,channel_dropout,all_channels,5,0.1,8,22,2,0.5,0.8842364532019704,0.4075020682937767,0.4335192368351228,0.3.2,participant,,,,,,b86ad3d586a53a1c8327c50145dfc03932f2ea9b36901736375dcb1bc4a121a2
BNCI2014-001,9,riemann_lr,channel_dropout,all_channels,5,0.1,9,22,2,0.6545566502463054,0.8879310344827586,0.21375549455807955,0.2391415065590327,0.3.2,participant,,,,,,b86ad3d586a53a1c8327c50145dfc03932f2ea9b36901736375dcb1bc4a121a2
BNCI2014-001,9,riemann_lr,channel_dropout,all_channels,5,0.2,0,22,4,0.5,0.9199507389162562,0.4280862129916327,0.45525855116386393,0.3.2,participant,,,,,,b86ad3d586a53a1c8327c50145dfc03932f2ea9b36901736375dcb1bc4a121a2
BNCI2014-001,9,riemann_lr,channel_dropout,all_channels,5,0.2,1,22,4,0.8442118226600985,0.916256157635468,0.15218194796048454,0.18021373130573642,0.3.2,participant,,,,,,b86ad3d586a53a1c8327c50145dfc03932f2ea9b36901736375dcb1bc4a121a2
BNCI2014-001,9,riemann_lr,channel_dropout,all_channels,5,0.2,2,22,4,0.6514778325123153,0.7155172413793104,0.22345697842391735,0.10312860634603555,0.3.2,participant,,,,,,b86ad3d586a53a1c8327c50145dfc03932f2ea9b36901736375dcb1bc4a121a2
BNCI2014-001,9,riemann_lr,channel_dropout,all_channels,5,0.2,3,22,4,0.7167487684729064,0.8325123152709359,0.1792078285389691,0.1704098602393589,0.3.2,participant,,,,,,b86ad3d586a53a1c8327c50145dfc03932f2ea9b36901736375dcb1bc4a121a2
BNCI2014-001,9,riemann_lr,channel_dropout,all_channels,5,0.2,4,22,4,0.5855911330049262,0.91871921182266,0.2790327915357593,0.33595874003724047,0.3.2,participant,,,,,,b86ad3d586a53a1c8327c50145dfc03932f2ea9b36901736375dcb1bc4a121a2
BNCI2014-001,9,riemann_lr,channel_dropout,all_channels,5,0.2,5,22,4,0.5,0.9064039408866994,0.4768143973282899,0.4897155969684939,0.3.2,participant,,,,,,b86ad3d586a53a1c8327c50145dfc03932f2ea9b36901736375dcb1bc4a121a2
BNCI2014-001,9,riemann_lr,channel_dropout,all_channels,5,0.2,6,22,4,0.5178571428571429,0.8719211822660099,0.32859195577656597,0.3653977418057231,0.3.2,participant,,,,,,b86ad3d586a53a1c8327c50145dfc03932f2ea9b36901736375dcb1bc4a121a2
BNCI2014-001,9,riemann_lr,channel_dropout,all_channels,5,0.2,7,22,4,0.5344827586206896,0.9211822660098522,0.4051208310962177,0.44876453883015394,0.3.2,participant,,,,,,b86ad3d586a53a1c8327c50145dfc03932f2ea9b36901736375dcb1bc4a121a2
BNCI2014-001,9,riemann_lr,channel_dropout,all_channels,5,0.2,8,22,4,0.5,0.8620689655172414,0.4735461947570395,0.48039756933243416,0.3.2,participant,,,,,,b86ad3d586a53a1c8327c50145dfc03932f2ea9b36901736375dcb1bc4a121a2
BNCI2014-001,9,riemann_lr,channel_dropout,all_channels,5,0.2,9,22,4,0.5,0.8854679802955666,0.5084739377179109,0.5085877921469101,0.3.2,participant,,,,,,b86ad3d586a53a1c8327c50145dfc03932f2ea9b36901736375dcb1bc4a121a2
BNCI2014-001,9,riemann_lr,channel_dropout,all_channels,5,0.3,0,22,7,0.5905172413793103,0.6711822660098522,0.25547224675920727,0.1834648765324132,0.3.2,participant,,,,,,b86ad3d586a53a1c8327c50145dfc03932f2ea9b36901736375dcb1bc4a121a2
BNCI2014-001,9,riemann_lr,channel_dropout,all_channels,5,0.3,1,22,7,0.5,0.8275862068965517,0.4508249777109528,0.4678162702255268,0.3.2,participant,,,,,,b86ad3d586a53a1c8327c50145dfc03932f2ea9b36901736375dcb1bc4a121a2
BNCI2014-001,9,riemann_lr,channel_dropout,all_channels,5,0.3,2,22,7,0.5,0.8189655172413793,0.3917083386643035,0.41760756756737666,0.3.2,participant,,,,,,b86ad3d586a53a1c8327c50145dfc03932f2ea9b36901736375dcb1bc4a121a2
BNCI2014-001,9,riemann_lr,channel_dropout,all_channels,5,0.3,3,22,7,0.5,0.8362068965517242,0.3682033222261889,0.3972564983768711,0.3.2,participant,,,,,,b86ad3d586a53a1c8327c50145dfc03932f2ea9b36901736375dcb1bc4a121a2
BNCI2014-001,9,riemann_lr,channel_dropout,all_channels,5,0.3,4,22,7,0.5,0.7881773399014779,0.46311238795953913,0.4701057763464336,0.3.2,participant,,,,,,b86ad3d586a53a1c8327c50145dfc03932f2ea9b36901736375dcb1bc4a121a2
BNCI2014-001,9,riemann_lr,channel_dropout,all_channels,5,0.3,5,22,7,0.5,0.8201970443349754,0.47695583679421155,0.4813417205837316,0.3.2,participant,,,,,,b86ad3d586a53a1c8327c50145dfc03932f2ea9b36901736375dcb1bc4a121a2
BNCI2014-001,9,riemann_lr,channel_dropout,all_channels,5,0.3,6,22,7,0.5,0.8140394088669949,0.36219641164344824,0.38800380900006254,0.3.2,participant,,,,,,b86ad3d586a53a1c8327c50145dfc03932f2ea9b36901736375dcb1bc4a121a2
BNCI2014-001,9,riemann_lr,channel_dropout,all_channels,5,0.3,7,22,7,0.5,0.8903940886699507,0.36559330444201155,0.4132813964508334,0.3.2,participant,,,,,,b86ad3d586a53a1c8327c50145dfc03932f2ea9b36901736375dcb1bc4a121a2
BNCI2014-001,9,riemann_lr,channel_dropout,all_channels,5,0.3,8,22,7,0.5,0.9137931034482759,0.48065397963024703,0.4913640957994986,0.3.2,participant,,,,,,b86ad3d586a53a1c8327c50145dfc03932f2ea9b36901736375dcb1bc4a121a2
BNCI2014-001,9,riemann_lr,channel_dropout,all_channels,5,0.3,9,22,7,0.6804187192118227,0.7278325123152709,0.22695459439429022,0.1677684212312462,0.3.2,participant,,,,,,b86ad3d586a53a1c8327c50145dfc03932f2ea9b36901736375dcb1bc4a121a2
BNCI2014-001,9,riemann_lr,channel_dropout,all_channels,5,0.5,0,22,11,0.5,0.8238916256157637,0.4648843976557069,0.4728874078269522,0.3.2,participant,,,,,,b86ad3d586a53a1c8327c50145dfc03932f2ea9b36901736375dcb1bc4a121a2
BNCI2014-001,9,riemann_lr,channel_dropout,all_channels,5,0.5,1,22,11,0.7370689655172413,0.7401477832512315,0.2051456102303949,0.13815955230575133,0.3.2,participant,,,,,,b86ad3d586a53a1c8327c50145dfc03932f2ea9b36901736375dcb1bc4a121a2
BNCI2014-001,9,riemann_lr,channel_dropout,all_channels,5,0.5,2,22,11,0.791256157635468,0.8201970443349753,0.18572650715290323,0.16714585552505706,0.3.2,participant,,,,,,b86ad3d586a53a1c8327c50145dfc03932f2ea9b36901736375dcb1bc4a121a2
BNCI2014-001,9,riemann_lr,channel_dropout,all_channels,5,0.5,3,22,11,0.5,0.7647783251231528,0.33770377117437295,0.351078007576193,0.3.2,participant,,,,,,b86ad3d586a53a1c8327c50145dfc03932f2ea9b36901736375dcb1bc4a121a2
BNCI2014-001,9,riemann_lr,channel_dropout,all_channels,5,0.5,4,22,11,0.5,0.8029556650246306,0.42941430150566673,0.44284854692284925,0.3.2,participant,,,,,,b86ad3d586a53a1c8327c50145dfc03932f2ea9b36901736375dcb1bc4a121a2
BNCI2014-001,9,riemann_lr,channel_dropout,all_channels,5,0.5,5,22,11,0.5,0.8288177339901479,0.4866017949867546,0.48796454924738514,0.3.2,participant,,,,,,b86ad3d586a53a1c8327c50145dfc03932f2ea9b36901736375dcb1bc4a121a2
BNCI2014-001,9,riemann_lr,channel_dropout,all_channels,5,0.5,6,22,11,0.5,0.8583743842364533,0.5080056045195185,0.5082833790541044,0.3.2,participant,,,,,,b86ad3d586a53a1c8327c50145dfc03932f2ea9b36901736375dcb1bc4a121a2
BNCI2014-001,9,riemann_lr,channel_dropout,all_channels,5,0.5,7,22,11,0.5,0.770935960591133,0.49083797835258347,0.4909471540764902,0.3.2,participant,,,,,,b86ad3d586a53a1c8327c50145dfc03932f2ea9b36901736375dcb1bc4a121a2
BNCI2014-001,9,riemann_lr,channel_dropout,all_channels,5,0.5,8,22,11,0.5,0.8374384236453204,0.5077044490487007,0.5080237271507677,0.3.2,participant,,,,,,b86ad3d586a53a1c8327c50145dfc03932f2ea9b36901736375dcb1bc4a121a2
BNCI2014-001,9,riemann_lr,channel_dropout,all_channels,5,0.5,9,22,11,0.7142857142857143,0.8608374384236454,0.20063922195099937,0.18724710389332463,0.3.2,participant,,,,,,b86ad3d586a53a1c8327c50145dfc03932f2ea9b36901736375dcb1bc4a121a2
BNCI2014-001,9,riemann_lr,reduced_montage,motor_core,1,0.0,0,3,0,0.7413793103448276,0.8394768133174793,0.15735527648002842,0.15103684826558017,0.3.2,not_applicable,"C3,Cz,C4",,,,,b86ad3d586a53a1c8327c50145dfc03932f2ea9b36901736375dcb1bc4a121a2
BNCI2014-001,9,riemann_lr,reduced_montage,motor_core,2,0.0,0,3,0,0.7758620689655172,0.8953626634958383,0.1397456404738883,0.1449719307536687,0.3.2,not_applicable,"C3,Cz,C4",,,,,b86ad3d586a53a1c8327c50145dfc03932f2ea9b36901736375dcb1bc4a121a2
BNCI2014-001,9,riemann_lr,reduced_montage,motor_core,3,0.0,0,3,0,0.7931034482758621,0.8846611177170036,0.13748561174062765,0.08339660471914354,0.3.2,not_applicable,"C3,Cz,C4",,,,,b86ad3d586a53a1c8327c50145dfc03932f2ea9b36901736375dcb1bc4a121a2
BNCI2014-001,9,riemann_lr,reduced_montage,motor_core,4,0.0,0,3,0,0.8226600985221675,0.9556650246305418,0.11075723112562973,0.1747315063569082,0.3.2,not_applicable,"C3,Cz,C4",,,,,b86ad3d586a53a1c8327c50145dfc03932f2ea9b36901736375dcb1bc4a121a2
BNCI2014-001,9,riemann_lr,reduced_montage,motor_core,5,0.0,0,3,0,0.8066502463054187,0.8633004926108374,0.1487004180510393,0.057992354882812604,0.3.2,not_applicable,"C3,Cz,C4",,,,,b86ad3d586a53a1c8327c50145dfc03932f2ea9b36901736375dcb1bc4a121a2
BNCI2014-001,9,riemann_lr,reduced_montage,motor_extended,1,0.0,0,9,0,0.7931034482758621,0.8787158145065399,0.13729285541832786,0.12980189889029883,0.3.2,not_applicable,"FC3,FCz,FC4,C3,Cz,C4,CP3,CPz,CP4",,,,,b86ad3d586a53a1c8327c50145dfc03932f2ea9b36901736375dcb1bc4a121a2
BNCI2014-001,9,riemann_lr,reduced_montage,motor_extended,2,0.0,0,9,0,0.7931034482758621,0.896551724137931,0.13062485785681446,0.07479654548395635,0.3.2,not_applicable,"FC3,FCz,FC4,C3,Cz,C4,CP3,CPz,CP4",,,,,b86ad3d586a53a1c8327c50145dfc03932f2ea9b36901736375dcb1bc4a121a2
BNCI2014-001,9,riemann_lr,reduced_montage,motor_extended,3,0.0,0,9,0,0.8620689655172413,0.9096313912009512,0.12014667485713607,0.1127540760079961,0.3.2,not_applicable,"FC3,FCz,FC4,C3,Cz,C4,CP3,CPz,CP4",,,,,b86ad3d586a53a1c8327c50145dfc03932f2ea9b36901736375dcb1bc4a121a2
BNCI2014-001,9,riemann_lr,reduced_montage,motor_extended,4,0.0,0,9,0,0.8226600985221675,0.9174876847290641,0.12905331960221025,0.11092696015774524,0.3.2,not_applicable,"FC3,FCz,FC4,C3,Cz,C4,CP3,CPz,CP4",,,,,b86ad3d586a53a1c8327c50145dfc03932f2ea9b36901736375dcb1bc4a121a2
BNCI2014-001,9,riemann_lr,reduced_montage,motor_extended,5,0.0,0,9,0,0.8417487684729064,0.916256157635468,0.11390218309672256,0.08125549131135915,0.3.2,not_applicable,"FC3,FCz,FC4,C3,Cz,C4,CP3,CPz,CP4",,,,,b86ad3d586a53a1c8327c50145dfc03932f2ea9b36901736375dcb1bc4a121a2
BNCI2014-001,9,riemann_lr,region_dropout,all_channels,1,0.3181818181818182,0,22,7,0.4827586206896552,0.9143876337693222,0.4454104798066288,0.47486203815425926,0.3.2,not_applicable,,left_motor_strip,"FC3,FC1,C5,C3,C1,CP3,CP1",,,b86ad3d586a53a1c8327c50145dfc03932f2ea9b36901736375dcb1bc4a121a2
BNCI2014-001,9,riemann_lr,region_dropout,all_channels,1,0.13636363636363635,0,22,3,0.7586206896551724,0.9036860879904876,0.18053430036524964,0.22408168343462356,0.3.2,not_applicable,,midline_motor_strip,"FCz,Cz,CPz",,,b86ad3d586a53a1c8327c50145dfc03932f2ea9b36901736375dcb1bc4a121a2
BNCI2014-001,9,riemann_lr,region_dropout,all_channels,1,0.3181818181818182,0,22,7,0.5,0.5838287752675386,0.4913263692110808,0.4913218959055788,0.3.2,not_applicable,,right_motor_strip,"FC2,FC4,C2,C4,C6,CP2,CP4",,,b86ad3d586a53a1c8327c50145dfc03932f2ea9b36901736375dcb1bc4a121a2
BNCI2014-001,9,riemann_lr,region_dropout,all_channels,2,0.3181818181818182,0,22,7,0.5,0.8882282996432818,0.4518753388366778,0.4718022191661124,0.3.2,not_applicable,,left_motor_strip,"FC3,FC1,C5,C3,C1,CP3,CP1",,,b86ad3d586a53a1c8327c50145dfc03932f2ea9b36901736375dcb1bc4a121a2
BNCI2014-001,9,riemann_lr,region_dropout,all_channels,2,0.13636363636363635,0,22,3,0.7413793103448276,0.896551724137931,0.16020011572613682,0.15500298042949287,0.3.2,not_applicable,,midline_motor_strip,"FCz,Cz,CPz",,,b86ad3d586a53a1c8327c50145dfc03932f2ea9b36901736375dcb1bc4a121a2
BNCI2014-001,9,riemann_lr,region_dropout,all_channels,2,0.3181818181818182,0,22,7,0.5,0.5422116527942925,0.4144005024719857,0.39876303069271074,0.3.2,not_applicable,,right_motor_strip,"FC2,FC4,C2,C4,C6,CP2,CP4",,,b86ad3d586a53a1c8327c50145dfc03932f2ea9b36901736375dcb1bc4a121a2
BNCI2014-001,9,riemann_lr,region_dropout,all_channels,3,0.3181818181818182,0,22,7,0.5,0.9464922711058263,0.4878096331865558,0.49332176681684026,0.3.2,not_applicable,,left_motor_strip,"FC3,FC1,C5,C3,C1,CP3,CP1",,,b86ad3d586a53a1c8327c50145dfc03932f2ea9b36901736375dcb1bc4a121a2
BNCI2014-001,9,riemann_lr,region_dropout,all_channels,3,0.13636363636363635,0,22,3,0.5,0.93935790725327,0.3215992551640804,0.37426648009925273,0.3.2,not_applicable,,midline_motor_strip,"FCz,Cz,CPz",,,b86ad3d586a53a1c8327c50145dfc03932f2ea9b36901736375dcb1bc4a121a2
BNCI2014-001,9,riemann_lr,region_dropout,all_channels,3,0.3181818181818182,0,22,7,0.5,0.5017835909631392,0.4869067608915149,0.4851858705483507,0.3.2,not_applicable,,right_motor_strip,"FC2,FC4,C2,C4,C6,CP2,CP4",,,b86ad3d586a53a1c8327c50145dfc03932f2ea9b36901736375dcb1bc4a121a2
BNCI2014-001,9,riemann_lr,region_dropout,all_channels,4,0.3181818181818182,0,22,7,0.5,0.9532019704433498,0.4623198758578939,0.47527586953898854,0.3.2,not_applicable,,left_motor_strip,"FC3,FC1,C5,C3,C1,CP3,CP1",,,b86ad3d586a53a1c8327c50145dfc03932f2ea9b36901736375dcb1bc4a121a2
BNCI2014-001,9,riemann_lr,region_dropout,all_channels,4,0.13636363636363635,0,22,3,0.8405172413793103,0.9199507389162561,0.133327921683739,0.15329495517125322,0.3.2,not_applicable,,midline_motor_strip,"FCz,Cz,CPz",,,b86ad3d586a53a1c8327c50145dfc03932f2ea9b36901736375dcb1bc4a121a2
BNCI2014-001,9,riemann_lr,region_dropout,all_channels,4,0.3181818181818182,0,22,7,0.5,0.4273399014778325,0.46396526918862624,0.45474885702189843,0.3.2,not_applicable,,right_motor_strip,"FC2,FC4,C2,C4,C6,CP2,CP4",,,b86ad3d586a53a1c8327c50145dfc03932f2ea9b36901736375dcb1bc4a121a2
BNCI2014-001,9,riemann_lr,region_dropout,all_channels,5,0.3181818181818182,0,22,7,0.5,0.9211822660098522,0.4551631875071671,0.47067970267652004,0.3.2,not_applicable,,left_motor_strip,"FC3,FC1,C5,C3,C1,CP3,CP1",,,b86ad3d586a53a1c8327c50145dfc03932f2ea9b36901736375dcb1bc4a121a2
BNCI2014-001,9,riemann_lr,region_dropout,all_channels,5,0.13636363636363635,0,22,3,0.8269704433497538,0.9199507389162561,0.15016572812288256,0.1739020580214404,0.3.2,not_applicable,,midline_motor_strip,"FCz,Cz,CPz",,,b86ad3d586a53a1c8327c50145dfc03932f2ea9b36901736375dcb1bc4a121a2
BNCI2014-001,9,riemann_lr,region_dropout,all_channels,5,0.3181818181818182,0,22,7,0.5,0.6588669950738916,0.4640812898450488,0.4684149064021124,0.3.2,not_applicable,,right_motor_strip,"FC2,FC4,C2,C4,C6,CP2,CP4",,,b86ad3d586a53a1c8327c50145dfc03932f2ea9b36901736375dcb1bc4a121a2
BNCI2014-001,9,riemann_lr,cross_session,all_channels,0,0.0,0,22,0,0.8541666666666667,0.9309413580246914,0.11459849582319073,0.09166522061593706,0.3.2,not_applicable,,,,0train,1test,b86ad3d586a53a1c8327c50145dfc03932f2ea9b36901736375dcb1bc4a121a2
