dataset,pipeline,metric,n_subjects,mean_slope_per_10pct_dropout,slope_ci_low,slope_ci_high,slope_sd,t_statistic_vs_zero,t_p_value_vs_zero,shapiro_p_value_slope,n_harmful_slope,pct_harmful_slope,t_p_value_vs_zero_bh_fdr
BNCI2014-001,csp_lda,balanced_accuracy,9,-0.0439939385198006,-0.06015018714306823,-0.027837689896532968,0.021018499112757074,-6.27931684614417,0.00023803945542854178,0.2331010257957517,9,1.0,0.00023803945542854178
BNCI2014-001,csp_lda,brier_score,9,0.05105400858192178,0.04142246307795516,0.060685554085888396,0.012530175497426682,12.223454154909495,1.8624419162222294e-06,0.17835574507167473,9,1.0,3.724883832444459e-06
BNCI2014-001,csp_lda,ece,9,0.05298376359083262,0.04685622472294054,0.0591113024587247,0.007971632107263631,19.93961696095632,4.1718798302972045e-08,0.4389330899373701,9,1.0,1.6687519321188818e-07
BNCI2014-001,csp_lda,roc_auc,9,-0.04446910623040231,-0.056536632322112514,-0.032401580138692106,0.015699268584323398,-8.497677326472498,2.8209766868148868e-05,0.08212446556521108,9,1.0,3.7613022490865155e-05
