dataset,pipeline,metric,n_subjects,mean_slope_per_10pct_dropout,slope_ci_low,slope_ci_high,slope_sd,t_statistic_vs_zero,t_p_value_vs_zero,shapiro_p_value_slope,n_harmful_slope,pct_harmful_slope,t_p_value_vs_zero_bh_fdr
BNCI2014-001,riemann_lr,balanced_accuracy,9,-0.053141947366085296,-0.07035893106499116,-0.035924963667179434,0.022398464212703844,-7.117713097839698,0.00010022602095843472,0.7917591480088692,9,1.0,0.00010022602095843472
BNCI2014-001,riemann_lr,brier_score,9,0.052055161916027666,0.04158063785183639,0.06252968598021894,0.013626849888450736,11.460131066714036,3.042342743134715e-06,0.5800284851880879,9,1.0,6.08468548626943e-06
BNCI2014-001,riemann_lr,ece,9,0.050773874926508276,0.04568485636326661,0.055862893489749946,0.006620567351399526,23.007337089822894,1.351549903069399e-08,0.1814086076107443,9,1.0,5.406199612277596e-08
BNCI2014-001,riemann_lr,roc_auc,9,-0.032323278348843146,-0.04127390439125253,-0.02337265230643376,0.011644332166321453,-8.327642466864036,3.267333804879898e-05,0.6984903389985592,9,1.0,4.356445073173197e-05
