condition,n_subjects,mean_condition_auc,mean_clean_auc,mean_delta_auc,delta_ci_low,delta_ci_high,shapiro_p,paired_t_stat,paired_t_p,wilcoxon_stat,wilcoxon_p,cohens_dz,paired_t_p_bh_fdr,wilcoxon_p_bh_fdr
dropout_0.1,9,0.7330950021705074,0.8414491440650775,-0.10835414189456999,-0.13117839781937052,-0.08198507391402506,0.46713362222429955,-8.109810092721371,3.958121511721952e-05,0.0,0.00390625,-2.703270030907124,9.127776611493397e-05,0.0046875
dropout_0.2,9,0.7021078930977862,0.8414491440650775,-0.1393412509672914,-0.16818034810983856,-0.0993005521426591,0.06741647369362072,-7.536659206692107,6.691840708003861e-05,0.0,0.00390625,-2.512219735564036,0.00010037761062005791,0.0046875
dropout_0.3,9,0.6460420795349451,0.8414491440650775,-0.19540706453013235,-0.23508428832782716,-0.14275593909323175,0.456950542546893,-7.951066583409813,4.5638883057466985e-05,0.0,0.00390625,-2.650355527803271,9.127776611493397e-05,0.0046875
dropout_0.5,9,0.6215086914670743,0.8414491440650775,-0.21994045259800316,-0.25976149670300264,-0.15728938320503563,0.1061071969145882,-8.142054696633062,3.8463245970484954e-05,0.0,0.00390625,-2.714018232211021,9.127776611493397e-05,0.0046875
motor_core,9,0.7604892135213182,0.8414491440650775,-0.08095993054375933,-0.14066493026064966,-0.052459279391502994,0.01609529153032083,-3.784370542428145,0.005354649401778062,0.0,0.00390625,-1.2614568474760481,0.006425579282133674,0.0046875
motor_extended,9,0.8054111696204442,0.8414491440650775,-0.036037974444633226,-0.10197600587307196,-0.00897457675103339,0.0012534610651538081,-1.6847531834524148,0.13052806157919145,7.0,0.07421875,-0.5615843944841382,0.13052806157919145,0.07421875
