dataset,subject,pipeline,stressor,montage,fold,dropout_fraction,repeat,n_channels,n_dropped_channels,balanced_accuracy,roc_auc,brier_score,ece,protocol_version,mask_seed_scope,selected_channels,region,dropped_channels,session_train,session_test,run_signature
BNCI2014-001,1,csp_lda,clean,all_channels,1,0.0,0,22,0,0.8103448275862069,0.9191438763376932,0.1259120156732472,0.1435186174418562,0.3.2,participant,,,,,,a5508b68efe858976affddc55ddec1d52be0d4e3724ba6ec227b70b4157f5ac0
BNCI2014-001,1,csp_lda,channel_dropout,all_channels,1,0.1,0,22,2,0.5,0.8846611177170036,0.4985263737407883,0.4992247016134539,0.3.2,participant,,,,,,a5508b68efe858976affddc55ddec1d52be0d4e3724ba6ec227b70b4157f5ac0
BNCI2014-001,1,csp_lda,channel_dropout,all_channels,1,0.1,1,22,2,0.8275862068965517,0.8953626634958384,0.13156790584377248,0.11217428501962726,0.3.2,participant,,,,,,a5508b68efe858976affddc55ddec1d52be0d4e3724ba6ec227b70b4157f5ac0
BNCI2014-001,1,csp_lda,channel_dropout,all_channels,1,0.1,2,22,2,0.5,0.7574316290130797,0.49999994428087013,0.49999997005380264,0.3.2,participant,,,,,,a5508b68efe858976affddc55ddec1d52be0d4e3724ba6ec227b70b4157f5ac0
BNCI2014-001,1,csp_lda,channel_dropout,all_channels,1,0.1,3,22,2,0.5,0.8299643281807372,0.49599516193224785,0.49794044141885174,0.3.2,participant,,,,,,a5508b68efe858976affddc55ddec1d52be0d4e3724ba6ec227b70b4157f5ac0
BNCI2014-001,1,csp_lda,channel_dropout,all_channels,1,0.1,4,22,2,0.5,0.7502972651605232,0.4999999943009761,0.499999997053198,0.3.2,participant,,,,,,a5508b68efe858976affddc55ddec1d52be0d4e3724ba6ec227b70b4157f5ac0
BNCI2014-001,1,csp_lda,channel_dropout,all_channels,1,0.1,5,22,2,0.5,0.8275862068965517,0.47383322186175036,0.4852112727766854,0.3.2,participant,,,,,,a5508b68efe858976affddc55ddec1d52be0d4e3724ba6ec227b70b4157f5ac0
BNCI2014-001,1,csp_lda,channel_dropout,all_channels,1,0.1,6,22,2,0.5,0.6884661117717004,0.4992533103787312,0.49957307472530976,0.3.2,participant,,,,,,a5508b68efe858976affddc55ddec1d52be0d4e3724ba6ec227b70b4157f5ac0
BNCI2014-001,1,csp_lda,channel_dropout,all_channels,1,0.1,7,22,2,0.5172413793103449,0.8370986920332937,0.4282422898647259,0.4514232740346167,0.3.2,participant,,,,,,a5508b68efe858976affddc55ddec1d52be0d4e3724ba6ec227b70b4157f5ac0
BNCI2014-001,1,csp_lda,channel_dropout,all_channels,1,0.1,8,22,2,0.7931034482758621,0.8977407847800238,0.14734364177333062,0.13899087628347093,0.3.2,participant,,,,,,a5508b68efe858976affddc55ddec1d52be0d4e3724ba6ec227b70b4157f5ac0
BNCI2014-001,1,csp_lda,channel_dropout,all_channels,1,0.1,9,22,2,0.5,0.7407847800237812,0.41737043723970013,0.4330953223741897,0.3.2,participant,,,,,,a5508b68efe858976affddc55ddec1d52be0d4e3724ba6ec227b70b4157f5ac0
BNCI2014-001,1,csp_lda,channel_dropout,all_channels,1,0.2,0,22,4,0.5172413793103449,0.7514863258026159,0.40741654550441714,0.42963654458562806,0.3.2,participant,,,,,,a5508b68efe858976affddc55ddec1d52be0d4e3724ba6ec227b70b4157f5ac0
BNCI2014-001,1,csp_lda,channel_dropout,all_channels,1,0.2,1,22,4,0.6724137931034482,0.760998810939358,0.19411182549091333,0.0600138418283079,0.3.2,participant,,,,,,a5508b68efe858976affddc55ddec1d52be0d4e3724ba6ec227b70b4157f5ac0
BNCI2014-001,1,csp_lda,channel_dropout,all_channels,1,0.2,2,22,4,0.6206896551724138,0.727705112960761,0.28942118537991496,0.29651904631539006,0.3.2,participant,,,,,,a5508b68efe858976affddc55ddec1d52be0d4e3724ba6ec227b70b4157f5ac0
BNCI2014-001,1,csp_lda,channel_dropout,all_channels,1,0.2,3,22,4,0.5,0.7110582639714625,0.36394884547944123,0.37016073878433703,0.3.2,participant,,,,,,a5508b68efe858976affddc55ddec1d52be0d4e3724ba6ec227b70b4157f5ac0
BNCI2014-001,1,csp_lda,channel_dropout,all_channels,1,0.2,4,22,4,0.5,0.7205707491082044,0.49951256653313064,0.4996920982719517,0.3.2,participant,,,,,,a5508b68efe858976affddc55ddec1d52be0d4e3724ba6ec227b70b4157f5ac0
BNCI2014-001,1,csp_lda,channel_dropout,all_channels,1,0.2,5,22,4,0.5,0.7467300832342451,0.49600634108459507,0.49710908494303085,0.3.2,participant,,,,,,a5508b68efe858976affddc55ddec1d52be0d4e3724ba6ec227b70b4157f5ac0
BNCI2014-001,1,csp_lda,channel_dropout,all_channels,1,0.2,6,22,4,0.5,0.7312722948870393,0.4413626675674093,0.45272929604381423,0.3.2,participant,,,,,,a5508b68efe858976affddc55ddec1d52be0d4e3724ba6ec227b70b4157f5ac0
BNCI2014-001,1,csp_lda,channel_dropout,all_channels,1,0.2,7,22,4,0.5,0.7526753864447087,0.4988001828422507,0.4992552206141441,0.3.2,participant,,,,,,a5508b68efe858976affddc55ddec1d52be0d4e3724ba6ec227b70b4157f5ac0
BNCI2014-001,1,csp_lda,channel_dropout,all_channels,1,0.2,8,22,4,0.5,0.7086801426872771,0.499791285346517,0.49988058298555305,0.3.2,participant,,,,,,a5508b68efe858976affddc55ddec1d52be0d4e3724ba6ec227b70b4157f5ac0
BNCI2014-001,1,csp_lda,channel_dropout,all_channels,1,0.2,9,22,4,0.5,0.7086801426872771,0.4998720097066237,0.499926713996904,0.3.2,participant,,,,,,a5508b68efe858976affddc55ddec1d52be0d4e3724ba6ec227b70b4157f5ac0
BNCI2014-001,1,csp_lda,channel_dropout,all_channels,1,0.3,0,22,7,0.5,0.6575505350772889,0.43641228351533345,0.4429740683812092,0.3.2,participant,,,,,,a5508b68efe858976affddc55ddec1d52be0d4e3724ba6ec227b70b4157f5ac0
BNCI2014-001,1,csp_lda,channel_dropout,all_channels,1,0.3,1,22,7,0.5,0.732461355529132,0.4973450554297576,0.49818429649003015,0.3.2,participant,,,,,,a5508b68efe858976affddc55ddec1d52be0d4e3724ba6ec227b70b4157f5ac0
BNCI2014-001,1,csp_lda,channel_dropout,all_channels,1,0.3,2,22,7,0.5,0.7764565992865635,0.49392349767710825,0.4959220667525761,0.3.2,participant,,,,,,a5508b68efe858976affddc55ddec1d52be0d4e3724ba6ec227b70b4157f5ac0
BNCI2014-001,1,csp_lda,channel_dropout,all_channels,1,0.3,3,22,7,0.5172413793103449,0.7288941736028537,0.3156905898926444,0.3086640715477935,0.3.2,participant,,,,,,a5508b68efe858976affddc55ddec1d52be0d4e3724ba6ec227b70b4157f5ac0
BNCI2014-001,1,csp_lda,channel_dropout,all_channels,1,0.3,4,22,7,0.5,0.807372175980975,0.49449867153878924,0.496064184346565,0.3.2,participant,,,,,,a5508b68efe858976affddc55ddec1d52be0d4e3724ba6ec227b70b4157f5ac0
BNCI2014-001,1,csp_lda,channel_dropout,all_channels,1,0.3,5,22,7,0.5689655172413793,0.7288941736028538,0.2668562662201901,0.2217587765469093,0.3.2,participant,,,,,,a5508b68efe858976affddc55ddec1d52be0d4e3724ba6ec227b70b4157f5ac0
BNCI2014-001,1,csp_lda,channel_dropout,all_channels,1,0.3,6,22,7,0.6206896551724138,0.6076099881093935,0.27262418834004015,0.21247528808691987,0.3.2,participant,,,,,,a5508b68efe858976affddc55ddec1d52be0d4e3724ba6ec227b70b4157f5ac0
BNCI2014-001,1,csp_lda,channel_dropout,all_channels,1,0.3,7,22,7,0.5,0.7146254458977408,0.4999999876832479,0.4999999908435546,0.3.2,participant,,,,,,a5508b68efe858976affddc55ddec1d52be0d4e3724ba6ec227b70b4157f5ac0
BNCI2014-001,1,csp_lda,channel_dropout,all_channels,1,0.3,8,22,7,0.5,0.6313912009512485,0.49865301858366223,0.49904575010772895,0.3.2,participant,,,,,,a5508b68efe858976affddc55ddec1d52be0d4e3724ba6ec227b70b4157f5ac0
BNCI2014-001,1,csp_lda,channel_dropout,all_channels,1,0.3,9,22,7,0.5,0.6848989298454221,0.4999988112143704,0.49999902823297965,0.3.2,participant,,,,,,a5508b68efe858976affddc55ddec1d52be0d4e3724ba6ec227b70b4157f5ac0
BNCI2014-001,1,csp_lda,channel_dropout,all_channels,1,0.5,0,22,11,0.5,0.8489892984542211,0.4991469568456763,0.49948793535680497,0.3.2,participant,,,,,,a5508b68efe858976affddc55ddec1d52be0d4e3724ba6ec227b70b4157f5ac0
BNCI2014-001,1,csp_lda,channel_dropout,all_channels,1,0.5,1,22,11,0.5,0.7812128418549346,0.49898093531118926,0.49926758830180507,0.3.2,participant,,,,,,a5508b68efe858976affddc55ddec1d52be0d4e3724ba6ec227b70b4157f5ac0
BNCI2014-001,1,csp_lda,channel_dropout,all_channels,1,0.5,2,22,11,0.6724137931034482,0.7384066587395957,0.2149821928355407,0.13092956538773923,0.3.2,participant,,,,,,a5508b68efe858976affddc55ddec1d52be0d4e3724ba6ec227b70b4157f5ac0
BNCI2014-001,1,csp_lda,channel_dropout,all_channels,1,0.5,3,22,11,0.6206896551724138,0.8929845422116528,0.26847950803419857,0.29958805762315105,0.3.2,participant,,,,,,a5508b68efe858976affddc55ddec1d52be0d4e3724ba6ec227b70b4157f5ac0
BNCI2014-001,1,csp_lda,channel_dropout,all_channels,1,0.5,4,22,11,0.5,0.6183115338882283,0.4999971111395109,0.49999799804597866,0.3.2,participant,,,,,,a5508b68efe858976affddc55ddec1d52be0d4e3724ba6ec227b70b4157f5ac0
BNCI2014-001,1,csp_lda,channel_dropout,all_channels,1,0.5,5,22,11,0.5,0.7098692033293698,0.4988927744909018,0.4991731898205162,0.3.2,participant,,,,,,a5508b68efe858976affddc55ddec1d52be0d4e3724ba6ec227b70b4157f5ac0
BNCI2014-001,1,csp_lda,channel_dropout,all_channels,1,0.5,6,22,11,0.5,0.6504161712247325,0.476192771496774,0.4797375387061461,0.3.2,participant,,,,,,a5508b68efe858976affddc55ddec1d52be0d4e3724ba6ec227b70b4157f5ac0
BNCI2014-001,1,csp_lda,channel_dropout,all_channels,1,0.5,7,22,11,0.5,0.7728894173602854,0.4999997976192646,0.49999985333242314,0.3.2,participant,,,,,,a5508b68efe858976affddc55ddec1d52be0d4e3724ba6ec227b70b4157f5ac0
BNCI2014-001,1,csp_lda,channel_dropout,all_channels,1,0.5,8,22,11,0.5,0.6254458977407847,0.49999997051708617,0.4999999771019679,0.3.2,participant,,,,,,a5508b68efe858976affddc55ddec1d52be0d4e3724ba6ec227b70b4157f5ac0
BNCI2014-001,1,csp_lda,channel_dropout,all_channels,1,0.5,9,22,11,0.5,0.633769322235434,0.4999933866208485,0.4999944244715418,0.3.2,participant,,,,,,a5508b68efe858976affddc55ddec1d52be0d4e3724ba6ec227b70b4157f5ac0
BNCI2014-001,1,csp_lda,clean,all_channels,2,0.0,0,22,0,0.9482758620689655,0.9809750297265161,0.05722569078069932,0.12250056088263293,0.3.2,participant,,,,,,a5508b68efe858976affddc55ddec1d52be0d4e3724ba6ec227b70b4157f5ac0
BNCI2014-001,1,csp_lda,channel_dropout,all_channels,2,0.1,0,22,2,0.5,0.9239001189060643,0.49996976743879823,0.4999848319594705,0.3.2,participant,,,,,,a5508b68efe858976affddc55ddec1d52be0d4e3724ba6ec227b70b4157f5ac0
BNCI2014-001,1,csp_lda,channel_dropout,all_channels,2,0.1,1,22,2,0.5,0.7621878715814506,0.49999999128616984,0.49999999502842135,0.3.2,participant,,,,,,a5508b68efe858976affddc55ddec1d52be0d4e3724ba6ec227b70b4157f5ac0
BNCI2014-001,1,csp_lda,channel_dropout,all_channels,2,0.1,2,22,2,0.5,0.9274673008323425,0.49213704445702744,0.49550555168870575,0.3.2,participant,,,,,,a5508b68efe858976affddc55ddec1d52be0d4e3724ba6ec227b70b4157f5ac0
BNCI2014-001,1,csp_lda,channel_dropout,all_channels,2,0.1,3,22,2,0.5,0.8466111771700356,0.4897528485616876,0.4944833124878723,0.3.2,participant,,,,,,a5508b68efe858976affddc55ddec1d52be0d4e3724ba6ec227b70b4157f5ac0
BNCI2014-001,1,csp_lda,channel_dropout,all_channels,2,0.1,4,22,2,0.5,0.727705112960761,0.4983160871857569,0.49904707730302433,0.3.2,participant,,,,,,a5508b68efe858976affddc55ddec1d52be0d4e3724ba6ec227b70b4157f5ac0
BNCI2014-001,1,csp_lda,channel_dropout,all_channels,2,0.1,5,22,2,0.8103448275862069,0.9560047562425684,0.10964715327009554,0.14948146826908362,0.3.2,participant,,,,,,a5508b68efe858976affddc55ddec1d52be0d4e3724ba6ec227b70b4157f5ac0
BNCI2014-001,1,csp_lda,channel_dropout,all_channels,2,0.1,6,22,2,0.5,0.7669441141498217,0.49999995708509876,0.49999997371727545,0.3.2,participant,,,,,,a5508b68efe858976affddc55ddec1d52be0d4e3724ba6ec227b70b4157f5ac0
BNCI2014-001,1,csp_lda,channel_dropout,all_channels,2,0.1,7,22,2,0.5,0.8692033293697978,0.44592420997231175,0.4651449677416973,0.3.2,participant,,,,,,a5508b68efe858976affddc55ddec1d52be0d4e3724ba6ec227b70b4157f5ac0
BNCI2014-001,1,csp_lda,channel_dropout,all_channels,2,0.1,8,22,2,0.5,0.9346016646848989,0.4953203465873225,0.49751633880750695,0.3.2,participant,,,,,,a5508b68efe858976affddc55ddec1d52be0d4e3724ba6ec227b70b4157f5ac0
BNCI2014-001,1,csp_lda,channel_dropout,all_channels,2,0.1,9,22,2,0.5,0.7384066587395957,0.4999999178083587,0.4999999572761089,0.3.2,participant,,,,,,a5508b68efe858976affddc55ddec1d52be0d4e3724ba6ec227b70b4157f5ac0
BNCI2014-001,1,csp_lda,channel_dropout,all_channels,2,0.2,0,22,4,0.5,0.8620689655172413,0.49952698421265374,0.49972422176083664,0.3.2,participant,,,,,,a5508b68efe858976affddc55ddec1d52be0d4e3724ba6ec227b70b4157f5ac0
BNCI2014-001,1,csp_lda,channel_dropout,all_channels,2,0.2,1,22,4,0.5689655172413793,0.8858501783590962,0.26704504047461003,0.29947711601717847,0.3.2,participant,,,,,,a5508b68efe858976affddc55ddec1d52be0d4e3724ba6ec227b70b4157f5ac0
BNCI2014-001,1,csp_lda,channel_dropout,all_channels,2,0.2,2,22,4,0.5,0.8763376932223543,0.4790398819048563,0.4874914404311896,0.3.2,participant,,,,,,a5508b68efe858976affddc55ddec1d52be0d4e3724ba6ec227b70b4157f5ac0
BNCI2014-001,1,csp_lda,channel_dropout,all_channels,2,0.2,3,22,4,0.6379310344827587,0.7193816884661117,0.23316127010221313,0.16616625508746322,0.3.2,participant,,,,,,a5508b68efe858976affddc55ddec1d52be0d4e3724ba6ec227b70b4157f5ac0
BNCI2014-001,1,csp_lda,channel_dropout,all_channels,2,0.2,4,22,4,0.5,0.6480380499405469,0.475938476979865,0.47862146561368846,0.3.2,participant,,,,,,a5508b68efe858976affddc55ddec1d52be0d4e3724ba6ec227b70b4157f5ac0
BNCI2014-001,1,csp_lda,channel_dropout,all_channels,2,0.2,5,22,4,0.5,0.539833531510107,0.4999918854325518,0.49999205680724534,0.3.2,participant,,,,,,a5508b68efe858976affddc55ddec1d52be0d4e3724ba6ec227b70b4157f5ac0
BNCI2014-001,1,csp_lda,channel_dropout,all_channels,2,0.2,6,22,4,0.5,0.6801426872770511,0.49877305230548513,0.4989867734760884,0.3.2,participant,,,,,,a5508b68efe858976affddc55ddec1d52be0d4e3724ba6ec227b70b4157f5ac0
BNCI2014-001,1,csp_lda,channel_dropout,all_channels,2,0.2,7,22,4,0.7413793103448276,0.8787158145065398,0.18268501912894983,0.18410335245086953,0.3.2,participant,,,,,,a5508b68efe858976affddc55ddec1d52be0d4e3724ba6ec227b70b4157f5ac0
BNCI2014-001,1,csp_lda,channel_dropout,all_channels,2,0.2,8,22,4,0.5,0.7621878715814506,0.48245018416041363,0.4898680393873373,0.3.2,participant,,,,,,a5508b68efe858976affddc55ddec1d52be0d4e3724ba6ec227b70b4157f5ac0
BNCI2014-001,1,csp_lda,channel_dropout,all_channels,2,0.2,9,22,4,0.5,0.61474435196195,0.48518665993456334,0.48824195922271285,0.3.2,participant,,,,,,a5508b68efe858976affddc55ddec1d52be0d4e3724ba6ec227b70b4157f5ac0
BNCI2014-001,1,csp_lda,channel_dropout,all_channels,2,0.3,0,22,7,0.6896551724137931,0.7217598097502974,0.2160601479312248,0.12313172640371114,0.3.2,participant,,,,,,a5508b68efe858976affddc55ddec1d52be0d4e3724ba6ec227b70b4157f5ac0
BNCI2014-001,1,csp_lda,channel_dropout,all_channels,2,0.3,1,22,7,0.5517241379310345,0.7752675386444708,0.24249434291375374,0.21418781548428326,0.3.2,participant,,,,,,a5508b68efe858976affddc55ddec1d52be0d4e3724ba6ec227b70b4157f5ac0
BNCI2014-001,1,csp_lda,channel_dropout,all_channels,2,0.3,2,22,7,0.5,0.8335315101070155,0.49998691141678847,0.49999291283099656,0.3.2,participant,,,,,,a5508b68efe858976affddc55ddec1d52be0d4e3724ba6ec227b70b4157f5ac0
BNCI2014-001,1,csp_lda,channel_dropout,all_channels,2,0.3,3,22,7,0.5,0.6361474435196195,0.49997495556864474,0.4999813938905209,0.3.2,participant,,,,,,a5508b68efe858976affddc55ddec1d52be0d4e3724ba6ec227b70b4157f5ac0
BNCI2014-001,1,csp_lda,channel_dropout,all_channels,2,0.3,4,22,7,0.5,0.6730083234244947,0.49985846804614753,0.4998780944813622,0.3.2,participant,,,,,,a5508b68efe858976affddc55ddec1d52be0d4e3724ba6ec227b70b4157f5ac0
BNCI2014-001,1,csp_lda,channel_dropout,all_channels,2,0.3,5,22,7,0.603448275862069,0.8109393579072532,0.25329412043257,0.252059970840263,0.3.2,participant,,,,,,a5508b68efe858976affddc55ddec1d52be0d4e3724ba6ec227b70b4157f5ac0
BNCI2014-001,1,csp_lda,channel_dropout,all_channels,2,0.3,6,22,7,0.5862068965517242,0.6896551724137931,0.22020217004049647,0.14369940770717693,0.3.2,participant,,,,,,a5508b68efe858976affddc55ddec1d52be0d4e3724ba6ec227b70b4157f5ac0
BNCI2014-001,1,csp_lda,channel_dropout,all_channels,2,0.3,7,22,7,0.5,0.7348394768133175,0.4999798040212398,0.49998578355091594,0.3.2,participant,,,,,,a5508b68efe858976affddc55ddec1d52be0d4e3724ba6ec227b70b4157f5ac0
BNCI2014-001,1,csp_lda,channel_dropout,all_channels,2,0.3,8,22,7,0.5,0.7003567181926279,0.49120479680563167,0.4935457833058746,0.3.2,participant,,,,,,a5508b68efe858976affddc55ddec1d52be0d4e3724ba6ec227b70b4157f5ac0
BNCI2014-001,1,csp_lda,channel_dropout,all_channels,2,0.3,9,22,7,0.5,0.6278240190249702,0.49996305729149826,0.49997645751767716,0.3.2,participant,,,,,,a5508b68efe858976affddc55ddec1d52be0d4e3724ba6ec227b70b4157f5ac0
BNCI2014-001,1,csp_lda,channel_dropout,all_channels,2,0.5,0,22,11,0.5,0.6159334126040428,0.49771780965522905,0.49779923797265374,0.3.2,participant,,,,,,a5508b68efe858976affddc55ddec1d52be0d4e3724ba6ec227b70b4157f5ac0
BNCI2014-001,1,csp_lda,channel_dropout,all_channels,2,0.5,1,22,11,0.5,0.40071343638525564,0.49999955205150404,0.4999995259771676,0.3.2,participant,,,,,,a5508b68efe858976affddc55ddec1d52be0d4e3724ba6ec227b70b4157f5ac0
BNCI2014-001,1,csp_lda,channel_dropout,all_channels,2,0.5,2,22,11,0.5,0.5303210463733651,0.4121486009497577,0.41164040792982964,0.3.2,participant,,,,,,a5508b68efe858976affddc55ddec1d52be0d4e3724ba6ec227b70b4157f5ac0
BNCI2014-001,1,csp_lda,channel_dropout,all_channels,2,0.5,3,22,11,0.5,0.6313912009512486,0.49909508548376,0.4992608834443637,0.3.2,participant,,,,,,a5508b68efe858976affddc55ddec1d52be0d4e3724ba6ec227b70b4157f5ac0
BNCI2014-001,1,csp_lda,channel_dropout,all_channels,2,0.5,4,22,11,0.5,0.6670630202140309,0.4828382844908158,0.48521530967293786,0.3.2,participant,,,,,,a5508b68efe858976affddc55ddec1d52be0d4e3724ba6ec227b70b4157f5ac0
BNCI2014-001,1,csp_lda,channel_dropout,all_channels,2,0.5,5,22,11,0.5,0.78359096313912,0.49999999936315465,0.49999999949232987,0.3.2,participant,,,,,,a5508b68efe858976affddc55ddec1d52be0d4e3724ba6ec227b70b4157f5ac0
BNCI2014-001,1,csp_lda,channel_dropout,all_channels,2,0.5,6,22,11,0.6551724137931034,0.6979785969084423,0.2330279839663707,0.1811503110681673,0.3.2,participant,,,,,,a5508b68efe858976affddc55ddec1d52be0d4e3724ba6ec227b70b4157f5ac0
BNCI2014-001,1,csp_lda,channel_dropout,all_channels,2,0.5,7,22,11,0.5,0.6658739595719382,0.49952564267481747,0.49967603514261183,0.3.2,participant,,,,,,a5508b68efe858976affddc55ddec1d52be0d4e3724ba6ec227b70b4157f5ac0
BNCI2014-001,1,csp_lda,channel_dropout,all_channels,2,0.5,8,22,11,0.5,0.6932223543400714,0.49759192053699136,0.4982544979505313,0.3.2,participant,,,,,,a5508b68efe858976affddc55ddec1d52be0d4e3724ba6ec227b70b4157f5ac0
BNCI2014-001,1,csp_lda,channel_dropout,all_channels,2,0.5,9,22,11,0.5,0.6753864447086803,0.4999371414353583,0.499949613172162,0.3.2,participant,,,,,,a5508b68efe858976affddc55ddec1d52be0d4e3724ba6ec227b70b4157f5ac0
BNCI2014-001,1,csp_lda,clean,all_channels,3,0.0,0,22,0,0.8620689655172413,0.9274673008323425,0.10842708336999589,0.09739265979083962,0.3.2,participant,,,,,,a5508b68efe858976affddc55ddec1d52be0d4e3724ba6ec227b70b4157f5ac0
BNCI2014-001,1,csp_lda,channel_dropout,all_channels,3,0.1,0,22,2,0.5,0.7300832342449466,0.49999997296805676,0.4999999847202795,0.3.2,participant,,,,,,a5508b68efe858976affddc55ddec1d52be0d4e3724ba6ec227b70b4157f5ac0
BNCI2014-001,1,csp_lda,channel_dropout,all_channels,3,0.1,1,22,2,0.5,0.8846611177170035,0.4989356157977793,0.4994154972858764,0.3.2,participant,,,,,,a5508b68efe858976affddc55ddec1d52be0d4e3724ba6ec227b70b4157f5ac0
BNCI2014-001,1,csp_lda,channel_dropout,all_channels,3,0.1,2,22,2,0.7931034482758621,0.9274673008323424,0.12360063772215168,0.14745370438163022,0.3.2,participant,,,,,,a5508b68efe858976affddc55ddec1d52be0d4e3724ba6ec227b70b4157f5ac0
BNCI2014-001,1,csp_lda,channel_dropout,all_channels,3,0.1,3,22,2,0.5,0.7526753864447087,0.4998350796601995,0.49990395373037605,0.3.2,participant,,,,,,a5508b68efe858976affddc55ddec1d52be0d4e3724ba6ec227b70b4157f5ac0
BNCI2014-001,1,csp_lda,channel_dropout,all_channels,3,0.1,4,22,2,0.6379310344827587,0.9001189060642092,0.29172002607708797,0.339990229534331,0.3.2,participant,,,,,,a5508b68efe858976affddc55ddec1d52be0d4e3724ba6ec227b70b4157f5ac0
BNCI2014-001,1,csp_lda,channel_dropout,all_channels,3,0.1,5,22,2,0.5,0.6682520808561236,0.49763567287611116,0.4981753537480561,0.3.2,participant,,,,,,a5508b68efe858976affddc55ddec1d52be0d4e3724ba6ec227b70b4157f5ac0
BNCI2014-001,1,csp_lda,channel_dropout,all_channels,3,0.1,6,22,2,0.6551724137931034,0.7847800237812128,0.27920792227213587,0.29159702495511386,0.3.2,participant,,,,,,a5508b68efe858976affddc55ddec1d52be0d4e3724ba6ec227b70b4157f5ac0
BNCI2014-001,1,csp_lda,channel_dropout,all_channels,3,0.1,7,22,2,0.603448275862069,0.8596908442330559,0.2555750068757437,0.28501505727932164,0.3.2,participant,,,,,,a5508b68efe858976affddc55ddec1d52be0d4e3724ba6ec227b70b4157f5ac0
BNCI2014-001,1,csp_lda,channel_dropout,all_channels,3,0.1,8,22,2,0.5,0.8941736028537455,0.44061263340382656,0.46367773325009287,0.3.2,participant,,,,,,a5508b68efe858976affddc55ddec1d52be0d4e3724ba6ec227b70b4157f5ac0
BNCI2014-001,1,csp_lda,channel_dropout,all_channels,3,0.1,9,22,2,0.7758620689655172,0.9001189060642093,0.1595419816624718,0.17892837586617077,0.3.2,participant,,,,,,a5508b68efe858976affddc55ddec1d52be0d4e3724ba6ec227b70b4157f5ac0
BNCI2014-001,1,csp_lda,channel_dropout,all_channels,3,0.2,0,22,4,0.5172413793103449,0.9036860879904876,0.42666378532396937,0.4550406747301736,0.3.2,participant,,,,,,a5508b68efe858976affddc55ddec1d52be0d4e3724ba6ec227b70b4157f5ac0
BNCI2014-001,1,csp_lda,channel_dropout,all_channels,3,0.2,1,22,4,0.5,0.6670630202140309,0.4999843020736532,0.4999903887913474,0.3.2,participant,,,,,,a5508b68efe858976affddc55ddec1d52be0d4e3724ba6ec227b70b4157f5ac0
BNCI2014-001,1,csp_lda,channel_dropout,all_channels,3,0.2,2,22,4,0.5862068965517241,0.6242568370986921,0.2510070018920683,0.11769016624715263,0.3.2,participant,,,,,,a5508b68efe858976affddc55ddec1d52be0d4e3724ba6ec227b70b4157f5ac0
BNCI2014-001,1,csp_lda,channel_dropout,all_channels,3,0.2,3,22,4,0.5172413793103449,0.8573127229488704,0.41080004603026393,0.4411308067342389,0.3.2,participant,,,,,,a5508b68efe858976affddc55ddec1d52be0d4e3724ba6ec227b70b4157f5ac0
BNCI2014-001,1,csp_lda,channel_dropout,all_channels,3,0.2,4,22,4,0.5,0.7954815695600477,0.49859918953135474,0.4992254672509706,0.3.2,participant,,,,,,a5508b68efe858976affddc55ddec1d52be0d4e3724ba6ec227b70b4157f5ac0
BNCI2014-001,1,csp_lda,channel_dropout,all_channels,3,0.2,5,22,4,0.5,0.7657550535077289,0.4999965823209703,0.4999979747044407,0.3.2,participant,,,,,,a5508b68efe858976affddc55ddec1d52be0d4e3724ba6ec227b70b4157f5ac0
BNCI2014-001,1,csp_lda,channel_dropout,all_channels,3,0.2,6,22,4,0.5,0.7954815695600476,0.4999975256724596,0.4999987153532799,0.3.2,participant,,,,,,a5508b68efe858976affddc55ddec1d52be0d4e3724ba6ec227b70b4157f5ac0
BNCI2014-001,1,csp_lda,channel_dropout,all_channels,3,0.2,7,22,4,0.5,0.8145065398335315,0.4642651281571973,0.4759000245959665,0.3.2,participant,,,,,,a5508b68efe858976affddc55ddec1d52be0d4e3724ba6ec227b70b4157f5ac0
BNCI2014-001,1,csp_lda,channel_dropout,all_channels,3,0.2,8,22,4,0.5,0.6825208085612368,0.49969981059951796,0.4998045747521043,0.3.2,participant,,,,,,a5508b68efe858976affddc55ddec1d52be0d4e3724ba6ec227b70b4157f5ac0
BNCI2014-001,1,csp_lda,channel_dropout,all_channels,3,0.2,9,22,4,0.5172413793103449,0.8133174791914388,0.4556394659335961,0.47300813670652225,0.3.2,participant,,,,,,a5508b68efe858976affddc55ddec1d52be0d4e3724ba6ec227b70b4157f5ac0
BNCI2014-001,1,csp_lda,channel_dropout,all_channels,3,0.3,0,22,7,0.5,0.5992865636147444,0.4711697122397769,0.47606197492018015,0.3.2,participant,,,,,,a5508b68efe858976affddc55ddec1d52be0d4e3724ba6ec227b70b4157f5ac0
BNCI2014-001,1,csp_lda,channel_dropout,all_channels,3,0.3,1,22,7,0.5,0.7538644470868013,0.39420225335950854,0.4186868382203009,0.3.2,participant,,,,,,a5508b68efe858976affddc55ddec1d52be0d4e3724ba6ec227b70b4157f5ac0
BNCI2014-001,1,csp_lda,channel_dropout,all_channels,3,0.3,2,22,7,0.5,0.5802615933412605,0.4997404430831532,0.49975777782794917,0.3.2,participant,,,,,,a5508b68efe858976affddc55ddec1d52be0d4e3724ba6ec227b70b4157f5ac0
BNCI2014-001,1,csp_lda,channel_dropout,all_channels,3,0.3,3,22,7,0.5,0.746730083234245,0.4994255468537673,0.499664668635078,0.3.2,participant,,,,,,a5508b68efe858976affddc55ddec1d52be0d4e3724ba6ec227b70b4157f5ac0
BNCI2014-001,1,csp_lda,channel_dropout,all_channels,3,0.3,4,22,7,0.5,0.7443519619500595,0.49100763264396297,0.4951324091361952,0.3.2,participant,,,,,,a5508b68efe858976affddc55ddec1d52be0d4e3724ba6ec227b70b4157f5ac0
BNCI2014-001,1,csp_lda,channel_dropout,all_channels,3,0.3,5,22,7,0.5,0.5172413793103448,0.4998311415075429,0.49982777077718815,0.3.2,participant,,,,,,a5508b68efe858976affddc55ddec1d52be0d4e3724ba6ec227b70b4157f5ac0
BNCI2014-001,1,csp_lda,channel_dropout,all_channels,3,0.3,6,22,7,0.5,0.759809750297265,0.49999802116617154,0.49999875119776294,0.3.2,participant,,,,,,a5508b68efe858976affddc55ddec1d52be0d4e3724ba6ec227b70b4157f5ac0
BNCI2014-001,1,csp_lda,channel_dropout,all_channels,3,0.3,7,22,7,0.5,0.4233055885850178,0.49984943125518566,0.49987009843981667,0.3.2,participant,,,,,,a5508b68efe858976affddc55ddec1d52be0d4e3724ba6ec227b70b4157f5ac0
BNCI2014-001,1,csp_lda,channel_dropout,all_channels,3,0.3,8,22,7,0.5,0.7764565992865636,0.4999894960551013,0.49999390623296924,0.3.2,participant,,,,,,a5508b68efe858976affddc55ddec1d52be0d4e3724ba6ec227b70b4157f5ac0
BNCI2014-001,1,csp_lda,channel_dropout,all_channels,3,0.3,9,22,7,0.5,0.7027348394768133,0.49887218577396486,0.4993165919944307,0.3.2,participant,,,,,,a5508b68efe858976affddc55ddec1d52be0d4e3724ba6ec227b70b4157f5ac0
BNCI2014-001,1,csp_lda,channel_dropout,all_channels,3,0.5,0,22,11,0.5,0.699167657550535,0.49988123958897596,0.4999199305363771,0.3.2,participant,,,,,,a5508b68efe858976affddc55ddec1d52be0d4e3724ba6ec227b70b4157f5ac0
BNCI2014-001,1,csp_lda,channel_dropout,all_channels,3,0.5,1,22,11,0.5,0.5124851367419738,0.4994465464735893,0.49955992302417535,0.3.2,participant,,,,,,a5508b68efe858976affddc55ddec1d52be0d4e3724ba6ec227b70b4157f5ac0
BNCI2014-001,1,csp_lda,channel_dropout,all_channels,3,0.5,2,22,11,0.5,0.6753864447086801,0.48677553094023485,0.4913710590851428,0.3.2,participant,,,,,,a5508b68efe858976affddc55ddec1d52be0d4e3724ba6ec227b70b4157f5ac0
BNCI2014-001,1,csp_lda,channel_dropout,all_channels,3,0.5,3,22,11,0.5,0.5041617122473246,0.49999469253303847,0.49999565268260937,0.3.2,participant,,,,,,a5508b68efe858976affddc55ddec1d52be0d4e3724ba6ec227b70b4157f5ac0
BNCI2014-001,1,csp_lda,channel_dropout,all_channels,3,0.5,4,22,11,0.5517241379310345,0.6492271105826397,0.29034179849592745,0.2695108833764434,0.3.2,participant,,,,,,a5508b68efe858976affddc55ddec1d52be0d4e3724ba6ec227b70b4157f5ac0
BNCI2014-001,1,csp_lda,channel_dropout,all_channels,3,0.5,5,22,11,0.5,0.708680142687277,0.4927982973209769,0.495082436974803,0.3.2,participant,,,,,,a5508b68efe858976affddc55ddec1d52be0d4e3724ba6ec227b70b4157f5ac0
BNCI2014-001,1,csp_lda,channel_dropout,all_channels,3,0.5,6,22,11,0.5,0.6099881093935791,0.4661472655939165,0.4714574930780026,0.3.2,participant,,,,,,a5508b68efe858976affddc55ddec1d52be0d4e3724ba6ec227b70b4157f5ac0
BNCI2014-001,1,csp_lda,channel_dropout,all_channels,3,0.5,7,22,11,0.5,0.7146254458977409,0.4966497719343922,0.49757571364788905,0.3.2,participant,,,,,,a5508b68efe858976affddc55ddec1d52be0d4e3724ba6ec227b70b4157f5ac0
BNCI2014-001,1,csp_lda,channel_dropout,all_channels,3,0.5,8,22,11,0.5,0.29013079667063024,0.49999994868582165,0.4999998975108836,0.3.2,participant,,,,,,a5508b68efe858976affddc55ddec1d52be0d4e3724ba6ec227b70b4157f5ac0
BNCI2014-001,1,csp_lda,channel_dropout,all_channels,3,0.5,9,22,11,0.5,0.8537455410225921,0.4853158734141988,0.4919479482416778,0.3.2,participant,,,,,,a5508b68efe858976affddc55ddec1d52be0d4e3724ba6ec227b70b4157f5ac0
BNCI2014-001,1,csp_lda,clean,all_channels,4,0.0,0,22,0,0.791256157635468,0.9088669950738917,0.12946021125876722,0.11040763209411711,0.3.2,participant,,,,,,a5508b68efe858976affddc55ddec1d52be0d4e3724ba6ec227b70b4157f5ac0
BNCI2014-001,1,csp_lda,channel_dropout,all_channels,4,0.1,0,22,2,0.5899014778325123,0.8559113300492611,0.28032607368876655,0.3215753361162601,0.3.2,participant,,,,,,a5508b68efe858976affddc55ddec1d52be0d4e3724ba6ec227b70b4157f5ac0
BNCI2014-001,1,csp_lda,channel_dropout,all_channels,4,0.1,1,22,2,0.5172413793103449,0.7610837438423645,0.3929076520295449,0.41710280195089006,0.3.2,participant,,,,,,a5508b68efe858976affddc55ddec1d52be0d4e3724ba6ec227b70b4157f5ac0
BNCI2014-001,1,csp_lda,channel_dropout,all_channels,4,0.1,2,22,2,0.5,0.6403940886699507,0.5081452717079323,0.508238519078772,0.3.2,participant,,,,,,a5508b68efe858976affddc55ddec1d52be0d4e3724ba6ec227b70b4157f5ac0
BNCI2014-001,1,csp_lda,channel_dropout,all_channels,4,0.1,3,22,2,0.5,0.3854679802955665,0.5002315629727645,0.4994760785961699,0.3.2,participant,,,,,,a5508b68efe858976affddc55ddec1d52be0d4e3724ba6ec227b70b4157f5ac0
BNCI2014-001,1,csp_lda,channel_dropout,all_channels,4,0.1,4,22,2,0.5,0.8645320197044336,0.4867236086591165,0.48834984486264177,0.3.2,participant,,,,,,a5508b68efe858976affddc55ddec1d52be0d4e3724ba6ec227b70b4157f5ac0
BNCI2014-001,1,csp_lda,channel_dropout,all_channels,4,0.1,5,22,2,0.5,0.9248768472906405,0.46905100106414604,0.4868593660304692,0.3.2,participant,,,,,,a5508b68efe858976affddc55ddec1d52be0d4e3724ba6ec227b70b4157f5ac0
BNCI2014-001,1,csp_lda,channel_dropout,all_channels,4,0.1,6,22,2,0.625,0.9384236453201971,0.32531265781134533,0.36859787344670747,0.3.2,participant,,,,,,a5508b68efe858976affddc55ddec1d52be0d4e3724ba6ec227b70b4157f5ac0
BNCI2014-001,1,csp_lda,channel_dropout,all_channels,4,0.1,7,22,2,0.8399014778325123,0.9273399014778325,0.11882230156674053,0.13112980570830668,0.3.2,participant,,,,,,a5508b68efe858976affddc55ddec1d52be0d4e3724ba6ec227b70b4157f5ac0
BNCI2014-001,1,csp_lda,channel_dropout,all_channels,4,0.1,8,22,2,0.6791871921182266,0.8793103448275863,0.23556814917956842,0.2723724695787977,0.3.2,participant,,,,,,a5508b68efe858976affddc55ddec1d52be0d4e3724ba6ec227b70b4157f5ac0
BNCI2014-001,1,csp_lda,channel_dropout,all_channels,4,0.1,9,22,2,0.5,0.6810344827586208,0.5087624126129551,0.5087644384078732,0.3.2,participant,,,,,,a5508b68efe858976affddc55ddec1d52be0d4e3724ba6ec227b70b4157f5ac0
BNCI2014-001,1,csp_lda,channel_dropout,all_channels,4,0.2,0,22,4,0.5,0.6539408866995073,0.4833495190831993,0.4856883727764896,0.3.2,participant,,,,,,a5508b68efe858976affddc55ddec1d52be0d4e3724ba6ec227b70b4157f5ac0
BNCI2014-001,1,csp_lda,channel_dropout,all_channels,4,0.2,1,22,4,0.7857142857142857,0.9334975369458127,0.1388563954623342,0.16889867627130473,0.3.2,participant,,,,,,a5508b68efe858976affddc55ddec1d52be0d4e3724ba6ec227b70b4157f5ac0
BNCI2014-001,1,csp_lda,channel_dropout,all_channels,4,0.2,2,22,4,0.500615763546798,0.3091133004926108,0.39258853563162316,0.3551333660906125,0.3.2,participant,,,,,,a5508b68efe858976affddc55ddec1d52be0d4e3724ba6ec227b70b4157f5ac0
BNCI2014-001,1,csp_lda,channel_dropout,all_channels,4,0.2,3,22,4,0.5,0.3793103448275862,0.5087477058336659,0.508734363705485,0.3.2,participant,,,,,,a5508b68efe858976affddc55ddec1d52be0d4e3724ba6ec227b70b4157f5ac0
BNCI2014-001,1,csp_lda,channel_dropout,all_channels,4,0.2,4,22,4,0.5,0.895320197044335,0.47877088995368156,0.48466916124442316,0.3.2,participant,,,,,,a5508b68efe858976affddc55ddec1d52be0d4e3724ba6ec227b70b4157f5ac0
BNCI2014-001,1,csp_lda,channel_dropout,all_channels,4,0.2,5,22,4,0.5,0.8571428571428571,0.4902490275009075,0.4907342778220446,0.3.2,participant,,,,,,a5508b68efe858976affddc55ddec1d52be0d4e3724ba6ec227b70b4157f5ac0
BNCI2014-001,1,csp_lda,channel_dropout,all_channels,4,0.2,6,22,4,0.5,0.7955665024630543,0.49053132127464727,0.4906126140667828,0.3.2,participant,,,,,,a5508b68efe858976affddc55ddec1d52be0d4e3724ba6ec227b70b4157f5ac0
BNCI2014-001,1,csp_lda,channel_dropout,all_channels,4,0.2,7,22,4,0.6785714285714286,0.8793103448275862,0.2627053246427341,0.30463929542055,0.3.2,participant,,,,,,a5508b68efe858976affddc55ddec1d52be0d4e3724ba6ec227b70b4157f5ac0
BNCI2014-001,1,csp_lda,channel_dropout,all_channels,4,0.2,8,22,4,0.5,0.625615763546798,0.5087545358754614,0.5087596110245992,0.3.2,participant,,,,,,a5508b68efe858976affddc55ddec1d52be0d4e3724ba6ec227b70b4157f5ac0
BNCI2014-001,1,csp_lda,channel_dropout,all_channels,4,0.2,9,22,4,0.5,0.833743842364532,0.4706489369564185,0.4779865808636894,0.3.2,participant,,,,,,a5508b68efe858976affddc55ddec1d52be0d4e3724ba6ec227b70b4157f5ac0
BNCI2014-001,1,csp_lda,channel_dropout,all_channels,4,0.3,0,22,7,0.5,0.6539408866995073,0.41778395354624276,0.4266568388241186,0.3.2,participant,,,,,,a5508b68efe858976affddc55ddec1d52be0d4e3724ba6ec227b70b4157f5ac0
BNCI2014-001,1,csp_lda,channel_dropout,all_channels,4,0.3,1,22,7,0.5363300492610837,0.603448275862069,0.36247310096505997,0.35680638725880376,0.3.2,participant,,,,,,a5508b68efe858976affddc55ddec1d52be0d4e3724ba6ec227b70b4157f5ac0
BNCI2014-001,1,csp_lda,channel_dropout,all_channels,4,0.3,2,22,7,0.5,0.5098522167487685,0.4789101839551083,0.478080982281031,0.3.2,participant,,,,,,a5508b68efe858976affddc55ddec1d52be0d4e3724ba6ec227b70b4157f5ac0
BNCI2014-001,1,csp_lda,channel_dropout,all_channels,4,0.3,3,22,7,0.5178571428571429,0.8386699507389164,0.404663379337146,0.4349063340584563,0.3.2,participant,,,,,,a5508b68efe858976affddc55ddec1d52be0d4e3724ba6ec227b70b4157f5ac0
BNCI2014-001,1,csp_lda,channel_dropout,all_channels,4,0.3,4,22,7,0.5714285714285714,0.772167487684729,0.2662989576598258,0.24687911986926817,0.3.2,participant,,,,,,a5508b68efe858976affddc55ddec1d52be0d4e3724ba6ec227b70b4157f5ac0
BNCI2014-001,1,csp_lda,channel_dropout,all_channels,4,0.3,5,22,7,0.5227832512315271,0.5332512315270936,0.30875460247935554,0.2331459594068426,0.3.2,participant,,,,,,a5508b68efe858976affddc55ddec1d52be0d4e3724ba6ec227b70b4157f5ac0
BNCI2014-001,1,csp_lda,channel_dropout,all_channels,4,0.3,6,22,7,0.5,0.2980295566502463,0.48154680306169334,0.49003293825208544,0.3.2,participant,,,,,,a5508b68efe858976affddc55ddec1d52be0d4e3724ba6ec227b70b4157f5ac0
BNCI2014-001,1,csp_lda,channel_dropout,all_channels,4,0.3,7,22,7,0.5,0.8362068965517242,0.4912258397346076,0.49122695145809814,0.3.2,participant,,,,,,a5508b68efe858976affddc55ddec1d52be0d4e3724ba6ec227b70b4157f5ac0
BNCI2014-001,1,csp_lda,channel_dropout,all_channels,4,0.3,8,22,7,0.5363300492610837,0.8497536945812807,0.33766739696690484,0.36525772396124445,0.3.2,participant,,,,,,a5508b68efe858976affddc55ddec1d52be0d4e3724ba6ec227b70b4157f5ac0
BNCI2014-001,1,csp_lda,channel_dropout,all_channels,4,0.3,9,22,7,0.5,0.5431034482758621,0.42607961516782267,0.41789341841791144,0.3.2,participant,,,,,,a5508b68efe858976affddc55ddec1d52be0d4e3724ba6ec227b70b4157f5ac0
BNCI2014-001,1,csp_lda,channel_dropout,all_channels,4,0.5,0,22,11,0.5,0.8078817733990148,0.5086172598404536,0.5086572410770569,0.3.2,participant,,,,,,a5508b68efe858976affddc55ddec1d52be0d4e3724ba6ec227b70b4157f5ac0
BNCI2014-001,1,csp_lda,channel_dropout,all_channels,4,0.5,1,22,11,0.5899014778325123,0.75,0.2905369332530564,0.30829417454524455,0.3.2,participant,,,,,,a5508b68efe858976affddc55ddec1d52be0d4e3724ba6ec227b70b4157f5ac0
BNCI2014-001,1,csp_lda,channel_dropout,all_channels,4,0.5,2,22,11,0.5357142857142857,0.666256157635468,0.3753271582660626,0.38695944773438934,0.3.2,participant,,,,,,a5508b68efe858976affddc55ddec1d52be0d4e3724ba6ec227b70b4157f5ac0
BNCI2014-001,1,csp_lda,channel_dropout,all_channels,4,0.5,3,22,11,0.6071428571428571,0.8854679802955665,0.30129886738615924,0.34767214375159045,0.3.2,participant,,,,,,a5508b68efe858976affddc55ddec1d52be0d4e3724ba6ec227b70b4157f5ac0
BNCI2014-001,1,csp_lda,channel_dropout,all_channels,4,0.5,4,22,11,0.5,0.7192118226600985,0.4911973918714907,0.491206265092468,0.3.2,participant,,,,,,a5508b68efe858976affddc55ddec1d52be0d4e3724ba6ec227b70b4157f5ac0
BNCI2014-001,1,csp_lda,channel_dropout,all_channels,4,0.5,5,22,11,0.5,0.6428571428571428,0.5086848634526967,0.5086986522727345,0.3.2,participant,,,,,,a5508b68efe858976affddc55ddec1d52be0d4e3724ba6ec227b70b4157f5ac0
BNCI2014-001,1,csp_lda,channel_dropout,all_channels,4,0.5,6,22,11,0.5,0.6317733990147785,0.5086785669042517,0.5086855622867283,0.3.2,participant,,,,,,a5508b68efe858976affddc55ddec1d52be0d4e3724ba6ec227b70b4157f5ac0
BNCI2014-001,1,csp_lda,channel_dropout,all_channels,4,0.5,7,22,11,0.5,0.5492610837438423,0.49122807013795755,0.491228070139639,0.3.2,participant,,,,,,a5508b68efe858976affddc55ddec1d52be0d4e3724ba6ec227b70b4157f5ac0
BNCI2014-001,1,csp_lda,channel_dropout,all_channels,4,0.5,8,22,11,0.5714285714285714,0.8620689655172414,0.3862737004295279,0.4152727644052462,0.3.2,participant,,,,,,a5508b68efe858976affddc55ddec1d52be0d4e3724ba6ec227b70b4157f5ac0
BNCI2014-001,1,csp_lda,channel_dropout,all_channels,4,0.5,9,22,11,0.5,0.5529556650246306,0.48735810247246386,0.48740042492229,0.3.2,participant,,,,,,a5508b68efe858976affddc55ddec1d52be0d4e3724ba6ec227b70b4157f5ac0
BNCI2014-001,1,csp_lda,clean,all_channels,5,0.0,0,22,0,0.8768472906403941,0.9421182266009853,0.09015107095419933,0.06508365910896688,0.3.2,participant,,,,,,a5508b68efe858976affddc55ddec1d52be0d4e3724ba6ec227b70b4157f5ac0
BNCI2014-001,1,csp_lda,channel_dropout,all_channels,5,0.1,0,22,2,0.5,0.9285714285714286,0.4911646347966641,0.4911953069562229,0.3.2,participant,,,,,,a5508b68efe858976affddc55ddec1d52be0d4e3724ba6ec227b70b4157f5ac0
BNCI2014-001,1,csp_lda,channel_dropout,all_channels,5,0.1,1,22,2,0.5,0.8854679802955665,0.5086235692427675,0.5086970848003216,0.3.2,participant,,,,,,a5508b68efe858976affddc55ddec1d52be0d4e3724ba6ec227b70b4157f5ac0
BNCI2014-001,1,csp_lda,channel_dropout,all_channels,5,0.1,2,22,2,0.5,0.9408866995073892,0.49121768457804627,0.4912225244371371,0.3.2,participant,,,,,,a5508b68efe858976affddc55ddec1d52be0d4e3724ba6ec227b70b4157f5ac0
BNCI2014-001,1,csp_lda,channel_dropout,all_channels,5,0.1,3,22,2,0.5689655172413793,0.8029556650246306,0.34853932332863313,0.3883696395202536,0.3.2,participant,,,,,,a5508b68efe858976affddc55ddec1d52be0d4e3724ba6ec227b70b4157f5ac0
BNCI2014-001,1,csp_lda,channel_dropout,all_channels,5,0.1,4,22,2,0.5,0.8854679802955665,0.4396951023996755,0.46585751346624377,0.3.2,participant,,,,,,a5508b68efe858976affddc55ddec1d52be0d4e3724ba6ec227b70b4157f5ac0
BNCI2014-001,1,csp_lda,channel_dropout,all_channels,5,0.1,5,22,2,0.5,0.8263546798029557,0.49122609384585414,0.4912269441412627,0.3.2,participant,,,,,,a5508b68efe858976affddc55ddec1d52be0d4e3724ba6ec227b70b4157f5ac0
BNCI2014-001,1,csp_lda,channel_dropout,all_channels,5,0.1,6,22,2,0.5,0.9174876847290642,0.48849374248803706,0.48973724955431197,0.3.2,participant,,,,,,a5508b68efe858976affddc55ddec1d52be0d4e3724ba6ec227b70b4157f5ac0
BNCI2014-001,1,csp_lda,channel_dropout,all_channels,5,0.1,7,22,2,0.5,0.8201970443349753,0.4752295251060891,0.4898526144963957,0.3.2,participant,,,,,,a5508b68efe858976affddc55ddec1d52be0d4e3724ba6ec227b70b4157f5ac0
BNCI2014-001,1,csp_lda,channel_dropout,all_channels,5,0.1,8,22,2,0.5,0.8448275862068966,0.49120755850054076,0.4912163596034062,0.3.2,participant,,,,,,a5508b68efe858976affddc55ddec1d52be0d4e3724ba6ec227b70b4157f5ac0
BNCI2014-001,1,csp_lda,channel_dropout,all_channels,5,0.1,9,22,2,0.5,0.8571428571428571,0.4690596666250714,0.4777408733636766,0.3.2,participant,,,,,,a5508b68efe858976affddc55ddec1d52be0d4e3724ba6ec227b70b4157f5ac0
BNCI2014-001,1,csp_lda,channel_dropout,all_channels,5,0.2,0,22,4,0.49938423645320196,0.6157635467980296,0.401027231543855,0.4076504023078626,0.3.2,participant,,,,,,a5508b68efe858976affddc55ddec1d52be0d4e3724ba6ec227b70b4157f5ac0
BNCI2014-001,1,csp_lda,channel_dropout,all_channels,5,0.2,1,22,4,0.5,0.6600985221674878,0.49122806938350455,0.4912280695688404,0.3.2,participant,,,,,,a5508b68efe858976affddc55ddec1d52be0d4e3724ba6ec227b70b4157f5ac0
BNCI2014-001,1,csp_lda,channel_dropout,all_channels,5,0.2,2,22,4,0.5,0.710591133004926,0.4912247767177843,0.49122594644163703,0.3.2,participant,,,,,,a5508b68efe858976affddc55ddec1d52be0d4e3724ba6ec227b70b4157f5ac0
BNCI2014-001,1,csp_lda,channel_dropout,all_channels,5,0.2,3,22,4,0.6896551724137931,0.9076354679802956,0.2357395531491329,0.269638919893002,0.3.2,participant,,,,,,a5508b68efe858976affddc55ddec1d52be0d4e3724ba6ec227b70b4157f5ac0
BNCI2014-001,1,csp_lda,channel_dropout,all_channels,5,0.2,4,22,4,0.5,0.9544334975369458,0.4912142049109901,0.49122083235686836,0.3.2,participant,,,,,,a5508b68efe858976affddc55ddec1d52be0d4e3724ba6ec227b70b4157f5ac0
BNCI2014-001,1,csp_lda,channel_dropout,all_channels,5,0.2,5,22,4,0.7727832512315271,0.8793103448275862,0.14867692845346175,0.11050918424541993,0.3.2,participant,,,,,,a5508b68efe858976affddc55ddec1d52be0d4e3724ba6ec227b70b4157f5ac0
BNCI2014-001,1,csp_lda,channel_dropout,all_channels,5,0.2,6,22,4,0.5,0.6539408866995073,0.49024360533558686,0.490380499998129,0.3.2,participant,,,,,,a5508b68efe858976affddc55ddec1d52be0d4e3724ba6ec227b70b4157f5ac0
BNCI2014-001,1,csp_lda,channel_dropout,all_channels,5,0.2,7,22,4,0.5,0.9741379310344829,0.46638727940396496,0.47660500272858836,0.3.2,participant,,,,,,a5508b68efe858976affddc55ddec1d52be0d4e3724ba6ec227b70b4157f5ac0
BNCI2014-001,1,csp_lda,channel_dropout,all_channels,5,0.2,8,22,4,0.5,0.852216748768473,0.49122655981967844,0.49122728308213554,0.3.2,participant,,,,,,a5508b68efe858976affddc55ddec1d52be0d4e3724ba6ec227b70b4157f5ac0
BNCI2014-001,1,csp_lda,channel_dropout,all_channels,5,0.2,9,22,4,0.5,0.6219211822660098,0.4911984334564137,0.4912012379133516,0.3.2,participant,,,,,,a5508b68efe858976affddc55ddec1d52be0d4e3724ba6ec227b70b4157f5ac0
BNCI2014-001,1,csp_lda,channel_dropout,all_channels,5,0.3,0,22,7,0.5,0.5344827586206896,0.48203461978380385,0.48302102091255694,0.3.2,participant,,,,,,a5508b68efe858976affddc55ddec1d52be0d4e3724ba6ec227b70b4157f5ac0
BNCI2014-001,1,csp_lda,channel_dropout,all_channels,5,0.3,1,22,7,0.5,0.7820197044334976,0.49674769536101654,0.5020971334528952,0.3.2,participant,,,,,,a5508b68efe858976affddc55ddec1d52be0d4e3724ba6ec227b70b4157f5ac0
BNCI2014-001,1,csp_lda,channel_dropout,all_channels,5,0.3,2,22,7,0.5,0.6391625615763546,0.48639043094177936,0.4869043977962258,0.3.2,participant,,,,,,a5508b68efe858976affddc55ddec1d52be0d4e3724ba6ec227b70b4157f5ac0
BNCI2014-001,1,csp_lda,channel_dropout,all_channels,5,0.3,3,22,7,0.5,0.7376847290640394,0.49120354560640744,0.491213390894215,0.3.2,participant,,,,,,a5508b68efe858976affddc55ddec1d52be0d4e3724ba6ec227b70b4157f5ac0
BNCI2014-001,1,csp_lda,channel_dropout,all_channels,5,0.3,4,22,7,0.49876847290640397,0.47536945812807885,0.3999041697567389,0.3888717595037272,0.3.2,participant,,,,,,a5508b68efe858976affddc55ddec1d52be0d4e3724ba6ec227b70b4157f5ac0
BNCI2014-001,1,csp_lda,channel_dropout,all_channels,5,0.3,5,22,7,0.5,0.8657635467980296,0.4912102908926441,0.49121552615349295,0.3.2,participant,,,,,,a5508b68efe858976affddc55ddec1d52be0d4e3724ba6ec227b70b4157f5ac0
BNCI2014-001,1,csp_lda,channel_dropout,all_channels,5,0.3,6,22,7,0.5,0.5184729064039408,0.4912279478348869,0.49122792723224556,0.3.2,participant,,,,,,a5508b68efe858976affddc55ddec1d52be0d4e3724ba6ec227b70b4157f5ac0
BNCI2014-001,1,csp_lda,channel_dropout,all_channels,5,0.3,7,22,7,0.5,0.958128078817734,0.464233655751409,0.4762724641544142,0.3.2,participant,,,,,,a5508b68efe858976affddc55ddec1d52be0d4e3724ba6ec227b70b4157f5ac0
BNCI2014-001,1,csp_lda,channel_dropout,all_channels,5,0.3,8,22,7,0.5,0.6650246305418719,0.4911698860403249,0.49117691302760863,0.3.2,participant,,,,,,a5508b68efe858976affddc55ddec1d52be0d4e3724ba6ec227b70b4157f5ac0
BNCI2014-001,1,csp_lda,channel_dropout,all_channels,5,0.3,9,22,7,0.5,0.8214285714285715,0.4909302147263924,0.49099266439911016,0.3.2,participant,,,,,,a5508b68efe858976affddc55ddec1d52be0d4e3724ba6ec227b70b4157f5ac0
BNCI2014-001,1,csp_lda,channel_dropout,all_channels,5,0.5,0,22,11,0.5,0.6650246305418719,0.491155986326332,0.4911752452873286,0.3.2,participant,,,,,,a5508b68efe858976affddc55ddec1d52be0d4e3724ba6ec227b70b4157f5ac0
BNCI2014-001,1,csp_lda,channel_dropout,all_channels,5,0.5,1,22,11,0.5,0.7093596059113301,0.49119365055777986,0.4911993095196925,0.3.2,participant,,,,,,a5508b68efe858976affddc55ddec1d52be0d4e3724ba6ec227b70b4157f5ac0
BNCI2014-001,1,csp_lda,channel_dropout,all_channels,5,0.5,2,22,11,0.5,0.5948275862068966,0.489114837243436,0.4895417632599614,0.3.2,participant,,,,,,a5508b68efe858976affddc55ddec1d52be0d4e3724ba6ec227b70b4157f5ac0
BNCI2014-001,1,csp_lda,channel_dropout,all_channels,5,0.5,3,22,11,0.5,0.8903940886699507,0.4875385293235646,0.4891199938600139,0.3.2,participant,,,,,,a5508b68efe858976affddc55ddec1d52be0d4e3724ba6ec227b70b4157f5ac0
BNCI2014-001,1,csp_lda,channel_dropout,all_channels,5,0.5,4,22,11,0.5,0.6724137931034483,0.4912173880862174,0.4912207300910783,0.3.2,participant,,,,,,a5508b68efe858976affddc55ddec1d52be0d4e3724ba6ec227b70b4157f5ac0
BNCI2014-001,1,csp_lda,channel_dropout,all_channels,5,0.5,5,22,11,0.5720443349753694,0.812807881773399,0.22834284038738117,0.21541158827094617,0.3.2,participant,,,,,,a5508b68efe858976affddc55ddec1d52be0d4e3724ba6ec227b70b4157f5ac0
BNCI2014-001,1,csp_lda,channel_dropout,all_channels,5,0.5,6,22,11,0.5,0.9384236453201971,0.4910242060454972,0.49110732314343813,0.3.2,participant,,,,,,a5508b68efe858976affddc55ddec1d52be0d4e3724ba6ec227b70b4157f5ac0
BNCI2014-001,1,csp_lda,channel_dropout,all_channels,5,0.5,7,22,11,0.5,0.5246305418719213,0.4463879131968342,0.4416962851823083,0.3.2,participant,,,,,,a5508b68efe858976affddc55ddec1d52be0d4e3724ba6ec227b70b4157f5ac0
BNCI2014-001,1,csp_lda,channel_dropout,all_channels,5,0.5,8,22,11,0.5,0.5431034482758621,0.4902932595351449,0.4904266067193997,0.3.2,participant,,,,,,a5508b68efe858976affddc55ddec1d52be0d4e3724ba6ec227b70b4157f5ac0
BNCI2014-001,1,csp_lda,channel_dropout,all_channels,5,0.5,9,22,11,0.5178571428571429,0.6588669950738916,0.3896787040182728,0.3998440231714003,0.3.2,participant,,,,,,a5508b68efe858976affddc55ddec1d52be0d4e3724ba6ec227b70b4157f5ac0
BNCI2014-001,1,csp_lda,reduced_montage,motor_core,1,0.0,0,3,0,0.8620689655172413,0.8941736028537455,0.14520366048945887,0.19832733656456175,0.3.2,not_applicable,"C3,Cz,C4",,,,,a5508b68efe858976affddc55ddec1d52be0d4e3724ba6ec227b70b4157f5ac0
BNCI2014-001,1,csp_lda,reduced_montage,motor_core,2,0.0,0,3,0,0.7586206896551724,0.8894173602853745,0.13823528911353336,0.15764890903256829,0.3.2,not_applicable,"C3,Cz,C4",,,,,a5508b68efe858976affddc55ddec1d52be0d4e3724ba6ec227b70b4157f5ac0
BNCI2014-001,1,csp_lda,reduced_montage,motor_core,3,0.0,0,3,0,0.8103448275862069,0.8608799048751486,0.15265056176655778,0.11276075833374351,0.3.2,not_applicable,"C3,Cz,C4",,,,,a5508b68efe858976affddc55ddec1d52be0d4e3724ba6ec227b70b4157f5ac0
BNCI2014-001,1,csp_lda,reduced_montage,motor_core,4,0.0,0,3,0,0.7727832512315271,0.855911330049261,0.15206809139463515,0.11090834180509282,0.3.2,not_applicable,"C3,Cz,C4",,,,,a5508b68efe858976affddc55ddec1d52be0d4e3724ba6ec227b70b4157f5ac0
BNCI2014-001,1,csp_lda,reduced_montage,motor_core,5,0.0,0,3,0,0.8084975369458128,0.8435960591133006,0.17265194525488917,0.20736619286460065,0.3.2,not_applicable,"C3,Cz,C4",,,,,a5508b68efe858976affddc55ddec1d52be0d4e3724ba6ec227b70b4157f5ac0
BNCI2014-001,1,csp_lda,reduced_montage,motor_extended,1,0.0,0,9,0,0.8620689655172413,0.9227110582639715,0.1195523270556304,0.12516139659845466,0.3.2,not_applicable,"FC3,FCz,FC4,C3,Cz,C4,CP3,CPz,CP4",,,,,a5508b68efe858976affddc55ddec1d52be0d4e3724ba6ec227b70b4157f5ac0
BNCI2014-001,1,csp_lda,reduced_montage,motor_extended,2,0.0,0,9,0,0.8103448275862069,0.9512485136741975,0.09219665118839547,0.1219668633736244,0.3.2,not_applicable,"FC3,FCz,FC4,C3,Cz,C4,CP3,CPz,CP4",,,,,a5508b68efe858976affddc55ddec1d52be0d4e3724ba6ec227b70b4157f5ac0
BNCI2014-001,1,csp_lda,reduced_montage,motor_extended,3,0.0,0,9,0,0.8620689655172413,0.9239001189060643,0.10829748733434527,0.09086266606574918,0.3.2,not_applicable,"FC3,FCz,FC4,C3,Cz,C4,CP3,CPz,CP4",,,,,a5508b68efe858976affddc55ddec1d52be0d4e3724ba6ec227b70b4157f5ac0
BNCI2014-001,1,csp_lda,reduced_montage,motor_extended,4,0.0,0,9,0,0.8423645320197044,0.9359605911330049,0.11379539926660569,0.08912136790681936,0.3.2,not_applicable,"FC3,FCz,FC4,C3,Cz,C4,CP3,CPz,CP4",,,,,a5508b68efe858976affddc55ddec1d52be0d4e3724ba6ec227b70b4157f5ac0
BNCI2014-001,1,csp_lda,reduced_montage,motor_extended,5,0.0,0,9,0,0.9642857142857143,0.9827586206896552,0.0683368575959651,0.150810655970958,0.3.2,not_applicable,"FC3,FCz,FC4,C3,Cz,C4,CP3,CPz,CP4",,,,,a5508b68efe858976affddc55ddec1d52be0d4e3724ba6ec227b70b4157f5ac0
BNCI2014-001,1,csp_lda,region_dropout,all_channels,1,0.3181818181818182,0,22,7,0.5,0.7146254458977408,0.49992960259686275,0.4999582652454911,0.3.2,not_applicable,,left_motor_strip,"FC3,FC1,C5,C3,C1,CP3,CP1",,,a5508b68efe858976affddc55ddec1d52be0d4e3724ba6ec227b70b4157f5ac0
BNCI2014-001,1,csp_lda,region_dropout,all_channels,1,0.13636363636363635,0,22,3,0.6206896551724138,0.8810939357907253,0.28005666359554793,0.3116593513447412,0.3.2,not_applicable,,midline_motor_strip,"FCz,Cz,CPz",,,a5508b68efe858976affddc55ddec1d52be0d4e3724ba6ec227b70b4157f5ac0
BNCI2014-001,1,csp_lda,region_dropout,all_channels,1,0.3181818181818182,0,22,7,0.5,0.7193816884661117,0.4997922266184292,0.4998320359987174,0.3.2,not_applicable,,right_motor_strip,"FC2,FC4,C2,C4,C6,CP2,CP4",,,a5508b68efe858976affddc55ddec1d52be0d4e3724ba6ec227b70b4157f5ac0
BNCI2014-001,1,csp_lda,region_dropout,all_channels,2,0.3181818181818182,0,22,7,0.5,0.7241379310344827,0.4999547788236062,0.49996452432642974,0.3.2,not_applicable,,left_motor_strip,"FC3,FC1,C5,C3,C1,CP3,CP1",,,a5508b68efe858976affddc55ddec1d52be0d4e3724ba6ec227b70b4157f5ac0
BNCI2014-001,1,csp_lda,region_dropout,all_channels,2,0.13636363636363635,0,22,3,0.7068965517241379,0.9215219976218787,0.20175514870187877,0.2403883525783275,0.3.2,not_applicable,,midline_motor_strip,"FCz,Cz,CPz",,,a5508b68efe858976affddc55ddec1d52be0d4e3724ba6ec227b70b4157f5ac0
BNCI2014-001,1,csp_lda,region_dropout,all_channels,2,0.3181818181818182,0,22,7,0.5,0.7574316290130796,0.49905229931074063,0.4993354785310512,0.3.2,not_applicable,,right_motor_strip,"FC2,FC4,C2,C4,C6,CP2,CP4",,,a5508b68efe858976affddc55ddec1d52be0d4e3724ba6ec227b70b4157f5ac0
BNCI2014-001,1,csp_lda,region_dropout,all_channels,3,0.3181818181818182,0,22,7,0.5,0.7229488703923901,0.4991450897888981,0.4994632810274912,0.3.2,not_applicable,,left_motor_strip,"FC3,FC1,C5,C3,C1,CP3,CP1",,,a5508b68efe858976affddc55ddec1d52be0d4e3724ba6ec227b70b4157f5ac0
BNCI2014-001,1,csp_lda,region_dropout,all_channels,3,0.13636363636363635,0,22,3,0.7241379310344828,0.8834720570749108,0.16151329328197733,0.1280157181752628,0.3.2,not_applicable,,midline_motor_strip,"FCz,Cz,CPz",,,a5508b68efe858976affddc55ddec1d52be0d4e3724ba6ec227b70b4157f5ac0
BNCI2014-001,1,csp_lda,region_dropout,all_channels,3,0.3181818181818182,0,22,7,0.5,0.7717003567181926,0.47777324776887087,0.4845684306929617,0.3.2,not_applicable,,right_motor_strip,"FC2,FC4,C2,C4,C6,CP2,CP4",,,a5508b68efe858976affddc55ddec1d52be0d4e3724ba6ec227b70b4157f5ac0
BNCI2014-001,1,csp_lda,region_dropout,all_channels,4,0.3181818181818182,0,22,7,0.5,0.6502463054187192,0.5033352739433136,0.5051949557707351,0.3.2,not_applicable,,left_motor_strip,"FC3,FC1,C5,C3,C1,CP3,CP1",,,a5508b68efe858976affddc55ddec1d52be0d4e3724ba6ec227b70b4157f5ac0
BNCI2014-001,1,csp_lda,region_dropout,all_channels,4,0.13636363636363635,0,22,3,0.5535714285714286,0.8805418719211823,0.40977751594316414,0.4390194474038599,0.3.2,not_applicable,,midline_motor_strip,"FCz,Cz,CPz",,,a5508b68efe858976affddc55ddec1d52be0d4e3724ba6ec227b70b4157f5ac0
BNCI2014-001,1,csp_lda,region_dropout,all_channels,4,0.3181818181818182,0,22,7,0.7906403940886699,0.8830049261083744,0.1473976316867446,0.11257680735392037,0.3.2,not_applicable,,right_motor_strip,"FC2,FC4,C2,C4,C6,CP2,CP4",,,a5508b68efe858976affddc55ddec1d52be0d4e3724ba6ec227b70b4157f5ac0
BNCI2014-001,1,csp_lda,region_dropout,all_channels,5,0.3181818181818182,0,22,7,0.5,0.6416256157635467,0.4905532381722024,0.4907779454059144,0.3.2,not_applicable,,left_motor_strip,"FC3,FC1,C5,C3,C1,CP3,CP1",,,a5508b68efe858976affddc55ddec1d52be0d4e3724ba6ec227b70b4157f5ac0
BNCI2014-001,1,csp_lda,region_dropout,all_channels,5,0.13636363636363635,0,22,3,0.5344827586206896,0.9088669950738916,0.3741938594569311,0.4111408871397067,0.3.2,not_applicable,,midline_motor_strip,"FCz,Cz,CPz",,,a5508b68efe858976affddc55ddec1d52be0d4e3724ba6ec227b70b4157f5ac0
BNCI2014-001,1,csp_lda,region_dropout,all_channels,5,0.3181818181818182,0,22,7,0.5,0.8362068965517241,0.48851476599963267,0.48933515068890615,0.3.2,not_applicable,,right_motor_strip,"FC2,FC4,C2,C4,C6,CP2,CP4",,,a5508b68efe858976affddc55ddec1d52be0d4e3724ba6ec227b70b4157f5ac0
BNCI2014-001,1,csp_lda,cross_session,all_channels,0,0.0,0,22,0,0.8333333333333333,0.9743441358024691,0.11966521197996788,0.16318708586056296,0.3.2,not_applicable,,,,0train,1test,a5508b68efe858976affddc55ddec1d52be0d4e3724ba6ec227b70b4157f5ac0
BNCI2014-001,2,csp_lda,clean,all_channels,1,0.0,0,22,0,0.5517241379310345,0.629013079667063,0.23786782165283157,0.15302111925293618,0.3.2,participant,,,,,,a5508b68efe858976affddc55ddec1d52be0d4e3724ba6ec227b70b4157f5ac0
BNCI2014-001,2,csp_lda,channel_dropout,all_channels,1,0.1,0,22,2,0.5,0.5279429250891796,0.47263481872328417,0.47655772036487964,0.3.2,participant,,,,,,a5508b68efe858976affddc55ddec1d52be0d4e3724ba6ec227b70b4157f5ac0
BNCI2014-001,2,csp_lda,channel_dropout,all_channels,1,0.1,1,22,2,0.5,0.5481569560047562,0.47851930246122604,0.4781407239258776,0.3.2,participant,,,,,,a5508b68efe858976affddc55ddec1d52be0d4e3724ba6ec227b70b4157f5ac0
BNCI2014-001,2,csp_lda,channel_dropout,all_channels,1,0.1,2,22,2,0.5,0.5279429250891796,0.4526838547924759,0.4489937927998745,0.3.2,participant,,,,,,a5508b68efe858976affddc55ddec1d52be0d4e3724ba6ec227b70b4157f5ac0
BNCI2014-001,2,csp_lda,channel_dropout,all_channels,1,0.1,3,22,2,0.5,0.5017835909631392,0.497562984826716,0.4975883495948319,0.3.2,participant,,,,,,a5508b68efe858976affddc55ddec1d52be0d4e3724ba6ec227b70b4157f5ac0
BNCI2014-001,2,csp_lda,channel_dropout,all_channels,1,0.1,4,22,2,0.5,0.5017835909631391,0.48608520840374636,0.4867537090094731,0.3.2,participant,,,,,,a5508b68efe858976affddc55ddec1d52be0d4e3724ba6ec227b70b4157f5ac0
BNCI2014-001,2,csp_lda,channel_dropout,all_channels,1,0.1,5,22,2,0.5,0.48513674197384066,0.4566729324456331,0.4551476412763397,0.3.2,participant,,,,,,a5508b68efe858976affddc55ddec1d52be0d4e3724ba6ec227b70b4157f5ac0
BNCI2014-001,2,csp_lda,channel_dropout,all_channels,1,0.1,6,22,2,0.5,0.47443519619500596,0.4599058696542888,0.4578089001642473,0.3.2,participant,,,,,,a5508b68efe858976affddc55ddec1d52be0d4e3724ba6ec227b70b4157f5ac0
BNCI2014-001,2,csp_lda,channel_dropout,all_channels,1,0.1,7,22,2,0.603448275862069,0.6076099881093936,0.24560719771942252,0.09390021007885178,0.3.2,participant,,,,,,a5508b68efe858976affddc55ddec1d52be0d4e3724ba6ec227b70b4157f5ac0
BNCI2014-001,2,csp_lda,channel_dropout,all_channels,1,0.1,8,22,2,0.5,0.5231866825208086,0.49100917988580217,0.49174607969611384,0.3.2,participant,,,,,,a5508b68efe858976affddc55ddec1d52be0d4e3724ba6ec227b70b4157f5ac0
BNCI2014-001,2,csp_lda,channel_dropout,all_channels,1,0.1,9,22,2,0.5,0.48275862068965525,0.4992115806762291,0.4991846807112206,0.3.2,participant,,,,,,a5508b68efe858976affddc55ddec1d52be0d4e3724ba6ec227b70b4157f5ac0
BNCI2014-001,2,csp_lda,channel_dropout,all_channels,1,0.2,0,22,4,0.5,0.5957193816884662,0.4660300440781386,0.46863183525423513,0.3.2,participant,,,,,,a5508b68efe858976affddc55ddec1d52be0d4e3724ba6ec227b70b4157f5ac0
BNCI2014-001,2,csp_lda,channel_dropout,all_channels,1,0.2,1,22,4,0.5,0.4209274673008324,0.4908629080265948,0.49023709431793505,0.3.2,participant,,,,,,a5508b68efe858976affddc55ddec1d52be0d4e3724ba6ec227b70b4157f5ac0
BNCI2014-001,2,csp_lda,channel_dropout,all_channels,1,0.2,2,22,4,0.5,0.46135552913198574,0.4950410329473749,0.4950114403727339,0.3.2,participant,,,,,,a5508b68efe858976affddc55ddec1d52be0d4e3724ba6ec227b70b4157f5ac0
BNCI2014-001,2,csp_lda,channel_dropout,all_channels,1,0.2,3,22,4,0.5,0.42211652794292515,0.45555602047767074,0.45098047663579693,0.3.2,participant,,,,,,a5508b68efe858976affddc55ddec1d52be0d4e3724ba6ec227b70b4157f5ac0
BNCI2014-001,2,csp_lda,channel_dropout,all_channels,1,0.2,4,22,4,0.41379310344827586,0.4209274673008323,0.3071307516684501,0.24630879196365232,0.3.2,participant,,,,,,a5508b68efe858976affddc55ddec1d52be0d4e3724ba6ec227b70b4157f5ac0
BNCI2014-001,2,csp_lda,channel_dropout,all_channels,1,0.2,5,22,4,0.5,0.4054696789536266,0.48518676866385557,0.4833850752934621,0.3.2,participant,,,,,,a5508b68efe858976affddc55ddec1d52be0d4e3724ba6ec227b70b4157f5ac0
BNCI2014-001,2,csp_lda,channel_dropout,all_channels,1,0.2,6,22,4,0.5,0.40309155766944116,0.49960310103981237,0.49956598878528846,0.3.2,participant,,,,,,a5508b68efe858976affddc55ddec1d52be0d4e3724ba6ec227b70b4157f5ac0
BNCI2014-001,2,csp_lda,channel_dropout,all_channels,1,0.2,7,22,4,0.5,0.4625445897740784,0.4497300901882799,0.4389040445082477,0.3.2,participant,,,,,,a5508b68efe858976affddc55ddec1d52be0d4e3724ba6ec227b70b4157f5ac0
BNCI2014-001,2,csp_lda,channel_dropout,all_channels,1,0.2,8,22,4,0.44827586206896547,0.525564803804994,0.3166589176111818,0.26995967843283336,0.3.2,participant,,,,,,a5508b68efe858976affddc55ddec1d52be0d4e3724ba6ec227b70b4157f5ac0
BNCI2014-001,2,csp_lda,channel_dropout,all_channels,1,0.2,9,22,4,0.4655172413793104,0.3995243757431629,0.3003755144964823,0.2579142994090739,0.3.2,participant,,,,,,a5508b68efe858976affddc55ddec1d52be0d4e3724ba6ec227b70b4157f5ac0
BNCI2014-001,2,csp_lda,channel_dropout,all_channels,1,0.3,0,22,7,0.5,0.49346016646848984,0.4996675646255601,0.49966591809615657,0.3.2,participant,,,,,,a5508b68efe858976affddc55ddec1d52be0d4e3724ba6ec227b70b4157f5ac0
BNCI2014-001,2,csp_lda,channel_dropout,all_channels,1,0.3,1,22,7,0.48275862068965514,0.44351961950059454,0.296286198239482,0.1840065536096366,0.3.2,participant,,,,,,a5508b68efe858976affddc55ddec1d52be0d4e3724ba6ec227b70b4157f5ac0
BNCI2014-001,2,csp_lda,channel_dropout,all_channels,1,0.3,2,22,7,0.5,0.4684898929845422,0.49995706862972145,0.4999536110608044,0.3.2,participant,,,,,,a5508b68efe858976affddc55ddec1d52be0d4e3724ba6ec227b70b4157f5ac0
BNCI2014-001,2,csp_lda,channel_dropout,all_channels,1,0.3,3,22,7,0.5,0.4078478002378121,0.4999985688984333,0.4999984595064102,0.3.2,participant,,,,,,a5508b68efe858976affddc55ddec1d52be0d4e3724ba6ec227b70b4157f5ac0
BNCI2014-001,2,csp_lda,channel_dropout,all_channels,1,0.3,4,22,7,0.5,0.4435196195005945,0.4952822508869547,0.4950510509624828,0.3.2,participant,,,,,,a5508b68efe858976affddc55ddec1d52be0d4e3724ba6ec227b70b4157f5ac0
BNCI2014-001,2,csp_lda,channel_dropout,all_channels,1,0.3,5,22,7,0.5,0.5279429250891796,0.3575005068212292,0.32562752061887873,0.3.2,participant,,,,,,a5508b68efe858976affddc55ddec1d52be0d4e3724ba6ec227b70b4157f5ac0
BNCI2014-001,2,csp_lda,channel_dropout,all_channels,1,0.3,6,22,7,0.5344827586206896,0.5422116527942925,0.2773933300984659,0.1380601022562749,0.3.2,participant,,,,,,a5508b68efe858976affddc55ddec1d52be0d4e3724ba6ec227b70b4157f5ac0
BNCI2014-001,2,csp_lda,channel_dropout,all_channels,1,0.3,7,22,7,0.5,0.48632580261593344,0.499938620835954,0.4999385730377751,0.3.2,participant,,,,,,a5508b68efe858976affddc55ddec1d52be0d4e3724ba6ec227b70b4157f5ac0
BNCI2014-001,2,csp_lda,channel_dropout,all_channels,1,0.3,8,22,7,0.5,0.4768133174791915,0.4999780489493214,0.49997424778608346,0.3.2,participant,,,,,,a5508b68efe858976affddc55ddec1d52be0d4e3724ba6ec227b70b4157f5ac0
BNCI2014-001,2,csp_lda,channel_dropout,all_channels,1,0.3,9,22,7,0.5,0.5755053507728894,0.4966318428587561,0.4968183101528245,0.3.2,participant,,,,,,a5508b68efe858976affddc55ddec1d52be0d4e3724ba6ec227b70b4157f5ac0
BNCI2014-001,2,csp_lda,channel_dropout,all_channels,1,0.5,0,22,11,0.5,0.4030915576694411,0.48470163830962143,0.4830163136884372,0.3.2,participant,,,,,,a5508b68efe858976affddc55ddec1d52be0d4e3724ba6ec227b70b4157f5ac0
BNCI2014-001,2,csp_lda,channel_dropout,all_channels,1,0.5,1,22,11,0.5,0.4423305588585018,0.49152549730623163,0.49087007891425094,0.3.2,participant,,,,,,a5508b68efe858976affddc55ddec1d52be0d4e3724ba6ec227b70b4157f5ac0
BNCI2014-001,2,csp_lda,channel_dropout,all_channels,1,0.5,2,22,11,0.5,0.5005945303210464,0.4892605670875436,0.48861861940028917,0.3.2,participant,,,,,,a5508b68efe858976affddc55ddec1d52be0d4e3724ba6ec227b70b4157f5ac0
BNCI2014-001,2,csp_lda,channel_dropout,all_channels,1,0.5,3,22,11,0.5,0.4304399524375743,0.4997467219817359,0.49972435098825385,0.3.2,participant,,,,,,a5508b68efe858976affddc55ddec1d52be0d4e3724ba6ec227b70b4157f5ac0
BNCI2014-001,2,csp_lda,channel_dropout,all_channels,1,0.5,4,22,11,0.5172413793103449,0.6159334126040429,0.2687058118747251,0.17483460062945858,0.3.2,participant,,,,,,a5508b68efe858976affddc55ddec1d52be0d4e3724ba6ec227b70b4157f5ac0
BNCI2014-001,2,csp_lda,channel_dropout,all_channels,1,0.5,5,22,11,0.5,0.5636147443519619,0.48317354969504994,0.48371184477516527,0.3.2,participant,,,,,,a5508b68efe858976affddc55ddec1d52be0d4e3724ba6ec227b70b4157f5ac0
BNCI2014-001,2,csp_lda,channel_dropout,all_channels,1,0.5,6,22,11,0.43103448275862066,0.5184304399524375,0.4156447188485249,0.4510614337172476,0.3.2,participant,,,,,,a5508b68efe858976affddc55ddec1d52be0d4e3724ba6ec227b70b4157f5ac0
BNCI2014-001,2,csp_lda,channel_dropout,all_channels,1,0.5,7,22,11,0.5,0.4768133174791914,0.4848781789364264,0.4845569542607153,0.3.2,participant,,,,,,a5508b68efe858976affddc55ddec1d52be0d4e3724ba6ec227b70b4157f5ac0
BNCI2014-001,2,csp_lda,channel_dropout,all_channels,1,0.5,8,22,11,0.5,0.5980975029726515,0.49824469406450733,0.4983675769093606,0.3.2,participant,,,,,,a5508b68efe858976affddc55ddec1d52be0d4e3724ba6ec227b70b4157f5ac0
BNCI2014-001,2,csp_lda,channel_dropout,all_channels,1,0.5,9,22,11,0.5,0.3995243757431629,0.49578559964088853,0.4953586695014003,0.3.2,participant,,,,,,a5508b68efe858976affddc55ddec1d52be0d4e3724ba6ec227b70b4157f5ac0
BNCI2014-001,2,csp_lda,clean,all_channels,2,0.0,0,22,0,0.6379310344827587,0.72294887039239,0.2107690944207702,0.12007716053981105,0.3.2,participant,,,,,,a5508b68efe858976affddc55ddec1d52be0d4e3724ba6ec227b70b4157f5ac0
BNCI2014-001,2,csp_lda,channel_dropout,all_channels,2,0.1,0,22,2,0.5,0.41736028537455416,0.49991268998283966,0.49988736602686457,0.3.2,participant,,,,,,a5508b68efe858976affddc55ddec1d52be0d4e3724ba6ec227b70b4157f5ac0
BNCI2014-001,2,csp_lda,channel_dropout,all_channels,2,0.1,1,22,2,0.5862068965517242,0.6135552913198573,0.28486169857668436,0.22992069051524677,0.3.2,participant,,,,,,a5508b68efe858976affddc55ddec1d52be0d4e3724ba6ec227b70b4157f5ac0
BNCI2014-001,2,csp_lda,channel_dropout,all_channels,2,0.1,2,22,2,0.5,0.4149821640903686,0.4005373470925141,0.37651280034206347,0.3.2,participant,,,,,,a5508b68efe858976affddc55ddec1d52be0d4e3724ba6ec227b70b4157f5ac0
BNCI2014-001,2,csp_lda,channel_dropout,all_channels,2,0.1,3,22,2,0.4827586206896552,0.6064209274673008,0.3197604700319582,0.2980106848081276,0.3.2,participant,,,,,,a5508b68efe858976affddc55ddec1d52be0d4e3724ba6ec227b70b4157f5ac0
BNCI2014-001,2,csp_lda,channel_dropout,all_channels,2,0.1,4,22,2,0.5172413793103449,0.5873959571938169,0.4056627108275714,0.41212247489777315,0.3.2,participant,,,,,,a5508b68efe858976affddc55ddec1d52be0d4e3724ba6ec227b70b4157f5ac0
BNCI2014-001,2,csp_lda,channel_dropout,all_channels,2,0.1,5,22,2,0.5,0.4815695600475624,0.49892496342486115,0.4988619400954606,0.3.2,participant,,,,,,a5508b68efe858976affddc55ddec1d52be0d4e3724ba6ec227b70b4157f5ac0
BNCI2014-001,2,csp_lda,channel_dropout,all_channels,2,0.1,6,22,2,0.5,0.544589774078478,0.49563258660672366,0.49626590615746813,0.3.2,participant,,,,,,a5508b68efe858976affddc55ddec1d52be0d4e3724ba6ec227b70b4157f5ac0
BNCI2014-001,2,csp_lda,channel_dropout,all_channels,2,0.1,7,22,2,0.5,0.6016646848989299,0.49166719838618106,0.49392715911690704,0.3.2,participant,,,,,,a5508b68efe858976affddc55ddec1d52be0d4e3724ba6ec227b70b4157f5ac0
BNCI2014-001,2,csp_lda,channel_dropout,all_channels,2,0.1,8,22,2,0.5,0.6195005945303211,0.4996533123326911,0.4998112528383488,0.3.2,participant,,,,,,a5508b68efe858976affddc55ddec1d52be0d4e3724ba6ec227b70b4157f5ac0
BNCI2014-001,2,csp_lda,channel_dropout,all_channels,2,0.1,9,22,2,0.5,0.4625445897740785,0.48027310251132616,0.4780244068083369,0.3.2,participant,,,,,,a5508b68efe858976affddc55ddec1d52be0d4e3724ba6ec227b70b4157f5ac0
BNCI2014-001,2,csp_lda,channel_dropout,all_channels,2,0.2,0,22,4,0.5,0.4637336504161712,0.499654644034979,0.4996304727535764,0.3.2,participant,,,,,,a5508b68efe858976affddc55ddec1d52be0d4e3724ba6ec227b70b4157f5ac0
BNCI2014-001,2,csp_lda,channel_dropout,all_channels,2,0.2,1,22,4,0.4137931034482759,0.375743162901308,0.2754021656860705,0.15713213582860042,0.3.2,participant,,,,,,a5508b68efe858976affddc55ddec1d52be0d4e3724ba6ec227b70b4157f5ac0
BNCI2014-001,2,csp_lda,channel_dropout,all_channels,2,0.2,2,22,4,0.5,0.49702734839476814,0.49999995092285926,0.4999999659739798,0.3.2,participant,,,,,,a5508b68efe858976affddc55ddec1d52be0d4e3724ba6ec227b70b4157f5ac0
BNCI2014-001,2,csp_lda,channel_dropout,all_channels,2,0.2,3,22,4,0.5,0.44589774078478006,0.49999542766230676,0.4999933977158574,0.3.2,participant,,,,,,a5508b68efe858976affddc55ddec1d52be0d4e3724ba6ec227b70b4157f5ac0
BNCI2014-001,2,csp_lda,channel_dropout,all_channels,2,0.2,4,22,4,0.5,0.45541022592152197,0.49986164437428593,0.4998899824788694,0.3.2,participant,,,,,,a5508b68efe858976affddc55ddec1d52be0d4e3724ba6ec227b70b4157f5ac0
BNCI2014-001,2,csp_lda,channel_dropout,all_channels,2,0.2,5,22,4,0.4827586206896552,0.4518430439952437,0.36674139736858186,0.3439762593417619,0.3.2,participant,,,,,,a5508b68efe858976affddc55ddec1d52be0d4e3724ba6ec227b70b4157f5ac0
BNCI2014-001,2,csp_lda,channel_dropout,all_channels,2,0.2,6,22,4,0.5,0.5505350772889417,0.46237422414033236,0.4645021917385854,0.3.2,participant,,,,,,a5508b68efe858976affddc55ddec1d52be0d4e3724ba6ec227b70b4157f5ac0
BNCI2014-001,2,csp_lda,channel_dropout,all_channels,2,0.2,7,22,4,0.5,0.6123662306777645,0.49999942638512823,0.49999969379781123,0.3.2,participant,,,,,,a5508b68efe858976affddc55ddec1d52be0d4e3724ba6ec227b70b4157f5ac0
BNCI2014-001,2,csp_lda,channel_dropout,all_channels,2,0.2,8,22,4,0.5,0.5897740784780025,0.3222409904498341,0.34124146918036796,0.3.2,participant,,,,,,a5508b68efe858976affddc55ddec1d52be0d4e3724ba6ec227b70b4157f5ac0
BNCI2014-001,2,csp_lda,channel_dropout,all_channels,2,0.2,9,22,4,0.5344827586206896,0.5766944114149822,0.39517061926898206,0.39352878186201345,0.3.2,participant,,,,,,a5508b68efe858976affddc55ddec1d52be0d4e3724ba6ec227b70b4157f5ac0
BNCI2014-001,2,csp_lda,channel_dropout,all_channels,2,0.3,0,22,7,0.5,0.43995243757431624,0.4999994604864129,0.49999940141298727,0.3.2,participant,,,,,,a5508b68efe858976affddc55ddec1d52be0d4e3724ba6ec227b70b4157f5ac0
BNCI2014-001,2,csp_lda,channel_dropout,all_channels,2,0.3,1,22,7,0.5,0.5980975029726516,0.49992819532292576,0.4999359463166917,0.3.2,participant,,,,,,a5508b68efe858976affddc55ddec1d52be0d4e3724ba6ec227b70b4157f5ac0
BNCI2014-001,2,csp_lda,channel_dropout,all_channels,2,0.3,2,22,7,0.5,0.5766944114149821,0.49998992997029473,0.4999932620365873,0.3.2,participant,,,,,,a5508b68efe858976affddc55ddec1d52be0d4e3724ba6ec227b70b4157f5ac0
BNCI2014-001,2,csp_lda,channel_dropout,all_channels,2,0.3,3,22,7,0.5,0.42568370986920334,0.49993270691583197,0.49991069799926424,0.3.2,participant,,,,,,a5508b68efe858976affddc55ddec1d52be0d4e3724ba6ec227b70b4157f5ac0
BNCI2014-001,2,csp_lda,channel_dropout,all_channels,2,0.3,4,22,7,0.5,0.5422116527942925,0.45497536735424715,0.4586125922170172,0.3.2,participant,,,,,,a5508b68efe858976affddc55ddec1d52be0d4e3724ba6ec227b70b4157f5ac0
BNCI2014-001,2,csp_lda,channel_dropout,all_channels,2,0.3,5,22,7,0.5,0.45422116527942924,0.49999729230995793,0.49999687767127055,0.3.2,participant,,,,,,a5508b68efe858976affddc55ddec1d52be0d4e3724ba6ec227b70b4157f5ac0
BNCI2014-001,2,csp_lda,channel_dropout,all_channels,2,0.3,6,22,7,0.5,0.4363852556480381,0.4902766804416658,0.48877425893690685,0.3.2,participant,,,,,,a5508b68efe858976affddc55ddec1d52be0d4e3724ba6ec227b70b4157f5ac0
BNCI2014-001,2,csp_lda,channel_dropout,all_channels,2,0.3,7,22,7,0.5862068965517242,0.7717003567181926,0.2943686450996903,0.2983480009851526,0.3.2,participant,,,,,,a5508b68efe858976affddc55ddec1d52be0d4e3724ba6ec227b70b4157f5ac0
BNCI2014-001,2,csp_lda,channel_dropout,all_channels,2,0.3,8,22,7,0.46551724137931033,0.5005945303210464,0.3653950031761607,0.34754951321310096,0.3.2,participant,,,,,,a5508b68efe858976affddc55ddec1d52be0d4e3724ba6ec227b70b4157f5ac0
BNCI2014-001,2,csp_lda,channel_dropout,all_channels,2,0.3,9,22,7,0.5,0.5612366230677764,0.49582321263263607,0.49555466489339484,0.3.2,participant,,,,,,a5508b68efe858976affddc55ddec1d52be0d4e3724ba6ec227b70b4157f5ac0
BNCI2014-001,2,csp_lda,channel_dropout,all_channels,2,0.5,0,22,11,0.5,0.6825208085612366,0.4998947922936282,0.4999364139997924,0.3.2,participant,,,,,,a5508b68efe858976affddc55ddec1d52be0d4e3724ba6ec227b70b4157f5ac0
BNCI2014-001,2,csp_lda,channel_dropout,all_channels,2,0.5,1,22,11,0.5,0.44946492271105826,0.49999995828214217,0.4999999537911958,0.3.2,participant,,,,,,a5508b68efe858976affddc55ddec1d52be0d4e3724ba6ec227b70b4157f5ac0
BNCI2014-001,2,csp_lda,channel_dropout,all_channels,2,0.5,2,22,11,0.5,0.48156956004756246,0.49999497202762144,0.4999933555653324,0.3.2,participant,,,,,,a5508b68efe858976affddc55ddec1d52be0d4e3724ba6ec227b70b4157f5ac0
BNCI2014-001,2,csp_lda,channel_dropout,all_channels,2,0.5,3,22,11,0.6206896551724138,0.6658739595719381,0.24639040180648653,0.16605146886994557,0.3.2,participant,,,,,,a5508b68efe858976affddc55ddec1d52be0d4e3724ba6ec227b70b4157f5ac0
BNCI2014-001,2,csp_lda,channel_dropout,all_channels,2,0.5,4,22,11,0.5,0.4066587395957194,0.4997863114979198,0.49974678686226637,0.3.2,participant,,,,,,a5508b68efe858976affddc55ddec1d52be0d4e3724ba6ec227b70b4157f5ac0
BNCI2014-001,2,csp_lda,channel_dropout,all_channels,2,0.5,5,22,11,0.5,0.42211652794292503,0.4999992604916598,0.4999987941538545,0.3.2,participant,,,,,,a5508b68efe858976affddc55ddec1d52be0d4e3724ba6ec227b70b4157f5ac0
BNCI2014-001,2,csp_lda,channel_dropout,all_channels,2,0.5,6,22,11,0.5,0.5707491082045184,0.4999725497954812,0.4999819682290463,0.3.2,participant,,,,,,a5508b68efe858976affddc55ddec1d52be0d4e3724ba6ec227b70b4157f5ac0
BNCI2014-001,2,csp_lda,channel_dropout,all_channels,2,0.5,7,22,11,0.5,0.5005945303210464,0.49998528535270437,0.4999852066914541,0.3.2,participant,,,,,,a5508b68efe858976affddc55ddec1d52be0d4e3724ba6ec227b70b4157f5ac0
BNCI2014-001,2,csp_lda,channel_dropout,all_channels,2,0.5,8,22,11,0.5,0.5219976218787158,0.49830519086950303,0.4982219700405136,0.3.2,participant,,,,,,a5508b68efe858976affddc55ddec1d52be0d4e3724ba6ec227b70b4157f5ac0
BNCI2014-001,2,csp_lda,channel_dropout,all_channels,2,0.5,9,22,11,0.5172413793103449,0.4768133174791915,0.44114490829132985,0.4416594060244101,0.3.2,participant,,,,,,a5508b68efe858976affddc55ddec1d52be0d4e3724ba6ec227b70b4157f5ac0
BNCI2014-001,2,csp_lda,clean,all_channels,3,0.0,0,22,0,0.5517241379310345,0.5755053507728893,0.2749156705281209,0.2086246006693842,0.3.2,participant,,,,,,a5508b68efe858976affddc55ddec1d52be0d4e3724ba6ec227b70b4157f5ac0
BNCI2014-001,2,csp_lda,channel_dropout,all_channels,3,0.1,0,22,2,0.4827586206896552,0.5362663495838287,0.4559275559872081,0.4511849611880119,0.3.2,participant,,,,,,a5508b68efe858976affddc55ddec1d52be0d4e3724ba6ec227b70b4157f5ac0
BNCI2014-001,2,csp_lda,channel_dropout,all_channels,3,0.1,1,22,2,0.5172413793103449,0.6076099881093936,0.29669402662655336,0.2712980661411897,0.3.2,participant,,,,,,a5508b68efe858976affddc55ddec1d52be0d4e3724ba6ec227b70b4157f5ac0
BNCI2014-001,2,csp_lda,channel_dropout,all_channels,3,0.1,2,22,2,0.5,0.563614744351962,0.4654826014231497,0.4696356004700092,0.3.2,participant,,,,,,a5508b68efe858976affddc55ddec1d52be0d4e3724ba6ec227b70b4157f5ac0
BNCI2014-001,2,csp_lda,channel_dropout,all_channels,3,0.1,3,22,2,0.5,0.5362663495838288,0.4998210902639581,0.4998137480785545,0.3.2,participant,,,,,,a5508b68efe858976affddc55ddec1d52be0d4e3724ba6ec227b70b4157f5ac0
BNCI2014-001,2,csp_lda,channel_dropout,all_channels,3,0.1,4,22,2,0.5172413793103449,0.450653983353151,0.3521546870856965,0.3000711583104326,0.3.2,participant,,,,,,a5508b68efe858976affddc55ddec1d52be0d4e3724ba6ec227b70b4157f5ac0
BNCI2014-001,2,csp_lda,channel_dropout,all_channels,3,0.1,5,22,2,0.603448275862069,0.6765755053507728,0.2451454498388282,0.14046038548395812,0.3.2,participant,,,,,,a5508b68efe858976affddc55ddec1d52be0d4e3724ba6ec227b70b4157f5ac0
BNCI2014-001,2,csp_lda,channel_dropout,all_channels,3,0.1,6,22,2,0.5,0.5362663495838288,0.49967550365258384,0.4996403180312047,0.3.2,participant,,,,,,a5508b68efe858976affddc55ddec1d52be0d4e3724ba6ec227b70b4157f5ac0
BNCI2014-001,2,csp_lda,channel_dropout,all_channels,3,0.1,7,22,2,0.5,0.4839476813317479,0.49193231957533806,0.49018476116342935,0.3.2,participant,,,,,,a5508b68efe858976affddc55ddec1d52be0d4e3724ba6ec227b70b4157f5ac0
BNCI2014-001,2,csp_lda,channel_dropout,all_channels,3,0.1,8,22,2,0.5,0.5743162901307968,0.4999049574287459,0.49988292509448096,0.3.2,participant,,,,,,a5508b68efe858976affddc55ddec1d52be0d4e3724ba6ec227b70b4157f5ac0
BNCI2014-001,2,csp_lda,channel_dropout,all_channels,3,0.1,9,22,2,0.5,0.5755053507728893,0.49999870503607796,0.4999980887843496,0.3.2,participant,,,,,,a5508b68efe858976affddc55ddec1d52be0d4e3724ba6ec227b70b4157f5ac0
BNCI2014-001,2,csp_lda,channel_dropout,all_channels,3,0.2,0,22,4,0.5,0.558858501783591,0.4998029233346352,0.4997982807716448,0.3.2,participant,,,,,,a5508b68efe858976affddc55ddec1d52be0d4e3724ba6ec227b70b4157f5ac0
BNCI2014-001,2,csp_lda,channel_dropout,all_channels,3,0.2,1,22,4,0.5,0.5386444708680143,0.4995042146932088,0.4994513544089998,0.3.2,participant,,,,,,a5508b68efe858976affddc55ddec1d52be0d4e3724ba6ec227b70b4157f5ac0
BNCI2014-001,2,csp_lda,channel_dropout,all_channels,3,0.2,2,22,4,0.5,0.47562425683709864,0.49775675822474935,0.49766109698448324,0.3.2,participant,,,,,,a5508b68efe858976affddc55ddec1d52be0d4e3724ba6ec227b70b4157f5ac0
BNCI2014-001,2,csp_lda,channel_dropout,all_channels,3,0.2,3,22,4,0.5,0.5208085612366231,0.49997755913901226,0.49996445170728376,0.3.2,participant,,,,,,a5508b68efe858976affddc55ddec1d52be0d4e3724ba6ec227b70b4157f5ac0
BNCI2014-001,2,csp_lda,channel_dropout,all_channels,3,0.2,4,22,4,0.5,0.5790725326991677,0.4989525535404863,0.49909350179837797,0.3.2,participant,,,,,,a5508b68efe858976affddc55ddec1d52be0d4e3724ba6ec227b70b4157f5ac0
BNCI2014-001,2,csp_lda,channel_dropout,all_channels,3,0.2,5,22,4,0.5,0.45541022592152197,0.49932713503641085,0.49933099272417275,0.3.2,participant,,,,,,a5508b68efe858976affddc55ddec1d52be0d4e3724ba6ec227b70b4157f5ac0
BNCI2014-001,2,csp_lda,channel_dropout,all_channels,3,0.2,6,22,4,0.5,0.5624256837098692,0.49963277715346655,0.49970664308781054,0.3.2,participant,,,,,,a5508b68efe858976affddc55ddec1d52be0d4e3724ba6ec227b70b4157f5ac0
BNCI2014-001,2,csp_lda,channel_dropout,all_channels,3,0.2,7,22,4,0.5,0.5909631391200951,0.4999431666903092,0.49994685202765665,0.3.2,participant,,,,,,a5508b68efe858976affddc55ddec1d52be0d4e3724ba6ec227b70b4157f5ac0
BNCI2014-001,2,csp_lda,channel_dropout,all_channels,3,0.2,8,22,4,0.5,0.5338882282996433,0.49976346665996163,0.49974192748695345,0.3.2,participant,,,,,,a5508b68efe858976affddc55ddec1d52be0d4e3724ba6ec227b70b4157f5ac0
BNCI2014-001,2,csp_lda,channel_dropout,all_channels,3,0.2,9,22,4,0.5,0.6111771700356718,0.4573330924451699,0.45916351327584215,0.3.2,participant,,,,,,a5508b68efe858976affddc55ddec1d52be0d4e3724ba6ec227b70b4157f5ac0
BNCI2014-001,2,csp_lda,channel_dropout,all_channels,3,0.3,0,22,7,0.5,0.5457788347205708,0.4999771566226588,0.49997494804939535,0.3.2,participant,,,,,,a5508b68efe858976affddc55ddec1d52be0d4e3724ba6ec227b70b4157f5ac0
BNCI2014-001,2,csp_lda,channel_dropout,all_channels,3,0.3,1,22,7,0.48275862068965514,0.42687277051129613,0.3225069312395636,0.2364686800954021,0.3.2,participant,,,,,,a5508b68efe858976affddc55ddec1d52be0d4e3724ba6ec227b70b4157f5ac0
BNCI2014-001,2,csp_lda,channel_dropout,all_channels,3,0.3,2,22,7,0.5,0.5814506539833532,0.48486154013331306,0.48561489996562995,0.3.2,participant,,,,,,a5508b68efe858976affddc55ddec1d52be0d4e3724ba6ec227b70b4157f5ac0
BNCI2014-001,2,csp_lda,channel_dropout,all_channels,3,0.3,3,22,7,0.46551724137931033,0.4161712247324614,0.3859728442959767,0.36600946590519484,0.3.2,participant,,,,,,a5508b68efe858976affddc55ddec1d52be0d4e3724ba6ec227b70b4157f5ac0
BNCI2014-001,2,csp_lda,channel_dropout,all_channels,3,0.3,4,22,7,0.5,0.5945303210463734,0.4912939915614467,0.49175526318256424,0.3.2,participant,,,,,,a5508b68efe858976affddc55ddec1d52be0d4e3724ba6ec227b70b4157f5ac0
BNCI2014-001,2,csp_lda,channel_dropout,all_channels,3,0.3,5,22,7,0.5,0.6052318668252081,0.4656554234295426,0.4679817448277943,0.3.2,participant,,,,,,a5508b68efe858976affddc55ddec1d52be0d4e3724ba6ec227b70b4157f5ac0
BNCI2014-001,2,csp_lda,channel_dropout,all_channels,3,0.3,6,22,7,0.5,0.4946492271105826,0.4947807859465939,0.4944013810310731,0.3.2,participant,,,,,,a5508b68efe858976affddc55ddec1d52be0d4e3724ba6ec227b70b4157f5ac0
BNCI2014-001,2,csp_lda,channel_dropout,all_channels,3,0.3,7,22,7,0.5,0.44708680142687285,0.49626749063585046,0.49632458001295937,0.3.2,participant,,,,,,a5508b68efe858976affddc55ddec1d52be0d4e3724ba6ec227b70b4157f5ac0
BNCI2014-001,2,csp_lda,channel_dropout,all_channels,3,0.3,8,22,7,0.5,0.43995243757431624,0.4982391156373429,0.4982872220213409,0.3.2,participant,,,,,,a5508b68efe858976affddc55ddec1d52be0d4e3724ba6ec227b70b4157f5ac0
BNCI2014-001,2,csp_lda,channel_dropout,all_channels,3,0.3,9,22,7,0.5,0.4423305588585018,0.4999999566762459,0.49999995469498365,0.3.2,participant,,,,,,a5508b68efe858976affddc55ddec1d52be0d4e3724ba6ec227b70b4157f5ac0
BNCI2014-001,2,csp_lda,channel_dropout,all_channels,3,0.5,0,22,11,0.3793103448275862,0.40665873959571935,0.3704325305174248,0.3507086207684301,0.3.2,participant,,,,,,a5508b68efe858976affddc55ddec1d52be0d4e3724ba6ec227b70b4157f5ac0
BNCI2014-001,2,csp_lda,channel_dropout,all_channels,3,0.5,1,22,11,0.5,0.40071343638525564,0.49807831293027527,0.4974791757504147,0.3.2,participant,,,,,,a5508b68efe858976affddc55ddec1d52be0d4e3724ba6ec227b70b4157f5ac0
BNCI2014-001,2,csp_lda,channel_dropout,all_channels,3,0.5,2,22,11,0.5,0.535077288941736,0.49994653503362846,0.49994524962688014,0.3.2,participant,,,,,,a5508b68efe858976affddc55ddec1d52be0d4e3724ba6ec227b70b4157f5ac0
BNCI2014-001,2,csp_lda,channel_dropout,all_channels,3,0.5,3,22,11,0.5172413793103449,0.5957193816884662,0.27864665767788294,0.22386180191196298,0.3.2,participant,,,,,,a5508b68efe858976affddc55ddec1d52be0d4e3724ba6ec227b70b4157f5ac0
BNCI2014-001,2,csp_lda,channel_dropout,all_channels,3,0.5,4,22,11,0.5,0.4994054696789536,0.4978820195239149,0.4978195824767927,0.3.2,participant,,,,,,a5508b68efe858976affddc55ddec1d52be0d4e3724ba6ec227b70b4157f5ac0
BNCI2014-001,2,csp_lda,channel_dropout,all_channels,3,0.5,5,22,11,0.5,0.3888228299643282,0.4983854965916936,0.4979822615882093,0.3.2,participant,,,,,,a5508b68efe858976affddc55ddec1d52be0d4e3724ba6ec227b70b4157f5ac0
BNCI2014-001,2,csp_lda,channel_dropout,all_channels,3,0.5,6,22,11,0.48275862068965514,0.6230677764565993,0.2713243114577175,0.19272842847694216,0.3.2,participant,,,,,,a5508b68efe858976affddc55ddec1d52be0d4e3724ba6ec227b70b4157f5ac0
BNCI2014-001,2,csp_lda,channel_dropout,all_channels,3,0.5,7,22,11,0.5,0.5041617122473245,0.4951390887082028,0.4928148325422026,0.3.2,participant,,,,,,a5508b68efe858976affddc55ddec1d52be0d4e3724ba6ec227b70b4157f5ac0
BNCI2014-001,2,csp_lda,channel_dropout,all_channels,3,0.5,8,22,11,0.5,0.41498216409036864,0.49999323333575724,0.4999942339169094,0.3.2,participant,,,,,,a5508b68efe858976affddc55ddec1d52be0d4e3724ba6ec227b70b4157f5ac0
BNCI2014-001,2,csp_lda,channel_dropout,all_channels,3,0.5,9,22,11,0.5,0.5315101070154578,0.4999241375158576,0.4999125078417166,0.3.2,participant,,,,,,a5508b68efe858976affddc55ddec1d52be0d4e3724ba6ec227b70b4157f5ac0
BNCI2014-001,2,csp_lda,clean,all_channels,4,0.0,0,22,0,0.5794334975369457,0.5738916256157636,0.2765577346244792,0.19538902640744216,0.3.2,participant,,,,,,a5508b68efe858976affddc55ddec1d52be0d4e3724ba6ec227b70b4157f5ac0
BNCI2014-001,2,csp_lda,channel_dropout,all_channels,4,0.1,0,22,2,0.5,0.480295566502463,0.5083231083188807,0.5083755249816412,0.3.2,participant,,,,,,a5508b68efe858976affddc55ddec1d52be0d4e3724ba6ec227b70b4157f5ac0
BNCI2014-001,2,csp_lda,channel_dropout,all_channels,4,0.1,1,22,2,0.5,0.47044334975369456,0.4911094772838694,0.49165352599989476,0.3.2,participant,,,,,,a5508b68efe858976affddc55ddec1d52be0d4e3724ba6ec227b70b4157f5ac0
BNCI2014-001,2,csp_lda,channel_dropout,all_channels,4,0.1,2,22,2,0.5,0.4630541871921182,0.5083856233890516,0.5084146461175691,0.3.2,participant,,,,,,a5508b68efe858976affddc55ddec1d52be0d4e3724ba6ec227b70b4157f5ac0
BNCI2014-001,2,csp_lda,channel_dropout,all_channels,4,0.1,3,22,2,0.5,0.37684729064039413,0.5086257851752447,0.5086067472355699,0.3.2,participant,,,,,,a5508b68efe858976affddc55ddec1d52be0d4e3724ba6ec227b70b4157f5ac0
BNCI2014-001,2,csp_lda,channel_dropout,all_channels,4,0.1,4,22,2,0.5,0.6305418719211822,0.49068817100799683,0.4907254124045515,0.3.2,participant,,,,,,a5508b68efe858976affddc55ddec1d52be0d4e3724ba6ec227b70b4157f5ac0
BNCI2014-001,2,csp_lda,channel_dropout,all_channels,4,0.1,5,22,2,0.5,0.41995073891625617,0.5087537939953745,0.5087524062057456,0.3.2,participant,,,,,,a5508b68efe858976affddc55ddec1d52be0d4e3724ba6ec227b70b4157f5ac0
BNCI2014-001,2,csp_lda,channel_dropout,all_channels,4,0.1,6,22,2,0.43226600985221675,0.5,0.2942294240881229,0.24465561988530982,0.3.2,participant,,,,,,a5508b68efe858976affddc55ddec1d52be0d4e3724ba6ec227b70b4157f5ac0
BNCI2014-001,2,csp_lda,channel_dropout,all_channels,4,0.1,7,22,2,0.5,0.5110837438423645,0.4985808058035885,0.4993177499919963,0.3.2,participant,,,,,,a5508b68efe858976affddc55ddec1d52be0d4e3724ba6ec227b70b4157f5ac0
BNCI2014-001,2,csp_lda,channel_dropout,all_channels,4,0.1,8,22,2,0.5,0.4642857142857143,0.5028149497860712,0.5031833183694039,0.3.2,participant,,,,,,a5508b68efe858976affddc55ddec1d52be0d4e3724ba6ec227b70b4157f5ac0
BNCI2014-001,2,csp_lda,channel_dropout,all_channels,4,0.1,9,22,2,0.5,0.41133004926108374,0.5085732645053779,0.5085881303326989,0.3.2,participant,,,,,,a5508b68efe858976affddc55ddec1d52be0d4e3724ba6ec227b70b4157f5ac0
BNCI2014-001,2,csp_lda,channel_dropout,all_channels,4,0.2,0,22,4,0.5,0.395320197044335,0.5087719230600699,0.5087719219896626,0.3.2,participant,,,,,,a5508b68efe858976affddc55ddec1d52be0d4e3724ba6ec227b70b4157f5ac0
BNCI2014-001,2,csp_lda,channel_dropout,all_channels,4,0.2,1,22,4,0.5,0.4421182266009852,0.44106764563464435,0.43226098629689824,0.3.2,participant,,,,,,a5508b68efe858976affddc55ddec1d52be0d4e3724ba6ec227b70b4157f5ac0
BNCI2014-001,2,csp_lda,channel_dropout,all_channels,4,0.2,2,22,4,0.5,0.4729064039408867,0.5063493892683818,0.5067465920377594,0.3.2,participant,,,,,,a5508b68efe858976affddc55ddec1d52be0d4e3724ba6ec227b70b4157f5ac0
BNCI2014-001,2,csp_lda,channel_dropout,all_channels,4,0.2,3,22,4,0.5812807881773399,0.5517241379310345,0.26725025851489165,0.0812637202330755,0.3.2,participant,,,,,,a5508b68efe858976affddc55ddec1d52be0d4e3724ba6ec227b70b4157f5ac0
BNCI2014-001,2,csp_lda,channel_dropout,all_channels,4,0.2,4,22,4,0.5,0.5578817733990148,0.34106228635044594,0.3183019688578159,0.3.2,participant,,,,,,a5508b68efe858976affddc55ddec1d52be0d4e3724ba6ec227b70b4157f5ac0
BNCI2014-001,2,csp_lda,channel_dropout,all_channels,4,0.2,5,22,4,0.5,0.46059113300492616,0.44932931309425217,0.4429391330882944,0.3.2,participant,,,,,,a5508b68efe858976affddc55ddec1d52be0d4e3724ba6ec227b70b4157f5ac0
BNCI2014-001,2,csp_lda,channel_dropout,all_channels,4,0.2,6,22,4,0.5,0.6613300492610839,0.44755682781001505,0.4494185517500598,0.3.2,participant,,,,,,a5508b68efe858976affddc55ddec1d52be0d4e3724ba6ec227b70b4157f5ac0
BNCI2014-001,2,csp_lda,channel_dropout,all_channels,4,0.2,7,22,4,0.5,0.41133004926108374,0.5087718888024383,0.5087718877653472,0.3.2,participant,,,,,,a5508b68efe858976affddc55ddec1d52be0d4e3724ba6ec227b70b4157f5ac0
BNCI2014-001,2,csp_lda,channel_dropout,all_channels,4,0.2,8,22,4,0.5,0.5960591133004927,0.49539924037725924,0.49837515539588795,0.3.2,participant,,,,,,a5508b68efe858976affddc55ddec1d52be0d4e3724ba6ec227b70b4157f5ac0
BNCI2014-001,2,csp_lda,channel_dropout,all_channels,4,0.2,9,22,4,0.5,0.5492610837438424,0.4855663997207442,0.4860947794829905,0.3.2,participant,,,,,,a5508b68efe858976affddc55ddec1d52be0d4e3724ba6ec227b70b4157f5ac0
BNCI2014-001,2,csp_lda,channel_dropout,all_channels,4,0.3,0,22,7,0.5,0.44581280788177347,0.508770700350145,0.5087705082951725,0.3.2,participant,,,,,,a5508b68efe858976affddc55ddec1d52be0d4e3724ba6ec227b70b4157f5ac0
BNCI2014-001,2,csp_lda,channel_dropout,all_channels,4,0.3,1,22,7,0.5,0.4285714285714286,0.5085517489792881,0.5085438337512326,0.3.2,participant,,,,,,a5508b68efe858976affddc55ddec1d52be0d4e3724ba6ec227b70b4157f5ac0
BNCI2014-001,2,csp_lda,channel_dropout,all_channels,4,0.3,2,22,7,0.5,0.4396551724137931,0.5087718744820727,0.5087718673994621,0.3.2,participant,,,,,,a5508b68efe858976affddc55ddec1d52be0d4e3724ba6ec227b70b4157f5ac0
BNCI2014-001,2,csp_lda,channel_dropout,all_channels,4,0.3,3,22,7,0.5,0.3571428571428571,0.508512099554372,0.5084665404876684,0.3.2,participant,,,,,,a5508b68efe858976affddc55ddec1d52be0d4e3724ba6ec227b70b4157f5ac0
BNCI2014-001,2,csp_lda,channel_dropout,all_channels,4,0.3,4,22,7,0.5,0.49630541871921174,0.5076654228971121,0.5075836747350069,0.3.2,participant,,,,,,a5508b68efe858976affddc55ddec1d52be0d4e3724ba6ec227b70b4157f5ac0
BNCI2014-001,2,csp_lda,channel_dropout,all_channels,4,0.3,5,22,7,0.5,0.479064039408867,0.498813215087638,0.4988627007325257,0.3.2,participant,,,,,,a5508b68efe858976affddc55ddec1d52be0d4e3724ba6ec227b70b4157f5ac0
BNCI2014-001,2,csp_lda,channel_dropout,all_channels,4,0.3,6,22,7,0.5,0.5665024630541872,0.5056838478156833,0.5059148126125482,0.3.2,participant,,,,,,a5508b68efe858976affddc55ddec1d52be0d4e3724ba6ec227b70b4157f5ac0
BNCI2014-001,2,csp_lda,channel_dropout,all_channels,4,0.3,7,22,7,0.5,0.45935960591133007,0.5062782116330355,0.5061576403779586,0.3.2,participant,,,,,,a5508b68efe858976affddc55ddec1d52be0d4e3724ba6ec227b70b4157f5ac0
BNCI2014-001,2,csp_lda,channel_dropout,all_channels,4,0.3,8,22,7,0.5,0.3448275862068966,0.5069095585145569,0.5066345146556317,0.3.2,participant,,,,,,a5508b68efe858976affddc55ddec1d52be0d4e3724ba6ec227b70b4157f5ac0
BNCI2014-001,2,csp_lda,channel_dropout,all_channels,4,0.3,9,22,7,0.5,0.48645320197044334,0.4261921446597706,0.42490837245603447,0.3.2,participant,,,,,,a5508b68efe858976affddc55ddec1d52be0d4e3724ba6ec227b70b4157f5ac0
BNCI2014-001,2,csp_lda,channel_dropout,all_channels,4,0.5,0,22,11,0.5,0.43103448275862066,0.5087716429505639,0.5087715480204098,0.3.2,participant,,,,,,a5508b68efe858976affddc55ddec1d52be0d4e3724ba6ec227b70b4157f5ac0
BNCI2014-001,2,csp_lda,channel_dropout,all_channels,4,0.5,1,22,11,0.5,0.4137931034482758,0.5087422343318955,0.5087373949261094,0.3.2,participant,,,,,,a5508b68efe858976affddc55ddec1d52be0d4e3724ba6ec227b70b4157f5ac0
BNCI2014-001,2,csp_lda,channel_dropout,all_channels,4,0.5,2,22,11,0.5,0.39655172413793105,0.5087719212466171,0.5087719214063608,0.3.2,participant,,,,,,a5508b68efe858976affddc55ddec1d52be0d4e3724ba6ec227b70b4157f5ac0
BNCI2014-001,2,csp_lda,channel_dropout,all_channels,4,0.5,3,22,11,0.5,0.4445812807881773,0.5087680076237564,0.5087672793024144,0.3.2,participant,,,,,,a5508b68efe858976affddc55ddec1d52be0d4e3724ba6ec227b70b4157f5ac0
BNCI2014-001,2,csp_lda,channel_dropout,all_channels,4,0.5,4,22,11,0.5,0.4039408866995074,0.5082597915638614,0.5082164647664748,0.3.2,participant,,,,,,a5508b68efe858976affddc55ddec1d52be0d4e3724ba6ec227b70b4157f5ac0
BNCI2014-001,2,csp_lda,channel_dropout,all_channels,4,0.5,5,22,11,0.5,0.3866995073891626,0.5083611916080395,0.5083021827101242,0.3.2,participant,,,,,,a5508b68efe858976affddc55ddec1d52be0d4e3724ba6ec227b70b4157f5ac0
BNCI2014-001,2,csp_lda,channel_dropout,all_channels,4,0.5,6,22,11,0.5,0.5012315270935961,0.5048000450499668,0.5046980981620789,0.3.2,participant,,,,,,a5508b68efe858976affddc55ddec1d52be0d4e3724ba6ec227b70b4157f5ac0
BNCI2014-001,2,csp_lda,channel_dropout,all_channels,4,0.5,7,22,11,0.5,0.3805418719211823,0.508544708664664,0.5084899724819077,0.3.2,participant,,,,,,a5508b68efe858976affddc55ddec1d52be0d4e3724ba6ec227b70b4157f5ac0
BNCI2014-001,2,csp_lda,channel_dropout,all_channels,4,0.5,8,22,11,0.45566502463054187,0.3953201970443349,0.3190161138726081,0.186883663414962,0.3.2,participant,,,,,,a5508b68efe858976affddc55ddec1d52be0d4e3724ba6ec227b70b4157f5ac0
BNCI2014-001,2,csp_lda,channel_dropout,all_channels,4,0.5,9,22,11,0.5,0.4014778325123153,0.38513397430442525,0.3620071763227407,0.3.2,participant,,,,,,a5508b68efe858976affddc55ddec1d52be0d4e3724ba6ec227b70b4157f5ac0
BNCI2014-001,2,csp_lda,clean,all_channels,5,0.0,0,22,0,0.5972906403940887,0.6157635467980295,0.25586041260011516,0.21906947637941993,0.3.2,participant,,,,,,a5508b68efe858976affddc55ddec1d52be0d4e3724ba6ec227b70b4157f5ac0
BNCI2014-001,2,csp_lda,channel_dropout,all_channels,5,0.1,0,22,2,0.5,0.3497536945812808,0.49026369175474066,0.4897950063540073,0.3.2,participant,,,,,,a5508b68efe858976affddc55ddec1d52be0d4e3724ba6ec227b70b4157f5ac0
BNCI2014-001,2,csp_lda,channel_dropout,all_channels,5,0.1,1,22,2,0.5,0.37807881773399016,0.490282495091372,0.4900489499715883,0.3.2,participant,,,,,,a5508b68efe858976affddc55ddec1d52be0d4e3724ba6ec227b70b4157f5ac0
BNCI2014-001,2,csp_lda,channel_dropout,all_channels,5,0.1,2,22,2,0.5,0.4100985221674877,0.48911622625798723,0.48830954438877894,0.3.2,participant,,,,,,a5508b68efe858976affddc55ddec1d52be0d4e3724ba6ec227b70b4157f5ac0
BNCI2014-001,2,csp_lda,channel_dropout,all_channels,5,0.1,3,22,2,0.5572660098522167,0.6366995073891626,0.25000760319082127,0.16207786219862738,0.3.2,participant,,,,,,a5508b68efe858976affddc55ddec1d52be0d4e3724ba6ec227b70b4157f5ac0
BNCI2014-001,2,csp_lda,channel_dropout,all_channels,5,0.1,4,22,2,0.5763546798029556,0.5455665024630542,0.257013430131366,0.127536902520564,0.3.2,participant,,,,,,a5508b68efe858976affddc55ddec1d52be0d4e3724ba6ec227b70b4157f5ac0
BNCI2014-001,2,csp_lda,channel_dropout,all_channels,5,0.1,5,22,2,0.5,0.5455665024630543,0.4851333480852408,0.48521622705135825,0.3.2,participant,,,,,,a5508b68efe858976affddc55ddec1d52be0d4e3724ba6ec227b70b4157f5ac0
BNCI2014-001,2,csp_lda,channel_dropout,all_channels,5,0.1,6,22,2,0.5,0.3990147783251232,0.4896240503317371,0.4892383364484514,0.3.2,participant,,,,,,a5508b68efe858976affddc55ddec1d52be0d4e3724ba6ec227b70b4157f5ac0
BNCI2014-001,2,csp_lda,channel_dropout,all_channels,5,0.1,7,22,2,0.5548029556650246,0.6391625615763546,0.26292078826319704,0.20293205041685752,0.3.2,participant,,,,,,a5508b68efe858976affddc55ddec1d52be0d4e3724ba6ec227b70b4157f5ac0
BNCI2014-001,2,csp_lda,channel_dropout,all_channels,5,0.1,8,22,2,0.4408866995073891,0.5233990147783252,0.2993735237561468,0.2723274606244542,0.3.2,participant,,,,,,a5508b68efe858976affddc55ddec1d52be0d4e3724ba6ec227b70b4157f5ac0
BNCI2014-001,2,csp_lda,channel_dropout,all_channels,5,0.1,9,22,2,0.5,0.5098522167487685,0.48813933006765264,0.48811823513979535,0.3.2,participant,,,,,,a5508b68efe858976affddc55ddec1d52be0d4e3724ba6ec227b70b4157f5ac0
BNCI2014-001,2,csp_lda,channel_dropout,all_channels,5,0.2,0,22,4,0.5,0.5135467980295567,0.4903903720016008,0.49041559975579363,0.3.2,participant,,,,,,a5508b68efe858976affddc55ddec1d52be0d4e3724ba6ec227b70b4157f5ac0
BNCI2014-001,2,csp_lda,channel_dropout,all_channels,5,0.2,1,22,4,0.5,0.4064039408866995,0.4911548312112798,0.49112287455184345,0.3.2,participant,,,,,,a5508b68efe858976affddc55ddec1d52be0d4e3724ba6ec227b70b4157f5ac0
BNCI2014-001,2,csp_lda,channel_dropout,all_channels,5,0.2,2,22,4,0.5,0.47536945812807885,0.48141130197462967,0.4811676784271335,0.3.2,participant,,,,,,a5508b68efe858976affddc55ddec1d52be0d4e3724ba6ec227b70b4157f5ac0
BNCI2014-001,2,csp_lda,channel_dropout,all_channels,5,0.2,3,22,4,0.5,0.6071428571428572,0.3126042330625396,0.2695932277750931,0.3.2,participant,,,,,,a5508b68efe858976affddc55ddec1d52be0d4e3724ba6ec227b70b4157f5ac0
BNCI2014-001,2,csp_lda,channel_dropout,all_channels,5,0.2,4,22,4,0.5,0.5270935960591133,0.4842628222303652,0.4845438831624579,0.3.2,participant,,,,,,a5508b68efe858976affddc55ddec1d52be0d4e3724ba6ec227b70b4157f5ac0
BNCI2014-001,2,csp_lda,channel_dropout,all_channels,5,0.2,5,22,4,0.5,0.4211822660098522,0.4912143674561728,0.4912109675409779,0.3.2,participant,,,,,,a5508b68efe858976affddc55ddec1d52be0d4e3724ba6ec227b70b4157f5ac0
BNCI2014-001,2,csp_lda,channel_dropout,all_channels,5,0.2,6,22,4,0.5,0.4987684729064039,0.49106092240224514,0.4910481393849844,0.3.2,participant,,,,,,a5508b68efe858976affddc55ddec1d52be0d4e3724ba6ec227b70b4157f5ac0
BNCI2014-001,2,csp_lda,channel_dropout,all_channels,5,0.2,7,22,4,0.5,0.4495073891625616,0.4104417049089178,0.41770577367947503,0.3.2,participant,,,,,,a5508b68efe858976affddc55ddec1d52be0d4e3724ba6ec227b70b4157f5ac0
BNCI2014-001,2,csp_lda,channel_dropout,all_channels,5,0.2,8,22,4,0.5,0.47290640394088673,0.49122105401633975,0.4912202931487494,0.3.2,participant,,,,,,a5508b68efe858976affddc55ddec1d52be0d4e3724ba6ec227b70b4157f5ac0
BNCI2014-001,2,csp_lda,channel_dropout,all_channels,5,0.2,9,22,4,0.5,0.4864532019704433,0.4865507937995732,0.4864003392855062,0.3.2,participant,,,,,,a5508b68efe858976affddc55ddec1d52be0d4e3724ba6ec227b70b4157f5ac0
BNCI2014-001,2,csp_lda,channel_dropout,all_channels,5,0.3,0,22,7,0.5,0.39778325123152714,0.4778874530524142,0.47484362230775345,0.3.2,participant,,,,,,a5508b68efe858976affddc55ddec1d52be0d4e3724ba6ec227b70b4157f5ac0
BNCI2014-001,2,csp_lda,channel_dropout,all_channels,5,0.3,1,22,7,0.5,0.6108374384236454,0.41679442004159434,0.4266004123943903,0.3.2,participant,,,,,,a5508b68efe858976affddc55ddec1d52be0d4e3724ba6ec227b70b4157f5ac0
BNCI2014-001,2,csp_lda,channel_dropout,all_channels,5,0.3,2,22,7,0.5,0.5529556650246306,0.4339790223836614,0.43183019023732017,0.3.2,participant,,,,,,a5508b68efe858976affddc55ddec1d52be0d4e3724ba6ec227b70b4157f5ac0
BNCI2014-001,2,csp_lda,channel_dropout,all_channels,5,0.3,3,22,7,0.5,0.46059113300492616,0.4663644407278635,0.4623278646349852,0.3.2,participant,,,,,,a5508b68efe858976affddc55ddec1d52be0d4e3724ba6ec227b70b4157f5ac0
BNCI2014-001,2,csp_lda,channel_dropout,all_channels,5,0.3,4,22,7,0.45320197044334976,0.4137931034482758,0.3108396269214834,0.2122396567801423,0.3.2,participant,,,,,,a5508b68efe858976affddc55ddec1d52be0d4e3724ba6ec227b70b4157f5ac0
BNCI2014-001,2,csp_lda,channel_dropout,all_channels,5,0.3,5,22,7,0.5,0.5135467980295566,0.3613835079490699,0.3337196328627898,0.3.2,participant,,,,,,a5508b68efe858976affddc55ddec1d52be0d4e3724ba6ec227b70b4157f5ac0
BNCI2014-001,2,csp_lda,channel_dropout,all_channels,5,0.3,6,22,7,0.5,0.4273399014778325,0.4299963061441427,0.4170635739872842,0.3.2,participant,,,,,,a5508b68efe858976affddc55ddec1d52be0d4e3724ba6ec227b70b4157f5ac0
BNCI2014-001,2,csp_lda,channel_dropout,all_channels,5,0.3,7,22,7,0.4501231527093596,0.49137931034482757,0.2650716762281691,0.18664011065970387,0.3.2,participant,,,,,,a5508b68efe858976affddc55ddec1d52be0d4e3724ba6ec227b70b4157f5ac0
BNCI2014-001,2,csp_lda,channel_dropout,all_channels,5,0.3,8,22,7,0.5,0.45320197044334976,0.4912173353235197,0.4912159555669179,0.3.2,participant,,,,,,a5508b68efe858976affddc55ddec1d52be0d4e3724ba6ec227b70b4157f5ac0
BNCI2014-001,2,csp_lda,channel_dropout,all_channels,5,0.3,9,22,7,0.5,0.49630541871921185,0.4902034045590881,0.4901506127874302,0.3.2,participant,,,,,,a5508b68efe858976affddc55ddec1d52be0d4e3724ba6ec227b70b4157f5ac0
BNCI2014-001,2,csp_lda,channel_dropout,all_channels,5,0.5,0,22,11,0.5,0.4938423645320197,0.4818636584646103,0.48154763931614364,0.3.2,participant,,,,,,a5508b68efe858976affddc55ddec1d52be0d4e3724ba6ec227b70b4157f5ac0
BNCI2014-001,2,csp_lda,channel_dropout,all_channels,5,0.5,1,22,11,0.5,0.5197044334975369,0.36985802764188425,0.3402365641976238,0.3.2,participant,,,,,,a5508b68efe858976affddc55ddec1d52be0d4e3724ba6ec227b70b4157f5ac0
BNCI2014-001,2,csp_lda,channel_dropout,all_channels,5,0.5,2,22,11,0.5,0.4002463054187192,0.49109019239457674,0.4910681852617763,0.3.2,participant,,,,,,a5508b68efe858976affddc55ddec1d52be0d4e3724ba6ec227b70b4157f5ac0
BNCI2014-001,2,csp_lda,channel_dropout,all_channels,5,0.5,3,22,11,0.5,0.373152709359606,0.49122635566319733,0.49122545853237365,0.3.2,participant,,,,,,a5508b68efe858976affddc55ddec1d52be0d4e3724ba6ec227b70b4157f5ac0
BNCI2014-001,2,csp_lda,channel_dropout,all_channels,5,0.5,4,22,11,0.4827586206896552,0.6083743842364533,0.30908778352352817,0.27896329388524177,0.3.2,participant,,,,,,a5508b68efe858976affddc55ddec1d52be0d4e3724ba6ec227b70b4157f5ac0
BNCI2014-001,2,csp_lda,channel_dropout,all_channels,5,0.5,5,22,11,0.5,0.4729064039408867,0.35025402338901596,0.29766604780560185,0.3.2,participant,,,,,,a5508b68efe858976affddc55ddec1d52be0d4e3724ba6ec227b70b4157f5ac0
BNCI2014-001,2,csp_lda,channel_dropout,all_channels,5,0.5,6,22,11,0.5,0.4802955665024631,0.48301816565781214,0.4824627658618179,0.3.2,participant,,,,,,a5508b68efe858976affddc55ddec1d52be0d4e3724ba6ec227b70b4157f5ac0
BNCI2014-001,2,csp_lda,channel_dropout,all_channels,5,0.5,7,22,11,0.5,0.5147783251231527,0.48385814059318727,0.4840381264685124,0.3.2,participant,,,,,,a5508b68efe858976affddc55ddec1d52be0d4e3724ba6ec227b70b4157f5ac0
BNCI2014-001,2,csp_lda,channel_dropout,all_channels,5,0.5,8,22,11,0.5,0.5110837438423645,0.49122293053383204,0.4912232285769337,0.3.2,participant,,,,,,a5508b68efe858976affddc55ddec1d52be0d4e3724ba6ec227b70b4157f5ac0
BNCI2014-001,2,csp_lda,channel_dropout,all_channels,5,0.5,9,22,11,0.500615763546798,0.5455665024630543,0.305696403509326,0.2507379713013473,0.3.2,participant,,,,,,a5508b68efe858976affddc55ddec1d52be0d4e3724ba6ec227b70b4157f5ac0
BNCI2014-001,2,csp_lda,reduced_montage,motor_core,1,0.0,0,3,0,0.5,0.520808561236623,0.24795224312610892,0.030672640598043678,0.3.2,not_applicable,"C3,Cz,C4",,,,,a5508b68efe858976affddc55ddec1d52be0d4e3724ba6ec227b70b4157f5ac0
BNCI2014-001,2,csp_lda,reduced_montage,motor_core,2,0.0,0,3,0,0.5,0.48038049940546973,0.2522274330311662,0.06551884529290677,0.3.2,not_applicable,"C3,Cz,C4",,,,,a5508b68efe858976affddc55ddec1d52be0d4e3724ba6ec227b70b4157f5ac0
BNCI2014-001,2,csp_lda,reduced_montage,motor_core,3,0.0,0,3,0,0.4655172413793104,0.44708680142687274,0.26049511700663086,0.081949153107847,0.3.2,not_applicable,"C3,Cz,C4",,,,,a5508b68efe858976affddc55ddec1d52be0d4e3724ba6ec227b70b4157f5ac0
BNCI2014-001,2,csp_lda,reduced_montage,motor_core,4,0.0,0,3,0,0.5098522167487685,0.5591133004926109,0.24725503596300855,0.038429187870955964,0.3.2,not_applicable,"C3,Cz,C4",,,,,a5508b68efe858976affddc55ddec1d52be0d4e3724ba6ec227b70b4157f5ac0
BNCI2014-001,2,csp_lda,reduced_montage,motor_core,5,0.0,0,3,0,0.5264778325123153,0.4802955665024631,0.2617293107358151,0.09271255091827338,0.3.2,not_applicable,"C3,Cz,C4",,,,,a5508b68efe858976affddc55ddec1d52be0d4e3724ba6ec227b70b4157f5ac0
BNCI2014-001,2,csp_lda,reduced_montage,motor_extended,1,0.0,0,9,0,0.5862068965517242,0.5564803804994055,0.25974942379016575,0.18057744593408373,0.3.2,not_applicable,"FC3,FCz,FC4,C3,Cz,C4,CP3,CPz,CP4",,,,,a5508b68efe858976affddc55ddec1d52be0d4e3724ba6ec227b70b4157f5ac0
BNCI2014-001,2,csp_lda,reduced_montage,motor_extended,2,0.0,0,9,0,0.5517241379310345,0.5481569560047562,0.26852758660809445,0.17390039173057203,0.3.2,not_applicable,"FC3,FCz,FC4,C3,Cz,C4,CP3,CPz,CP4",,,,,a5508b68efe858976affddc55ddec1d52be0d4e3724ba6ec227b70b4157f5ac0
BNCI2014-001,2,csp_lda,reduced_montage,motor_extended,3,0.0,0,9,0,0.5344827586206896,0.5541022592152199,0.27233359540418084,0.13922490217508957,0.3.2,not_applicable,"FC3,FCz,FC4,C3,Cz,C4,CP3,CPz,CP4",,,,,a5508b68efe858976affddc55ddec1d52be0d4e3724ba6ec227b70b4157f5ac0
BNCI2014-001,2,csp_lda,reduced_montage,motor_extended,4,0.0,0,9,0,0.5800492610837439,0.6551724137931034,0.23618552357582215,0.15323583785004707,0.3.2,not_applicable,"FC3,FCz,FC4,C3,Cz,C4,CP3,CPz,CP4",,,,,a5508b68efe858976affddc55ddec1d52be0d4e3724ba6ec227b70b4157f5ac0
BNCI2014-001,2,csp_lda,reduced_montage,motor_extended,5,0.0,0,9,0,0.5258620689655172,0.5726600985221675,0.25374744516583936,0.11706038084003496,0.3.2,not_applicable,"FC3,FCz,FC4,C3,Cz,C4,CP3,CPz,CP4",,,,,a5508b68efe858976affddc55ddec1d52be0d4e3724ba6ec227b70b4157f5ac0
BNCI2014-001,2,csp_lda,region_dropout,all_channels,1,0.3181818181818182,0,22,7,0.5,0.40071343638525564,0.4993961248853825,0.4993613415469408,0.3.2,not_applicable,,left_motor_strip,"FC3,FC1,C5,C3,C1,CP3,CP1",,,a5508b68efe858976affddc55ddec1d52be0d4e3724ba6ec227b70b4157f5ac0
BNCI2014-001,2,csp_lda,region_dropout,all_channels,1,0.13636363636363635,0,22,3,0.5,0.40190249702734837,0.4791346204723103,0.4760266847734864,0.3.2,not_applicable,,midline_motor_strip,"FCz,Cz,CPz",,,a5508b68efe858976affddc55ddec1d52be0d4e3724ba6ec227b70b4157f5ac0
BNCI2014-001,2,csp_lda,region_dropout,all_channels,1,0.3181818181818182,0,22,7,0.5,0.6147443519619502,0.4008369007099178,0.4091602008420464,0.3.2,not_applicable,,right_motor_strip,"FC2,FC4,C2,C4,C6,CP2,CP4",,,a5508b68efe858976affddc55ddec1d52be0d4e3724ba6ec227b70b4157f5ac0
BNCI2014-001,2,csp_lda,region_dropout,all_channels,2,0.3181818181818182,0,22,7,0.5,0.4910820451843044,0.30070312021019824,0.19839006420642533,0.3.2,not_applicable,,left_motor_strip,"FC3,FC1,C5,C3,C1,CP3,CP1",,,a5508b68efe858976affddc55ddec1d52be0d4e3724ba6ec227b70b4157f5ac0
BNCI2014-001,2,csp_lda,region_dropout,all_channels,2,0.13636363636363635,0,22,3,0.5,0.5422116527942926,0.2927236994785718,0.22389318707855313,0.3.2,not_applicable,,midline_motor_strip,"FCz,Cz,CPz",,,a5508b68efe858976affddc55ddec1d52be0d4e3724ba6ec227b70b4157f5ac0
BNCI2014-001,2,csp_lda,region_dropout,all_channels,2,0.3181818181818182,0,22,7,0.5,0.7015457788347207,0.4907009769509843,0.4959919834769597,0.3.2,not_applicable,,right_motor_strip,"FC2,FC4,C2,C4,C6,CP2,CP4",,,a5508b68efe858976affddc55ddec1d52be0d4e3724ba6ec227b70b4157f5ac0
BNCI2014-001,2,csp_lda,region_dropout,all_channels,3,0.3181818181818182,0,22,7,0.5,0.6099881093935791,0.4998571887974025,0.4998452833700562,0.3.2,not_applicable,,left_motor_strip,"FC3,FC1,C5,C3,C1,CP3,CP1",,,a5508b68efe858976affddc55ddec1d52be0d4e3724ba6ec227b70b4157f5ac0
BNCI2014-001,2,csp_lda,region_dropout,all_channels,3,0.13636363636363635,0,22,3,0.5,0.5469678953626635,0.4990858590273067,0.49896107952758295,0.3.2,not_applicable,,midline_motor_strip,"FCz,Cz,CPz",,,a5508b68efe858976affddc55ddec1d52be0d4e3724ba6ec227b70b4157f5ac0
BNCI2014-001,2,csp_lda,region_dropout,all_channels,3,0.3181818181818182,0,22,7,0.5,0.5731272294887039,0.4565259033819686,0.46006258078346135,0.3.2,not_applicable,,right_motor_strip,"FC2,FC4,C2,C4,C6,CP2,CP4",,,a5508b68efe858976affddc55ddec1d52be0d4e3724ba6ec227b70b4157f5ac0
BNCI2014-001,2,csp_lda,region_dropout,all_channels,4,0.3181818181818182,0,22,7,0.5,0.38177339901477836,0.507478104151016,0.5073373009090096,0.3.2,not_applicable,,left_motor_strip,"FC3,FC1,C5,C3,C1,CP3,CP1",,,a5508b68efe858976affddc55ddec1d52be0d4e3724ba6ec227b70b4157f5ac0
BNCI2014-001,2,csp_lda,region_dropout,all_channels,4,0.13636363636363635,0,22,3,0.5,0.38177339901477836,0.49963019340865394,0.49850106041863573,0.3.2,not_applicable,,midline_motor_strip,"FCz,Cz,CPz",,,a5508b68efe858976affddc55ddec1d52be0d4e3724ba6ec227b70b4157f5ac0
BNCI2014-001,2,csp_lda,region_dropout,all_channels,4,0.3181818181818182,0,22,7,0.46551724137931033,0.4618226600985222,0.424656332538687,0.42117815386601787,0.3.2,not_applicable,,right_motor_strip,"FC2,FC4,C2,C4,C6,CP2,CP4",,,a5508b68efe858976affddc55ddec1d52be0d4e3724ba6ec227b70b4157f5ac0
BNCI2014-001,2,csp_lda,region_dropout,all_channels,5,0.3181818181818182,0,22,7,0.5467980295566502,0.5701970443349753,0.2886900931164042,0.2407843345682116,0.3.2,not_applicable,,left_motor_strip,"FC3,FC1,C5,C3,C1,CP3,CP1",,,a5508b68efe858976affddc55ddec1d52be0d4e3724ba6ec227b70b4157f5ac0
BNCI2014-001,2,csp_lda,region_dropout,all_channels,5,0.13636363636363635,0,22,3,0.5,0.3842364532019704,0.48567254222185596,0.48455811948322036,0.3.2,not_applicable,,midline_motor_strip,"FCz,Cz,CPz",,,a5508b68efe858976affddc55ddec1d52be0d4e3724ba6ec227b70b4157f5ac0
BNCI2014-001,2,csp_lda,region_dropout,all_channels,5,0.3181818181818182,0,22,7,0.4907635467980296,0.49507389162561577,0.28629506254303966,0.16810628455711063,0.3.2,not_applicable,,right_motor_strip,"FC2,FC4,C2,C4,C6,CP2,CP4",,,a5508b68efe858976affddc55ddec1d52be0d4e3724ba6ec227b70b4157f5ac0
BNCI2014-001,2,csp_lda,cross_session,all_channels,0,0.0,0,22,0,0.5694444444444444,0.626736111111111,0.2799103206336537,0.22239073702700962,0.3.2,not_applicable,,,,0train,1test,a5508b68efe858976affddc55ddec1d52be0d4e3724ba6ec227b70b4157f5ac0
BNCI2014-001,3,csp_lda,clean,all_channels,1,0.0,0,22,0,0.9310344827586207,0.990487514863258,0.041569877132857744,0.05150092470911045,0.3.2,participant,,,,,,a5508b68efe858976affddc55ddec1d52be0d4e3724ba6ec227b70b4157f5ac0
BNCI2014-001,3,csp_lda,channel_dropout,all_channels,1,0.1,0,22,2,0.5,0.9857312722948871,0.4945280034301276,0.4971738740087609,0.3.2,participant,,,,,,a5508b68efe858976affddc55ddec1d52be0d4e3724ba6ec227b70b4157f5ac0
BNCI2014-001,3,csp_lda,channel_dropout,all_channels,1,0.1,1,22,2,0.5,0.9286563614744351,0.49739455180402314,0.4986769717807953,0.3.2,participant,,,,,,a5508b68efe858976affddc55ddec1d52be0d4e3724ba6ec227b70b4157f5ac0
BNCI2014-001,3,csp_lda,channel_dropout,all_channels,1,0.1,2,22,2,0.9137931034482758,0.9536266349583828,0.07921367509087342,0.11356853154790007,0.3.2,participant,,,,,,a5508b68efe858976affddc55ddec1d52be0d4e3724ba6ec227b70b4157f5ac0
BNCI2014-001,3,csp_lda,channel_dropout,all_channels,1,0.1,3,22,2,0.5,0.9322235434007136,0.49999867470428905,0.4999993370094558,0.3.2,participant,,,,,,a5508b68efe858976affddc55ddec1d52be0d4e3724ba6ec227b70b4157f5ac0
BNCI2014-001,3,csp_lda,channel_dropout,all_channels,1,0.1,4,22,2,0.5,0.9655172413793104,0.4984783856291851,0.49912428018214033,0.3.2,participant,,,,,,a5508b68efe858976affddc55ddec1d52be0d4e3724ba6ec227b70b4157f5ac0
BNCI2014-001,3,csp_lda,channel_dropout,all_channels,1,0.1,5,22,2,0.5,0.9631391200951249,0.4799181464694456,0.48845612594516946,0.3.2,participant,,,,,,a5508b68efe858976affddc55ddec1d52be0d4e3724ba6ec227b70b4157f5ac0
BNCI2014-001,3,csp_lda,channel_dropout,all_channels,1,0.1,6,22,2,0.5,0.9286563614744351,0.49739455180402314,0.4986769717807953,0.3.2,participant,,,,,,a5508b68efe858976affddc55ddec1d52be0d4e3724ba6ec227b70b4157f5ac0
BNCI2014-001,3,csp_lda,channel_dropout,all_channels,1,0.1,7,22,2,0.5,0.9762187871581451,0.49201097093190976,0.4955784035859551,0.3.2,participant,,,,,,a5508b68efe858976affddc55ddec1d52be0d4e3724ba6ec227b70b4157f5ac0
BNCI2014-001,3,csp_lda,channel_dropout,all_channels,1,0.1,8,22,2,0.7068965517241379,0.9809750297265161,0.21829581987967822,0.2747298885624195,0.3.2,participant,,,,,,a5508b68efe858976affddc55ddec1d52be0d4e3724ba6ec227b70b4157f5ac0
BNCI2014-001,3,csp_lda,channel_dropout,all_channels,1,0.1,9,22,2,0.5,0.9120095124851367,0.4999999959490503,0.4999999976679646,0.3.2,participant,,,,,,a5508b68efe858976affddc55ddec1d52be0d4e3724ba6ec227b70b4157f5ac0
BNCI2014-001,3,csp_lda,channel_dropout,all_channels,1,0.2,0,22,4,0.7068965517241379,0.9690844233055886,0.21186183707166842,0.27256497195777835,0.3.2,participant,,,,,,a5508b68efe858976affddc55ddec1d52be0d4e3724ba6ec227b70b4157f5ac0
BNCI2014-001,3,csp_lda,channel_dropout,all_channels,1,0.2,1,22,4,0.5172413793103449,0.9940546967895363,0.4795697631585038,0.48539653146886635,0.3.2,participant,,,,,,a5508b68efe858976affddc55ddec1d52be0d4e3724ba6ec227b70b4157f5ac0
BNCI2014-001,3,csp_lda,channel_dropout,all_channels,1,0.2,2,22,4,0.5,0.9583828775267539,0.4999998676590158,0.4999999338276786,0.3.2,participant,,,,,,a5508b68efe858976affddc55ddec1d52be0d4e3724ba6ec227b70b4157f5ac0
BNCI2014-001,3,csp_lda,channel_dropout,all_channels,1,0.2,3,22,4,0.603448275862069,0.8977407847800238,0.25675840149221313,0.30228384720568946,0.3.2,participant,,,,,,a5508b68efe858976affddc55ddec1d52be0d4e3724ba6ec227b70b4157f5ac0
BNCI2014-001,3,csp_lda,channel_dropout,all_channels,1,0.2,4,22,4,0.7758620689655172,0.9334126040428061,0.16031455789206372,0.19427115019638105,0.3.2,participant,,,,,,a5508b68efe858976affddc55ddec1d52be0d4e3724ba6ec227b70b4157f5ac0
BNCI2014-001,3,csp_lda,channel_dropout,all_channels,1,0.2,5,22,4,0.5689655172413793,0.9690844233055886,0.3835523842876864,0.42236268196839655,0.3.2,participant,,,,,,a5508b68efe858976affddc55ddec1d52be0d4e3724ba6ec227b70b4157f5ac0
BNCI2014-001,3,csp_lda,channel_dropout,all_channels,1,0.2,6,22,4,0.5517241379310345,0.9750297265160524,0.4117156419029275,0.4398320687236337,0.3.2,participant,,,,,,a5508b68efe858976affddc55ddec1d52be0d4e3724ba6ec227b70b4157f5ac0
BNCI2014-001,3,csp_lda,channel_dropout,all_channels,1,0.2,7,22,4,0.9310344827586208,0.995243757431629,0.06961287492629994,0.14775798260943934,0.3.2,participant,,,,,,a5508b68efe858976affddc55ddec1d52be0d4e3724ba6ec227b70b4157f5ac0
BNCI2014-001,3,csp_lda,channel_dropout,all_channels,1,0.2,8,22,4,0.5,0.910820451843044,0.4999998960502493,0.49999994798672026,0.3.2,participant,,,,,,a5508b68efe858976affddc55ddec1d52be0d4e3724ba6ec227b70b4157f5ac0
BNCI2014-001,3,csp_lda,channel_dropout,all_channels,1,0.2,9,22,4,0.5,0.9988109393579073,0.4896799918833759,0.4945869302065042,0.3.2,participant,,,,,,a5508b68efe858976affddc55ddec1d52be0d4e3724ba6ec227b70b4157f5ac0
BNCI2014-001,3,csp_lda,channel_dropout,all_channels,1,0.3,0,22,7,0.6551724137931034,0.859690844233056,0.24486471526754858,0.2709840806875229,0.3.2,participant,,,,,,a5508b68efe858976affddc55ddec1d52be0d4e3724ba6ec227b70b4157f5ac0
BNCI2014-001,3,csp_lda,channel_dropout,all_channels,1,0.3,1,22,7,0.5,0.9809750297265161,0.4999999372862169,0.49999996864204566,0.3.2,participant,,,,,,a5508b68efe858976affddc55ddec1d52be0d4e3724ba6ec227b70b4157f5ac0
BNCI2014-001,3,csp_lda,channel_dropout,all_channels,1,0.3,2,22,7,0.5,0.8894173602853745,0.4731849228587529,0.48481317544513436,0.3.2,participant,,,,,,a5508b68efe858976affddc55ddec1d52be0d4e3724ba6ec227b70b4157f5ac0
BNCI2014-001,3,csp_lda,channel_dropout,all_channels,1,0.3,3,22,7,0.7413793103448276,0.9643281807372177,0.18287432671505943,0.23488291996180133,0.3.2,participant,,,,,,a5508b68efe858976affddc55ddec1d52be0d4e3724ba6ec227b70b4157f5ac0
BNCI2014-001,3,csp_lda,channel_dropout,all_channels,1,0.3,4,22,7,0.5862068965517242,0.9690844233055886,0.3245328174939627,0.372703486316703,0.3.2,participant,,,,,,a5508b68efe858976affddc55ddec1d52be0d4e3724ba6ec227b70b4157f5ac0
BNCI2014-001,3,csp_lda,channel_dropout,all_channels,1,0.3,5,22,7,0.5,0.9750297265160522,0.4999860603768308,0.49999302666755596,0.3.2,participant,,,,,,a5508b68efe858976affddc55ddec1d52be0d4e3724ba6ec227b70b4157f5ac0
BNCI2014-001,3,csp_lda,channel_dropout,all_channels,1,0.3,6,22,7,0.5,0.9845422116527943,0.4766527031268063,0.48708502482573146,0.3.2,participant,,,,,,a5508b68efe858976affddc55ddec1d52be0d4e3724ba6ec227b70b4157f5ac0
BNCI2014-001,3,csp_lda,channel_dropout,all_channels,1,0.3,7,22,7,0.5,0.9357907253269917,0.4988721885154892,0.4994282644063318,0.3.2,participant,,,,,,a5508b68efe858976affddc55ddec1d52be0d4e3724ba6ec227b70b4157f5ac0
BNCI2014-001,3,csp_lda,channel_dropout,all_channels,1,0.3,8,22,7,0.5,0.9369797859690844,0.4644924222931536,0.4819321270775622,0.3.2,participant,,,,,,a5508b68efe858976affddc55ddec1d52be0d4e3724ba6ec227b70b4157f5ac0
BNCI2014-001,3,csp_lda,channel_dropout,all_channels,1,0.3,9,22,7,0.6896551724137931,0.9928656361474436,0.2043384737998768,0.277934528729704,0.3.2,participant,,,,,,a5508b68efe858976affddc55ddec1d52be0d4e3724ba6ec227b70b4157f5ac0
BNCI2014-001,3,csp_lda,channel_dropout,all_channels,1,0.5,0,22,11,0.5,0.8668252080856125,0.49999060991383076,0.49999479859049756,0.3.2,participant,,,,,,a5508b68efe858976affddc55ddec1d52be0d4e3724ba6ec227b70b4157f5ac0
BNCI2014-001,3,csp_lda,channel_dropout,all_channels,1,0.5,1,22,11,0.5,0.9286563614744352,0.4901787034558076,0.4944664226992317,0.3.2,participant,,,,,,a5508b68efe858976affddc55ddec1d52be0d4e3724ba6ec227b70b4157f5ac0
BNCI2014-001,3,csp_lda,channel_dropout,all_channels,1,0.5,2,22,11,0.5,0.9203329369797859,0.4996360516887967,0.499817432496095,0.3.2,participant,,,,,,a5508b68efe858976affddc55ddec1d52be0d4e3724ba6ec227b70b4157f5ac0
BNCI2014-001,3,csp_lda,channel_dropout,all_channels,1,0.5,3,22,11,0.5,0.9441141498216409,0.4718153182848857,0.48403485302758265,0.3.2,participant,,,,,,a5508b68efe858976affddc55ddec1d52be0d4e3724ba6ec227b70b4157f5ac0
BNCI2014-001,3,csp_lda,channel_dropout,all_channels,1,0.5,4,22,11,0.5,0.7728894173602854,0.4968884312296636,0.49827112294937853,0.3.2,participant,,,,,,a5508b68efe858976affddc55ddec1d52be0d4e3724ba6ec227b70b4157f5ac0
BNCI2014-001,3,csp_lda,channel_dropout,all_channels,1,0.5,5,22,11,0.5,0.9084423305588585,0.49999843568120456,0.4999992157563754,0.3.2,participant,,,,,,a5508b68efe858976affddc55ddec1d52be0d4e3724ba6ec227b70b4157f5ac0
BNCI2014-001,3,csp_lda,channel_dropout,all_channels,1,0.5,6,22,11,0.5,0.8906064209274673,0.49999871191321177,0.49999931915086315,0.3.2,participant,,,,,,a5508b68efe858976affddc55ddec1d52be0d4e3724ba6ec227b70b4157f5ac0
BNCI2014-001,3,csp_lda,channel_dropout,all_channels,1,0.5,7,22,11,0.5172413793103449,0.9215219976218787,0.480037822310552,0.48531080251262737,0.3.2,participant,,,,,,a5508b68efe858976affddc55ddec1d52be0d4e3724ba6ec227b70b4157f5ac0
BNCI2014-001,3,csp_lda,channel_dropout,all_channels,1,0.5,8,22,11,0.6551724137931034,0.882282996432818,0.3043775575004524,0.3364227220578961,0.3.2,participant,,,,,,a5508b68efe858976affddc55ddec1d52be0d4e3724ba6ec227b70b4157f5ac0
BNCI2014-001,3,csp_lda,channel_dropout,all_channels,1,0.5,9,22,11,0.5,0.9500594530321046,0.4999998846554271,0.49999994219687605,0.3.2,participant,,,,,,a5508b68efe858976affddc55ddec1d52be0d4e3724ba6ec227b70b4157f5ac0
BNCI2014-001,3,csp_lda,clean,all_channels,2,0.0,0,22,0,0.9655172413793104,0.9976218787158145,0.024835774748587086,0.04475901037140951,0.3.2,participant,,,,,,a5508b68efe858976affddc55ddec1d52be0d4e3724ba6ec227b70b4157f5ac0
BNCI2014-001,3,csp_lda,channel_dropout,all_channels,2,0.1,0,22,2,0.5,0.9084423305588585,0.4999830588163988,0.4999913584216089,0.3.2,participant,,,,,,a5508b68efe858976affddc55ddec1d52be0d4e3724ba6ec227b70b4157f5ac0
BNCI2014-001,3,csp_lda,channel_dropout,all_channels,2,0.1,1,22,2,0.5,0.887039239001189,0.49998859392678996,0.4999942782092657,0.3.2,participant,,,,,,a5508b68efe858976affddc55ddec1d52be0d4e3724ba6ec227b70b4157f5ac0
BNCI2014-001,3,csp_lda,channel_dropout,all_channels,2,0.1,2,22,2,0.5,0.8715814506539833,0.4999999960393216,0.4999999980109586,0.3.2,participant,,,,,,a5508b68efe858976affddc55ddec1d52be0d4e3724ba6ec227b70b4157f5ac0
BNCI2014-001,3,csp_lda,channel_dropout,all_channels,2,0.1,3,22,2,0.5344827586206896,0.9845422116527944,0.42992225174673193,0.4525066685045263,0.3.2,participant,,,,,,a5508b68efe858976affddc55ddec1d52be0d4e3724ba6ec227b70b4157f5ac0
BNCI2014-001,3,csp_lda,channel_dropout,all_channels,2,0.1,4,22,2,0.5,0.8727705112960761,0.4999999959326803,0.49999999795492556,0.3.2,participant,,,,,,a5508b68efe858976affddc55ddec1d52be0d4e3724ba6ec227b70b4157f5ac0
BNCI2014-001,3,csp_lda,channel_dropout,all_channels,2,0.1,5,22,2,0.5,0.8787158145065398,0.4999867146542275,0.4999933030588267,0.3.2,participant,,,,,,a5508b68efe858976affddc55ddec1d52be0d4e3724ba6ec227b70b4157f5ac0
BNCI2014-001,3,csp_lda,channel_dropout,all_channels,2,0.1,6,22,2,0.5344827586206896,0.9381688466111773,0.42871371256963836,0.45239203143242845,0.3.2,participant,,,,,,a5508b68efe858976affddc55ddec1d52be0d4e3724ba6ec227b70b4157f5ac0
BNCI2014-001,3,csp_lda,channel_dropout,all_channels,2,0.1,7,22,2,0.8620689655172413,0.9571938168846611,0.11507867144878275,0.17700823238771002,0.3.2,participant,,,,,,a5508b68efe858976affddc55ddec1d52be0d4e3724ba6ec227b70b4157f5ac0
BNCI2014-001,3,csp_lda,channel_dropout,all_channels,2,0.1,8,22,2,0.5172413793103449,0.9714625445897742,0.4626875703045943,0.4761683617480145,0.3.2,participant,,,,,,a5508b68efe858976affddc55ddec1d52be0d4e3724ba6ec227b70b4157f5ac0
BNCI2014-001,3,csp_lda,channel_dropout,all_channels,2,0.1,9,22,2,0.5,0.9096313912009513,0.49999980581892045,0.49999990288855817,0.3.2,participant,,,,,,a5508b68efe858976affddc55ddec1d52be0d4e3724ba6ec227b70b4157f5ac0
BNCI2014-001,3,csp_lda,channel_dropout,all_channels,2,0.2,0,22,4,0.5,0.9429250891795482,0.4998893419707738,0.4999434755253237,0.3.2,participant,,,,,,a5508b68efe858976affddc55ddec1d52be0d4e3724ba6ec227b70b4157f5ac0
BNCI2014-001,3,csp_lda,channel_dropout,all_channels,2,0.2,1,22,4,0.5,0.8656361474435197,0.49971979867789584,0.4998359700445813,0.3.2,participant,,,,,,a5508b68efe858976affddc55ddec1d52be0d4e3724ba6ec227b70b4157f5ac0
BNCI2014-001,3,csp_lda,channel_dropout,all_channels,2,0.2,2,22,4,0.5,0.9048751486325803,0.4999999950148708,0.49999999750212326,0.3.2,participant,,,,,,a5508b68efe858976affddc55ddec1d52be0d4e3724ba6ec227b70b4157f5ac0
BNCI2014-001,3,csp_lda,channel_dropout,all_channels,2,0.2,3,22,4,0.5,0.8204518430439952,0.49997147169149836,0.4999836517332771,0.3.2,participant,,,,,,a5508b68efe858976affddc55ddec1d52be0d4e3724ba6ec227b70b4157f5ac0
BNCI2014-001,3,csp_lda,channel_dropout,all_channels,2,0.2,4,22,4,0.5,0.8692033293697978,0.4971309199033397,0.4983608456127029,0.3.2,participant,,,,,,a5508b68efe858976affddc55ddec1d52be0d4e3724ba6ec227b70b4157f5ac0
BNCI2014-001,3,csp_lda,channel_dropout,all_channels,2,0.2,5,22,4,0.5,0.8596908442330559,0.49999999986582805,0.4999999999326037,0.3.2,participant,,,,,,a5508b68efe858976affddc55ddec1d52be0d4e3724ba6ec227b70b4157f5ac0
BNCI2014-001,3,csp_lda,channel_dropout,all_channels,2,0.2,6,22,4,0.5,0.9274673008323424,0.4999995995189325,0.4999997981686839,0.3.2,participant,,,,,,a5508b68efe858976affddc55ddec1d52be0d4e3724ba6ec227b70b4157f5ac0
BNCI2014-001,3,csp_lda,channel_dropout,all_channels,2,0.2,7,22,4,0.5,0.9250891795481568,0.49921502392503675,0.49960404186895535,0.3.2,participant,,,,,,a5508b68efe858976affddc55ddec1d52be0d4e3724ba6ec227b70b4157f5ac0
BNCI2014-001,3,csp_lda,channel_dropout,all_channels,2,0.2,8,22,4,0.6379310344827587,0.8846611177170036,0.28936541083146866,0.33375227358905013,0.3.2,participant,,,,,,a5508b68efe858976affddc55ddec1d52be0d4e3724ba6ec227b70b4157f5ac0
BNCI2014-001,3,csp_lda,channel_dropout,all_channels,2,0.2,9,22,4,0.5,0.9607609988109393,0.4999999916620131,0.4999999958281031,0.3.2,participant,,,,,,a5508b68efe858976affddc55ddec1d52be0d4e3724ba6ec227b70b4157f5ac0
BNCI2014-001,3,csp_lda,channel_dropout,all_channels,2,0.3,0,22,7,0.5,0.9536266349583828,0.4999890292581714,0.49999447854867357,0.3.2,participant,,,,,,a5508b68efe858976affddc55ddec1d52be0d4e3724ba6ec227b70b4157f5ac0
BNCI2014-001,3,csp_lda,channel_dropout,all_channels,2,0.3,1,22,7,0.5,0.8692033293697978,0.4784499131029526,0.4897335568089083,0.3.2,participant,,,,,,a5508b68efe858976affddc55ddec1d52be0d4e3724ba6ec227b70b4157f5ac0
BNCI2014-001,3,csp_lda,channel_dropout,all_channels,2,0.3,2,22,7,0.5,0.7039239001189062,0.4767255811764149,0.4806348003088499,0.3.2,participant,,,,,,a5508b68efe858976affddc55ddec1d52be0d4e3724ba6ec227b70b4157f5ac0
BNCI2014-001,3,csp_lda,channel_dropout,all_channels,2,0.3,3,22,7,0.5689655172413793,0.9714625445897742,0.35536397726820834,0.4019047709738736,0.3.2,participant,,,,,,a5508b68efe858976affddc55ddec1d52be0d4e3724ba6ec227b70b4157f5ac0
BNCI2014-001,3,csp_lda,channel_dropout,all_channels,2,0.3,4,22,7,0.5,0.9131985731272295,0.4290215611333873,0.45832717873204915,0.3.2,participant,,,,,,a5508b68efe858976affddc55ddec1d52be0d4e3724ba6ec227b70b4157f5ac0
BNCI2014-001,3,csp_lda,channel_dropout,all_channels,2,0.3,5,22,7,0.5,0.8644470868014269,0.4654366708292103,0.4807774281410034,0.3.2,participant,,,,,,a5508b68efe858976affddc55ddec1d52be0d4e3724ba6ec227b70b4157f5ac0
BNCI2014-001,3,csp_lda,channel_dropout,all_channels,2,0.3,6,22,7,0.5,0.6492271105826397,0.49999273734708716,0.49999398940446604,0.3.2,participant,,,,,,a5508b68efe858976affddc55ddec1d52be0d4e3724ba6ec227b70b4157f5ac0
BNCI2014-001,3,csp_lda,channel_dropout,all_channels,2,0.3,7,22,7,0.5,0.694411414982164,0.499999964673028,0.49999998102824783,0.3.2,participant,,,,,,a5508b68efe858976affddc55ddec1d52be0d4e3724ba6ec227b70b4157f5ac0
BNCI2014-001,3,csp_lda,channel_dropout,all_channels,2,0.3,8,22,7,0.4827586206896552,0.8727705112960762,0.47779442229426816,0.4948246600326324,0.3.2,participant,,,,,,a5508b68efe858976affddc55ddec1d52be0d4e3724ba6ec227b70b4157f5ac0
BNCI2014-001,3,csp_lda,channel_dropout,all_channels,2,0.3,9,22,7,0.6724137931034483,0.7455410225921523,0.24577299712933906,0.24455049089536737,0.3.2,participant,,,,,,a5508b68efe858976affddc55ddec1d52be0d4e3724ba6ec227b70b4157f5ac0
BNCI2014-001,3,csp_lda,channel_dropout,all_channels,2,0.5,0,22,11,0.5,0.901307966706302,0.4999999717469881,0.4999999854878572,0.3.2,participant,,,,,,a5508b68efe858976affddc55ddec1d52be0d4e3724ba6ec227b70b4157f5ac0
BNCI2014-001,3,csp_lda,channel_dropout,all_channels,2,0.5,1,22,11,0.5,0.9322235434007135,0.4999999795104907,0.49999998952924973,0.3.2,participant,,,,,,a5508b68efe858976affddc55ddec1d52be0d4e3724ba6ec227b70b4157f5ac0
BNCI2014-001,3,csp_lda,channel_dropout,all_channels,2,0.5,2,22,11,0.5,0.8192627824019024,0.4959184860765014,0.49749789051602533,0.3.2,participant,,,,,,a5508b68efe858976affddc55ddec1d52be0d4e3724ba6ec227b70b4157f5ac0
BNCI2014-001,3,csp_lda,channel_dropout,all_channels,2,0.5,3,22,11,0.5,0.9120095124851368,0.4409099779135218,0.4662796943141925,0.3.2,participant,,,,,,a5508b68efe858976affddc55ddec1d52be0d4e3724ba6ec227b70b4157f5ac0
BNCI2014-001,3,csp_lda,channel_dropout,all_channels,2,0.5,4,22,11,0.6379310344827587,0.6991676575505351,0.2477094365940867,0.20547407827810385,0.3.2,participant,,,,,,a5508b68efe858976affddc55ddec1d52be0d4e3724ba6ec227b70b4157f5ac0
BNCI2014-001,3,csp_lda,channel_dropout,all_channels,2,0.5,5,22,11,0.5,0.8501783590963139,0.49902142934087496,0.49948296780974866,0.3.2,participant,,,,,,a5508b68efe858976affddc55ddec1d52be0d4e3724ba6ec227b70b4157f5ac0
BNCI2014-001,3,csp_lda,channel_dropout,all_channels,2,0.5,6,22,11,0.5,0.7705112960760999,0.4999999707483816,0.4999999831759285,0.3.2,participant,,,,,,a5508b68efe858976affddc55ddec1d52be0d4e3724ba6ec227b70b4157f5ac0
BNCI2014-001,3,csp_lda,channel_dropout,all_channels,2,0.5,7,22,11,0.5,0.7526753864447087,0.4999964313158982,0.49999793982383156,0.3.2,participant,,,,,,a5508b68efe858976affddc55ddec1d52be0d4e3724ba6ec227b70b4157f5ac0
BNCI2014-001,3,csp_lda,channel_dropout,all_channels,2,0.5,8,22,11,0.5,0.7942925089179549,0.4996868676651625,0.4998353963441379,0.3.2,participant,,,,,,a5508b68efe858976affddc55ddec1d52be0d4e3724ba6ec227b70b4157f5ac0
BNCI2014-001,3,csp_lda,channel_dropout,all_channels,2,0.5,9,22,11,0.5,0.8287752675386444,0.49831785216010477,0.4982138820062454,0.3.2,participant,,,,,,a5508b68efe858976affddc55ddec1d52be0d4e3724ba6ec227b70b4157f5ac0
BNCI2014-001,3,csp_lda,clean,all_channels,3,0.0,0,22,0,0.9655172413793103,0.9809750297265161,0.04165189137529338,0.05256534913840262,0.3.2,participant,,,,,,a5508b68efe858976affddc55ddec1d52be0d4e3724ba6ec227b70b4157f5ac0
BNCI2014-001,3,csp_lda,channel_dropout,all_channels,3,0.1,0,22,2,0.6551724137931034,0.9667063020214031,0.2970050008988523,0.3256721158040497,0.3.2,participant,,,,,,a5508b68efe858976affddc55ddec1d52be0d4e3724ba6ec227b70b4157f5ac0
BNCI2014-001,3,csp_lda,channel_dropout,all_channels,3,0.1,1,22,2,0.5,0.8727705112960761,0.4996638040827181,0.49983096601044397,0.3.2,participant,,,,,,a5508b68efe858976affddc55ddec1d52be0d4e3724ba6ec227b70b4157f5ac0
BNCI2014-001,3,csp_lda,channel_dropout,all_channels,3,0.1,2,22,2,0.9310344827586207,0.9643281807372176,0.05639008015199011,0.07354834282893753,0.3.2,participant,,,,,,a5508b68efe858976affddc55ddec1d52be0d4e3724ba6ec227b70b4157f5ac0
BNCI2014-001,3,csp_lda,channel_dropout,all_channels,3,0.1,3,22,2,0.5,0.9595719381688466,0.4999994560704667,0.49999972788491914,0.3.2,participant,,,,,,a5508b68efe858976affddc55ddec1d52be0d4e3724ba6ec227b70b4157f5ac0
BNCI2014-001,3,csp_lda,channel_dropout,all_channels,3,0.1,4,22,2,0.7758620689655172,0.887039239001189,0.1387825757632321,0.14885210087143674,0.3.2,participant,,,,,,a5508b68efe858976affddc55ddec1d52be0d4e3724ba6ec227b70b4157f5ac0
BNCI2014-001,3,csp_lda,channel_dropout,all_channels,3,0.1,5,22,2,0.5,0.9560047562425684,0.49999999918806004,0.49999999958476726,0.3.2,participant,,,,,,a5508b68efe858976affddc55ddec1d52be0d4e3724ba6ec227b70b4157f5ac0
BNCI2014-001,3,csp_lda,channel_dropout,all_channels,3,0.1,6,22,2,0.5,0.929845422116528,0.4863351861984702,0.49269783516995624,0.3.2,participant,,,,,,a5508b68efe858976affddc55ddec1d52be0d4e3724ba6ec227b70b4157f5ac0
BNCI2014-001,3,csp_lda,channel_dropout,all_channels,3,0.1,7,22,2,0.5,0.9357907253269917,0.49999999987400584,0.4999999999365339,0.3.2,participant,,,,,,a5508b68efe858976affddc55ddec1d52be0d4e3724ba6ec227b70b4157f5ac0
BNCI2014-001,3,csp_lda,channel_dropout,all_channels,3,0.1,8,22,2,0.5,0.8834720570749108,0.4999942993795577,0.4999971490882399,0.3.2,participant,,,,,,a5508b68efe858976affddc55ddec1d52be0d4e3724ba6ec227b70b4157f5ac0
BNCI2014-001,3,csp_lda,channel_dropout,all_channels,3,0.1,9,22,2,0.5,0.8727705112960761,0.4996638040827181,0.49983096601044397,0.3.2,participant,,,,,,a5508b68efe858976affddc55ddec1d52be0d4e3724ba6ec227b70b4157f5ac0
BNCI2014-001,3,csp_lda,channel_dropout,all_channels,3,0.2,0,22,4,0.5862068965517242,0.9191438763376931,0.333059226485608,0.37978812893359953,0.3.2,participant,,,,,,a5508b68efe858976affddc55ddec1d52be0d4e3724ba6ec227b70b4157f5ac0
BNCI2014-001,3,csp_lda,channel_dropout,all_channels,3,0.2,1,22,4,0.5,0.8323424494649226,0.4752744934305986,0.4852132252061711,0.3.2,participant,,,,,,a5508b68efe858976affddc55ddec1d52be0d4e3724ba6ec227b70b4157f5ac0
BNCI2014-001,3,csp_lda,channel_dropout,all_channels,3,0.2,2,22,4,0.5,0.9227110582639715,0.4997390361653102,0.49986905154302036,0.3.2,participant,,,,,,a5508b68efe858976affddc55ddec1d52be0d4e3724ba6ec227b70b4157f5ac0
BNCI2014-001,3,csp_lda,channel_dropout,all_channels,3,0.2,3,22,4,0.5,0.8525564803804995,0.4995578076483001,0.5021736805707343,0.3.2,participant,,,,,,a5508b68efe858976affddc55ddec1d52be0d4e3724ba6ec227b70b4157f5ac0
BNCI2014-001,3,csp_lda,channel_dropout,all_channels,3,0.2,4,22,4,0.5,0.9797859690844233,0.46918785097681237,0.4825279397905911,0.3.2,participant,,,,,,a5508b68efe858976affddc55ddec1d52be0d4e3724ba6ec227b70b4157f5ac0
BNCI2014-001,3,csp_lda,channel_dropout,all_channels,3,0.2,5,22,4,0.5689655172413793,0.8929845422116528,0.30182396738823336,0.35060773624213776,0.3.2,participant,,,,,,a5508b68efe858976affddc55ddec1d52be0d4e3724ba6ec227b70b4157f5ac0
BNCI2014-001,3,csp_lda,channel_dropout,all_channels,3,0.2,6,22,4,0.5,0.8977407847800237,0.4999994385906659,0.49999971325225717,0.3.2,participant,,,,,,a5508b68efe858976affddc55ddec1d52be0d4e3724ba6ec227b70b4157f5ac0
BNCI2014-001,3,csp_lda,channel_dropout,all_channels,3,0.2,7,22,4,0.5,0.929845422116528,0.49998326435945073,0.49999115110500814,0.3.2,participant,,,,,,a5508b68efe858976affddc55ddec1d52be0d4e3724ba6ec227b70b4157f5ac0
BNCI2014-001,3,csp_lda,channel_dropout,all_channels,3,0.2,8,22,4,0.5,0.8727705112960761,0.4999999999996111,0.49999999999980477,0.3.2,participant,,,,,,a5508b68efe858976affddc55ddec1d52be0d4e3724ba6ec227b70b4157f5ac0
BNCI2014-001,3,csp_lda,channel_dropout,all_channels,3,0.2,9,22,4,0.5,0.8454221165279427,0.4959072089149061,0.4977542942640534,0.3.2,participant,,,,,,a5508b68efe858976affddc55ddec1d52be0d4e3724ba6ec227b70b4157f5ac0
BNCI2014-001,3,csp_lda,channel_dropout,all_channels,3,0.3,0,22,7,0.5,0.8834720570749108,0.48661256034747463,0.49225675690902687,0.3.2,participant,,,,,,a5508b68efe858976affddc55ddec1d52be0d4e3724ba6ec227b70b4157f5ac0
BNCI2014-001,3,csp_lda,channel_dropout,all_channels,3,0.3,1,22,7,0.5,0.619500594530321,0.49999999975805476,0.4999999993244979,0.3.2,participant,,,,,,a5508b68efe858976affddc55ddec1d52be0d4e3724ba6ec227b70b4157f5ac0
BNCI2014-001,3,csp_lda,channel_dropout,all_channels,3,0.3,2,22,7,0.5,0.8977407847800238,0.4999997950259201,0.49999981395739634,0.3.2,participant,,,,,,a5508b68efe858976affddc55ddec1d52be0d4e3724ba6ec227b70b4157f5ac0
BNCI2014-001,3,csp_lda,channel_dropout,all_channels,3,0.3,3,22,7,0.7586206896551724,0.9084423305588585,0.1788833941359498,0.1895526458575146,0.3.2,participant,,,,,,a5508b68efe858976affddc55ddec1d52be0d4e3724ba6ec227b70b4157f5ac0
BNCI2014-001,3,csp_lda,channel_dropout,all_channels,3,0.3,4,22,7,0.7068965517241379,0.8953626634958383,0.19442745304707312,0.22700511659200687,0.3.2,participant,,,,,,a5508b68efe858976affddc55ddec1d52be0d4e3724ba6ec227b70b4157f5ac0
BNCI2014-001,3,csp_lda,channel_dropout,all_channels,3,0.3,5,22,7,0.5,0.859690844233056,0.4999664463088068,0.49998170565106304,0.3.2,participant,,,,,,a5508b68efe858976affddc55ddec1d52be0d4e3724ba6ec227b70b4157f5ac0
BNCI2014-001,3,csp_lda,channel_dropout,all_channels,3,0.3,6,22,7,0.5172413793103449,0.8192627824019025,0.4145863975356441,0.4443715423491733,0.3.2,participant,,,,,,a5508b68efe858976affddc55ddec1d52be0d4e3724ba6ec227b70b4157f5ac0
BNCI2014-001,3,csp_lda,channel_dropout,all_channels,3,0.3,7,22,7,0.6379310344827587,0.9500594530321047,0.3083308352443844,0.3622586444928807,0.3.2,participant,,,,,,a5508b68efe858976affddc55ddec1d52be0d4e3724ba6ec227b70b4157f5ac0
BNCI2014-001,3,csp_lda,channel_dropout,all_channels,3,0.3,8,22,7,0.5,0.6932223543400714,0.49999816556559606,0.4999954410915089,0.3.2,participant,,,,,,a5508b68efe858976affddc55ddec1d52be0d4e3724ba6ec227b70b4157f5ac0
BNCI2014-001,3,csp_lda,channel_dropout,all_channels,3,0.3,9,22,7,0.5,0.8656361474435196,0.49999756436021053,0.49999832671591005,0.3.2,participant,,,,,,a5508b68efe858976affddc55ddec1d52be0d4e3724ba6ec227b70b4157f5ac0
BNCI2014-001,3,csp_lda,channel_dropout,all_channels,3,0.5,0,22,11,0.5,0.8061831153388822,0.4999962025648506,0.4999980735736588,0.3.2,participant,,,,,,a5508b68efe858976affddc55ddec1d52be0d4e3724ba6ec227b70b4157f5ac0
BNCI2014-001,3,csp_lda,channel_dropout,all_channels,3,0.5,1,22,11,0.5,0.8287752675386445,0.4999976101441585,0.49999825266212294,0.3.2,participant,,,,,,a5508b68efe858976affddc55ddec1d52be0d4e3724ba6ec227b70b4157f5ac0
BNCI2014-001,3,csp_lda,channel_dropout,all_channels,3,0.5,2,22,11,0.5,0.36741973840665876,0.4997768088778842,0.4992742876347802,0.3.2,participant,,,,,,a5508b68efe858976affddc55ddec1d52be0d4e3724ba6ec227b70b4157f5ac0
BNCI2014-001,3,csp_lda,channel_dropout,all_channels,3,0.5,3,22,11,0.5,0.30083234244946494,0.49997378630589073,0.499679222450261,0.3.2,participant,,,,,,a5508b68efe858976affddc55ddec1d52be0d4e3724ba6ec227b70b4157f5ac0
BNCI2014-001,3,csp_lda,channel_dropout,all_channels,3,0.5,4,22,11,0.5,0.8727705112960761,0.47793464828429016,0.48493374080620755,0.3.2,participant,,,,,,a5508b68efe858976affddc55ddec1d52be0d4e3724ba6ec227b70b4157f5ac0
BNCI2014-001,3,csp_lda,channel_dropout,all_channels,3,0.5,5,22,11,0.5172413793103449,0.7705112960760999,0.44070769334556575,0.4705569231648765,0.3.2,participant,,,,,,a5508b68efe858976affddc55ddec1d52be0d4e3724ba6ec227b70b4157f5ac0
BNCI2014-001,3,csp_lda,channel_dropout,all_channels,3,0.5,6,22,11,0.5,0.8799048751486326,0.4973898885575514,0.49840489455379045,0.3.2,participant,,,,,,a5508b68efe858976affddc55ddec1d52be0d4e3724ba6ec227b70b4157f5ac0
BNCI2014-001,3,csp_lda,channel_dropout,all_channels,3,0.5,7,22,11,0.5,0.807372175980975,0.4983416064879659,0.49910968535484634,0.3.2,participant,,,,,,a5508b68efe858976affddc55ddec1d52be0d4e3724ba6ec227b70b4157f5ac0
BNCI2014-001,3,csp_lda,channel_dropout,all_channels,3,0.5,8,22,11,0.5,0.8097502972651605,0.49996694897319477,0.49998204123979695,0.3.2,participant,,,,,,a5508b68efe858976affddc55ddec1d52be0d4e3724ba6ec227b70b4157f5ac0
BNCI2014-001,3,csp_lda,channel_dropout,all_channels,3,0.5,9,22,11,0.5,0.7372175980975029,0.48984170966302815,0.4939320519007968,0.3.2,participant,,,,,,a5508b68efe858976affddc55ddec1d52be0d4e3724ba6ec227b70b4157f5ac0
BNCI2014-001,3,csp_lda,clean,all_channels,4,0.0,0,22,0,0.9649014778325123,0.9889162561576355,0.032661225150620476,0.03484852686118995,0.3.2,participant,,,,,,a5508b68efe858976affddc55ddec1d52be0d4e3724ba6ec227b70b4157f5ac0
BNCI2014-001,3,csp_lda,channel_dropout,all_channels,4,0.1,0,22,2,0.5357142857142857,0.9704433497536946,0.4087906363417988,0.43601607656222996,0.3.2,participant,,,,,,a5508b68efe858976affddc55ddec1d52be0d4e3724ba6ec227b70b4157f5ac0
BNCI2014-001,3,csp_lda,channel_dropout,all_channels,4,0.1,1,22,2,0.7321428571428572,0.9852216748768473,0.17762327305007636,0.23092006874281296,0.3.2,participant,,,,,,a5508b68efe858976affddc55ddec1d52be0d4e3724ba6ec227b70b4157f5ac0
BNCI2014-001,3,csp_lda,channel_dropout,all_channels,4,0.1,2,22,2,0.5,0.9100985221674877,0.5087719195277832,0.5087719244354793,0.3.2,participant,,,,,,a5508b68efe858976affddc55ddec1d52be0d4e3724ba6ec227b70b4157f5ac0
BNCI2014-001,3,csp_lda,channel_dropout,all_channels,4,0.1,3,22,2,0.8620689655172413,0.9926108374384237,0.10047103234267951,0.14637493709238453,0.3.2,participant,,,,,,a5508b68efe858976affddc55ddec1d52be0d4e3724ba6ec227b70b4157f5ac0
BNCI2014-001,3,csp_lda,channel_dropout,all_channels,4,0.1,4,22,2,0.5,0.853448275862069,0.5087709756312874,0.5087713993230663,0.3.2,participant,,,,,,a5508b68efe858976affddc55ddec1d52be0d4e3724ba6ec227b70b4157f5ac0
BNCI2014-001,3,csp_lda,channel_dropout,all_channels,4,0.1,5,22,2,0.5,0.9396551724137931,0.48821534003314343,0.4895902596818035,0.3.2,participant,,,,,,a5508b68efe858976affddc55ddec1d52be0d4e3724ba6ec227b70b4157f5ac0
BNCI2014-001,3,csp_lda,channel_dropout,all_channels,4,0.1,6,22,2,0.5,0.9876847290640394,0.4912280400496613,0.4912280551122808,0.3.2,participant,,,,,,a5508b68efe858976affddc55ddec1d52be0d4e3724ba6ec227b70b4157f5ac0
BNCI2014-001,3,csp_lda,channel_dropout,all_channels,4,0.1,7,22,2,0.5,0.958128078817734,0.4282185534041458,0.4555351091229519,0.3.2,participant,,,,,,a5508b68efe858976affddc55ddec1d52be0d4e3724ba6ec227b70b4157f5ac0
BNCI2014-001,3,csp_lda,channel_dropout,all_channels,4,0.1,8,22,2,0.6071428571428571,0.9741379310344828,0.3389240239613056,0.3738798924685311,0.3.2,participant,,,,,,a5508b68efe858976affddc55ddec1d52be0d4e3724ba6ec227b70b4157f5ac0
BNCI2014-001,3,csp_lda,channel_dropout,all_channels,4,0.1,9,22,2,0.5714285714285714,0.979064039408867,0.3934314143667579,0.4265456129119425,0.3.2,participant,,,,,,a5508b68efe858976affddc55ddec1d52be0d4e3724ba6ec227b70b4157f5ac0
BNCI2014-001,3,csp_lda,channel_dropout,all_channels,4,0.2,0,22,4,0.5,0.8460591133004927,0.49122805932849706,0.49122806412561826,0.3.2,participant,,,,,,a5508b68efe858976affddc55ddec1d52be0d4e3724ba6ec227b70b4157f5ac0
BNCI2014-001,3,csp_lda,channel_dropout,all_channels,4,0.2,1,22,4,0.5,0.9285714285714286,0.49122806934533036,0.49122806974189637,0.3.2,participant,,,,,,a5508b68efe858976affddc55ddec1d52be0d4e3724ba6ec227b70b4157f5ac0
BNCI2014-001,3,csp_lda,channel_dropout,all_channels,4,0.2,2,22,4,0.5,0.8830049261083743,0.49122806748168296,0.4912280687843022,0.3.2,participant,,,,,,a5508b68efe858976affddc55ddec1d52be0d4e3724ba6ec227b70b4157f5ac0
BNCI2014-001,3,csp_lda,channel_dropout,all_channels,4,0.2,3,22,4,0.5,0.8620689655172414,0.4912280701275276,0.49122807014882236,0.3.2,participant,,,,,,a5508b68efe858976affddc55ddec1d52be0d4e3724ba6ec227b70b4157f5ac0
BNCI2014-001,3,csp_lda,channel_dropout,all_channels,4,0.2,4,22,4,0.5,0.9778325123152709,0.49122788504640025,0.4912279774822,0.3.2,participant,,,,,,a5508b68efe858976affddc55ddec1d52be0d4e3724ba6ec227b70b4157f5ac0
BNCI2014-001,3,csp_lda,channel_dropout,all_channels,4,0.2,5,22,4,0.5,0.7536945812807881,0.48447895571109056,0.48652371032411657,0.3.2,participant,,,,,,a5508b68efe858976affddc55ddec1d52be0d4e3724ba6ec227b70b4157f5ac0
BNCI2014-001,3,csp_lda,channel_dropout,all_channels,4,0.2,6,22,4,0.5,0.9199507389162561,0.4731612221980864,0.48155529671931924,0.3.2,participant,,,,,,a5508b68efe858976affddc55ddec1d52be0d4e3724ba6ec227b70b4157f5ac0
BNCI2014-001,3,csp_lda,channel_dropout,all_channels,4,0.2,7,22,4,0.5,0.9014778325123153,0.5083752168080341,0.5085682831257626,0.3.2,participant,,,,,,a5508b68efe858976affddc55ddec1d52be0d4e3724ba6ec227b70b4157f5ac0
BNCI2014-001,3,csp_lda,channel_dropout,all_channels,4,0.2,8,22,4,0.5178571428571429,0.9076354679802956,0.4109711174691834,0.4394064720385523,0.3.2,participant,,,,,,a5508b68efe858976affddc55ddec1d52be0d4e3724ba6ec227b70b4157f5ac0
BNCI2014-001,3,csp_lda,channel_dropout,all_channels,4,0.2,9,22,4,0.5,0.9692118226600985,0.4911885582279119,0.4912081543560893,0.3.2,participant,,,,,,a5508b68efe858976affddc55ddec1d52be0d4e3724ba6ec227b70b4157f5ac0
BNCI2014-001,3,csp_lda,channel_dropout,all_channels,4,0.3,0,22,7,0.7068965517241379,0.8805418719211823,0.25426594215184556,0.3024622954087892,0.3.2,participant,,,,,,a5508b68efe858976affddc55ddec1d52be0d4e3724ba6ec227b70b4157f5ac0
BNCI2014-001,3,csp_lda,channel_dropout,all_channels,4,0.3,1,22,7,0.5,0.9470443349753696,0.48963161770770725,0.4904039663621071,0.3.2,participant,,,,,,a5508b68efe858976affddc55ddec1d52be0d4e3724ba6ec227b70b4157f5ac0
BNCI2014-001,3,csp_lda,channel_dropout,all_channels,4,0.3,2,22,7,0.5,0.9100985221674878,0.4912280700113156,0.49122807008727326,0.3.2,participant,,,,,,a5508b68efe858976affddc55ddec1d52be0d4e3724ba6ec227b70b4157f5ac0
BNCI2014-001,3,csp_lda,channel_dropout,all_channels,4,0.3,3,22,7,0.5,0.7733990147783252,0.4912273026714215,0.4912275691145152,0.3.2,participant,,,,,,a5508b68efe858976affddc55ddec1d52be0d4e3724ba6ec227b70b4157f5ac0
BNCI2014-001,3,csp_lda,channel_dropout,all_channels,4,0.3,4,22,7,0.5541871921182266,0.8263546798029557,0.3838646560272429,0.4057786834345349,0.3.2,participant,,,,,,a5508b68efe858976affddc55ddec1d52be0d4e3724ba6ec227b70b4157f5ac0
BNCI2014-001,3,csp_lda,channel_dropout,all_channels,4,0.3,5,22,7,0.5,0.9187192118226601,0.508769872768237,0.5087708977668839,0.3.2,participant,,,,,,a5508b68efe858976affddc55ddec1d52be0d4e3724ba6ec227b70b4157f5ac0
BNCI2014-001,3,csp_lda,channel_dropout,all_channels,4,0.3,6,22,7,0.5,0.8842364532019704,0.4362495049019539,0.4592910085359089,0.3.2,participant,,,,,,a5508b68efe858976affddc55ddec1d52be0d4e3724ba6ec227b70b4157f5ac0
BNCI2014-001,3,csp_lda,channel_dropout,all_channels,4,0.3,7,22,7,0.5,0.9950738916256158,0.491223950117414,0.4912260098432706,0.3.2,participant,,,,,,a5508b68efe858976affddc55ddec1d52be0d4e3724ba6ec227b70b4157f5ac0
BNCI2014-001,3,csp_lda,channel_dropout,all_channels,4,0.3,8,22,7,0.5,0.9174876847290641,0.4912280701751078,0.49122807017527226,0.3.2,participant,,,,,,a5508b68efe858976affddc55ddec1d52be0d4e3724ba6ec227b70b4157f5ac0
BNCI2014-001,3,csp_lda,channel_dropout,all_channels,4,0.3,9,22,7,0.5,0.7894088669950738,0.4884471044163011,0.48979952472623023,0.3.2,participant,,,,,,a5508b68efe858976affddc55ddec1d52be0d4e3724ba6ec227b70b4157f5ac0
BNCI2014-001,3,csp_lda,channel_dropout,all_channels,4,0.5,0,22,11,0.5,0.2167487684729064,0.4912280700082545,0.491228068905732,0.3.2,participant,,,,,,a5508b68efe858976affddc55ddec1d52be0d4e3724ba6ec227b70b4157f5ac0
BNCI2014-001,3,csp_lda,channel_dropout,all_channels,4,0.5,1,22,11,0.5,0.7204433497536945,0.4912280691645437,0.49122806942670694,0.3.2,participant,,,,,,a5508b68efe858976affddc55ddec1d52be0d4e3724ba6ec227b70b4157f5ac0
BNCI2014-001,3,csp_lda,channel_dropout,all_channels,4,0.5,2,22,11,0.4815270935960591,0.5073891625615763,0.4164569027602861,0.44052796426666474,0.3.2,participant,,,,,,a5508b68efe858976affddc55ddec1d52be0d4e3724ba6ec227b70b4157f5ac0
BNCI2014-001,3,csp_lda,channel_dropout,all_channels,4,0.5,3,22,11,0.5,0.7426108374384236,0.4912280454604898,0.4912280499272949,0.3.2,participant,,,,,,a5508b68efe858976affddc55ddec1d52be0d4e3724ba6ec227b70b4157f5ac0
BNCI2014-001,3,csp_lda,channel_dropout,all_channels,4,0.5,4,22,11,0.5,0.8608374384236452,0.487802469231818,0.48882290366500536,0.3.2,participant,,,,,,a5508b68efe858976affddc55ddec1d52be0d4e3724ba6ec227b70b4157f5ac0
BNCI2014-001,3,csp_lda,channel_dropout,all_channels,4,0.5,5,22,11,0.5,0.852216748768473,0.4912278624771323,0.49122796254549506,0.3.2,participant,,,,,,a5508b68efe858976affddc55ddec1d52be0d4e3724ba6ec227b70b4157f5ac0
BNCI2014-001,3,csp_lda,channel_dropout,all_channels,4,0.5,6,22,11,0.6822660098522167,0.7807881773399015,0.1979492131550962,0.11574251007212025,0.3.2,participant,,,,,,a5508b68efe858976affddc55ddec1d52be0d4e3724ba6ec227b70b4157f5ac0
BNCI2014-001,3,csp_lda,channel_dropout,all_channels,4,0.5,7,22,11,0.5,0.9347290640394088,0.49096333376513956,0.491090906852331,0.3.2,participant,,,,,,a5508b68efe858976affddc55ddec1d52be0d4e3724ba6ec227b70b4157f5ac0
BNCI2014-001,3,csp_lda,channel_dropout,all_channels,4,0.5,8,22,11,0.5,0.9359605911330049,0.4924648657947381,0.49989647097214124,0.3.2,participant,,,,,,a5508b68efe858976affddc55ddec1d52be0d4e3724ba6ec227b70b4157f5ac0
BNCI2014-001,3,csp_lda,channel_dropout,all_channels,4,0.5,9,22,11,0.5,0.7561576354679803,0.5087649876239864,0.5087675732904061,0.3.2,participant,,,,,,a5508b68efe858976affddc55ddec1d52be0d4e3724ba6ec227b70b4157f5ac0
BNCI2014-001,3,csp_lda,clean,all_channels,5,0.0,0,22,0,0.9821428571428572,1.0,0.015172015933238532,0.04415224829131491,0.3.2,participant,,,,,,a5508b68efe858976affddc55ddec1d52be0d4e3724ba6ec227b70b4157f5ac0
BNCI2014-001,3,csp_lda,channel_dropout,all_channels,5,0.1,0,22,2,0.5,0.9507389162561577,0.50726782495537,0.5080075856571915,0.3.2,participant,,,,,,a5508b68efe858976affddc55ddec1d52be0d4e3724ba6ec227b70b4157f5ac0
BNCI2014-001,3,csp_lda,channel_dropout,all_channels,5,0.1,1,22,2,0.5,0.9987684729064039,0.4852256571507723,0.48815384478767754,0.3.2,participant,,,,,,a5508b68efe858976affddc55ddec1d52be0d4e3724ba6ec227b70b4157f5ac0
BNCI2014-001,3,csp_lda,channel_dropout,all_channels,5,0.1,2,22,2,0.6607142857142857,0.9938423645320198,0.238790081165479,0.30781026526943084,0.3.2,participant,,,,,,a5508b68efe858976affddc55ddec1d52be0d4e3724ba6ec227b70b4157f5ac0
BNCI2014-001,3,csp_lda,channel_dropout,all_channels,5,0.1,3,22,2,0.5517241379310345,0.9852216748768473,0.4169947772814192,0.4449594148976542,0.3.2,participant,,,,,,a5508b68efe858976affddc55ddec1d52be0d4e3724ba6ec227b70b4157f5ac0
BNCI2014-001,3,csp_lda,channel_dropout,all_channels,5,0.1,4,22,2,0.5,0.9802955665024631,0.4535696009813423,0.4698653505407326,0.3.2,participant,,,,,,a5508b68efe858976affddc55ddec1d52be0d4e3724ba6ec227b70b4157f5ac0
BNCI2014-001,3,csp_lda,channel_dropout,all_channels,5,0.1,5,22,2,0.5,0.7820197044334976,0.5071232881723151,0.5078296632116532,0.3.2,participant,,,,,,a5508b68efe858976affddc55ddec1d52be0d4e3724ba6ec227b70b4157f5ac0
BNCI2014-001,3,csp_lda,channel_dropout,all_channels,5,0.1,6,22,2,0.5689655172413793,0.9987684729064039,0.3884301494988925,0.42712536361637565,0.3.2,participant,,,,,,a5508b68efe858976affddc55ddec1d52be0d4e3724ba6ec227b70b4157f5ac0
BNCI2014-001,3,csp_lda,channel_dropout,all_channels,5,0.1,7,22,2,0.625615763546798,0.8793103448275862,0.28191135240255766,0.329240921532712,0.3.2,participant,,,,,,a5508b68efe858976affddc55ddec1d52be0d4e3724ba6ec227b70b4157f5ac0
BNCI2014-001,3,csp_lda,channel_dropout,all_channels,5,0.1,8,22,2,0.5357142857142857,0.9827586206896552,0.3917268358515064,0.4267780138148076,0.3.2,participant,,,,,,a5508b68efe858976affddc55ddec1d52be0d4e3724ba6ec227b70b4157f5ac0
BNCI2014-001,3,csp_lda,channel_dropout,all_channels,5,0.1,9,22,2,0.5,0.9076354679802956,0.49122803540382626,0.4912280526464333,0.3.2,participant,,,,,,a5508b68efe858976affddc55ddec1d52be0d4e3724ba6ec227b70b4157f5ac0
BNCI2014-001,3,csp_lda,channel_dropout,all_channels,5,0.2,0,22,4,0.5,0.9187192118226601,0.5087718280868555,0.5087718785971184,0.3.2,participant,,,,,,a5508b68efe858976affddc55ddec1d52be0d4e3724ba6ec227b70b4157f5ac0
BNCI2014-001,3,csp_lda,channel_dropout,all_channels,5,0.2,1,22,4,0.5,0.9433497536945814,0.5087200580307149,0.5087459605317426,0.3.2,participant,,,,,,a5508b68efe858976affddc55ddec1d52be0d4e3724ba6ec227b70b4157f5ac0
BNCI2014-001,3,csp_lda,channel_dropout,all_channels,5,0.2,2,22,4,0.5,0.9150246305418719,0.49110907271087134,0.4911654693054952,0.3.2,participant,,,,,,a5508b68efe858976affddc55ddec1d52be0d4e3724ba6ec227b70b4157f5ac0
BNCI2014-001,3,csp_lda,channel_dropout,all_channels,5,0.2,3,22,4,0.5,0.9187192118226601,0.5087718280868555,0.5087718785971184,0.3.2,participant,,,,,,a5508b68efe858976affddc55ddec1d52be0d4e3724ba6ec227b70b4157f5ac0
BNCI2014-001,3,csp_lda,channel_dropout,all_channels,5,0.2,4,22,4,0.5,0.9495073891625615,0.496884335784128,0.5024937683632513,0.3.2,participant,,,,,,a5508b68efe858976affddc55ddec1d52be0d4e3724ba6ec227b70b4157f5ac0
BNCI2014-001,3,csp_lda,channel_dropout,all_channels,5,0.2,5,22,4,0.5,0.8620689655172414,0.5087718843071156,0.5087719065055311,0.3.2,participant,,,,,,a5508b68efe858976affddc55ddec1d52be0d4e3724ba6ec227b70b4157f5ac0
BNCI2014-001,3,csp_lda,channel_dropout,all_channels,5,0.2,6,22,4,0.603448275862069,0.8374384236453202,0.2787571036492297,0.31150483214551444,0.3.2,participant,,,,,,a5508b68efe858976affddc55ddec1d52be0d4e3724ba6ec227b70b4157f5ac0
BNCI2014-001,3,csp_lda,channel_dropout,all_channels,5,0.2,7,22,4,0.9285714285714286,0.9889162561576355,0.052863594800245536,0.09393408832067554,0.3.2,participant,,,,,,a5508b68efe858976affddc55ddec1d52be0d4e3724ba6ec227b70b4157f5ac0
BNCI2014-001,3,csp_lda,channel_dropout,all_channels,5,0.2,8,22,4,0.5,0.8694581280788177,0.50877190977775,0.5087719195308232,0.3.2,participant,,,,,,a5508b68efe858976affddc55ddec1d52be0d4e3724ba6ec227b70b4157f5ac0
BNCI2014-001,3,csp_lda,channel_dropout,all_channels,5,0.2,9,22,4,0.5,0.8497536945812808,0.49108004278707396,0.4911473676286644,0.3.2,participant,,,,,,a5508b68efe858976affddc55ddec1d52be0d4e3724ba6ec227b70b4157f5ac0
BNCI2014-001,3,csp_lda,channel_dropout,all_channels,5,0.3,0,22,7,0.5,0.8817733990147782,0.4911884510490774,0.491204569725761,0.3.2,participant,,,,,,a5508b68efe858976affddc55ddec1d52be0d4e3724ba6ec227b70b4157f5ac0
BNCI2014-001,3,csp_lda,channel_dropout,all_channels,5,0.3,1,22,7,0.5,0.7980295566502462,0.5087719298232218,0.5087719298238441,0.3.2,participant,,,,,,a5508b68efe858976affddc55ddec1d52be0d4e3724ba6ec227b70b4157f5ac0
BNCI2014-001,3,csp_lda,channel_dropout,all_channels,5,0.3,2,22,7,0.5178571428571429,0.8312807881773399,0.395901660945186,0.4277443619849217,0.3.2,participant,,,,,,a5508b68efe858976affddc55ddec1d52be0d4e3724ba6ec227b70b4157f5ac0
BNCI2014-001,3,csp_lda,channel_dropout,all_channels,5,0.3,3,22,7,0.5,0.9039408866995073,0.5087671318005463,0.5087693847214345,0.3.2,participant,,,,,,a5508b68efe858976affddc55ddec1d52be0d4e3724ba6ec227b70b4157f5ac0
BNCI2014-001,3,csp_lda,channel_dropout,all_channels,5,0.3,4,22,7,0.5,0.8620689655172413,0.4910936824967425,0.49115600272547066,0.3.2,participant,,,,,,a5508b68efe858976affddc55ddec1d52be0d4e3724ba6ec227b70b4157f5ac0
BNCI2014-001,3,csp_lda,channel_dropout,all_channels,5,0.3,5,22,7,0.5,0.4014778325123153,0.46420362976030577,0.4688623647973597,0.3.2,participant,,,,,,a5508b68efe858976affddc55ddec1d52be0d4e3724ba6ec227b70b4157f5ac0
BNCI2014-001,3,csp_lda,channel_dropout,all_channels,5,0.3,6,22,7,0.5,0.6822660098522167,0.5087719284004987,0.5087719287852489,0.3.2,participant,,,,,,a5508b68efe858976affddc55ddec1d52be0d4e3724ba6ec227b70b4157f5ac0
BNCI2014-001,3,csp_lda,channel_dropout,all_channels,5,0.3,7,22,7,0.5,0.8830049261083743,0.5087709871147056,0.5087714345061923,0.3.2,participant,,,,,,a5508b68efe858976affddc55ddec1d52be0d4e3724ba6ec227b70b4157f5ac0
BNCI2014-001,3,csp_lda,channel_dropout,all_channels,5,0.3,8,22,7,0.8774630541871922,0.9790640394088671,0.06036707963323093,0.09833041101823137,0.3.2,participant,,,,,,a5508b68efe858976affddc55ddec1d52be0d4e3724ba6ec227b70b4157f5ac0
BNCI2014-001,3,csp_lda,channel_dropout,all_channels,5,0.3,9,22,7,0.7573891625615763,0.9495073891625616,0.14148164993258816,0.160622850393329,0.3.2,participant,,,,,,a5508b68efe858976affddc55ddec1d52be0d4e3724ba6ec227b70b4157f5ac0
BNCI2014-001,3,csp_lda,channel_dropout,all_channels,5,0.5,0,22,11,0.6545566502463054,0.8251231527093597,0.26447216941655294,0.2784698626557908,0.3.2,participant,,,,,,a5508b68efe858976affddc55ddec1d52be0d4e3724ba6ec227b70b4157f5ac0
BNCI2014-001,3,csp_lda,channel_dropout,all_channels,5,0.5,1,22,11,0.5,0.3916256157635468,0.5070966760786988,0.5067663360206861,0.3.2,participant,,,,,,a5508b68efe858976affddc55ddec1d52be0d4e3724ba6ec227b70b4157f5ac0
BNCI2014-001,3,csp_lda,channel_dropout,all_channels,5,0.5,2,22,11,0.5,0.5874384236453202,0.4912279755446771,0.4912279700649713,0.3.2,participant,,,,,,a5508b68efe858976affddc55ddec1d52be0d4e3724ba6ec227b70b4157f5ac0
BNCI2014-001,3,csp_lda,channel_dropout,all_channels,5,0.5,3,22,11,0.5677339901477833,0.6157635467980296,0.3288801384692714,0.3116053740208207,0.3.2,participant,,,,,,a5508b68efe858976affddc55ddec1d52be0d4e3724ba6ec227b70b4157f5ac0
BNCI2014-001,3,csp_lda,channel_dropout,all_channels,5,0.5,4,22,11,0.5363300492610837,0.812807881773399,0.3577826300833679,0.37628959302571374,0.3.2,participant,,,,,,a5508b68efe858976affddc55ddec1d52be0d4e3724ba6ec227b70b4157f5ac0
BNCI2014-001,3,csp_lda,channel_dropout,all_channels,5,0.5,5,22,11,0.5,0.70935960591133,0.5087719249705202,0.5087719263797478,0.3.2,participant,,,,,,a5508b68efe858976affddc55ddec1d52be0d4e3724ba6ec227b70b4157f5ac0
BNCI2014-001,3,csp_lda,channel_dropout,all_channels,5,0.5,6,22,11,0.5,0.9359605911330049,0.47874475828529006,0.49133353601491686,0.3.2,participant,,,,,,a5508b68efe858976affddc55ddec1d52be0d4e3724ba6ec227b70b4157f5ac0
BNCI2014-001,3,csp_lda,channel_dropout,all_channels,5,0.5,7,22,11,0.5,0.7623152709359606,0.5000435609932787,0.5036365043623755,0.3.2,participant,,,,,,a5508b68efe858976affddc55ddec1d52be0d4e3724ba6ec227b70b4157f5ac0
BNCI2014-001,3,csp_lda,channel_dropout,all_channels,5,0.5,8,22,11,0.4716748768472906,0.4322660098522168,0.43368381930445066,0.4349370292382203,0.3.2,participant,,,,,,a5508b68efe858976affddc55ddec1d52be0d4e3724ba6ec227b70b4157f5ac0
BNCI2014-001,3,csp_lda,channel_dropout,all_channels,5,0.5,9,22,11,0.5,0.9002463054187192,0.5087715735043069,0.5087717443377444,0.3.2,participant,,,,,,a5508b68efe858976affddc55ddec1d52be0d4e3724ba6ec227b70b4157f5ac0
BNCI2014-001,3,csp_lda,reduced_montage,motor_core,1,0.0,0,3,0,0.9655172413793103,0.9940546967895363,0.031510411120602114,0.0658201436615746,0.3.2,not_applicable,"C3,Cz,C4",,,,,a5508b68efe858976affddc55ddec1d52be0d4e3724ba6ec227b70b4157f5ac0
BNCI2014-001,3,csp_lda,reduced_montage,motor_core,2,0.0,0,3,0,0.8793103448275862,0.9619500594530321,0.08677352082523578,0.09953361624020077,0.3.2,not_applicable,"C3,Cz,C4",,,,,a5508b68efe858976affddc55ddec1d52be0d4e3724ba6ec227b70b4157f5ac0
BNCI2014-001,3,csp_lda,reduced_montage,motor_core,3,0.0,0,3,0,0.8793103448275862,0.9381688466111772,0.09337708068593979,0.0777547987878886,0.3.2,not_applicable,"C3,Cz,C4",,,,,a5508b68efe858976affddc55ddec1d52be0d4e3724ba6ec227b70b4157f5ac0
BNCI2014-001,3,csp_lda,reduced_montage,motor_core,4,0.0,0,3,0,0.9298029556650247,0.9679802955665026,0.06917412005706157,0.09434661173589245,0.3.2,not_applicable,"C3,Cz,C4",,,,,a5508b68efe858976affddc55ddec1d52be0d4e3724ba6ec227b70b4157f5ac0
BNCI2014-001,3,csp_lda,reduced_montage,motor_core,5,0.0,0,3,0,0.9298029556650247,0.9827586206896552,0.053529747168079324,0.07457512713653079,0.3.2,not_applicable,"C3,Cz,C4",,,,,a5508b68efe858976affddc55ddec1d52be0d4e3724ba6ec227b70b4157f5ac0
BNCI2014-001,3,csp_lda,reduced_montage,motor_extended,1,0.0,0,9,0,1.0,1.0,0.00780590616315305,0.043857340009683,0.3.2,not_applicable,"FC3,FCz,FC4,C3,Cz,C4,CP3,CPz,CP4",,,,,a5508b68efe858976affddc55ddec1d52be0d4e3724ba6ec227b70b4157f5ac0
BNCI2014-001,3,csp_lda,reduced_montage,motor_extended,2,0.0,0,9,0,0.9482758620689655,0.9976218787158145,0.023630285246540626,0.0630868725599101,0.3.2,not_applicable,"FC3,FCz,FC4,C3,Cz,C4,CP3,CPz,CP4",,,,,a5508b68efe858976affddc55ddec1d52be0d4e3724ba6ec227b70b4157f5ac0
BNCI2014-001,3,csp_lda,reduced_montage,motor_extended,3,0.0,0,9,0,0.9310344827586207,0.9809750297265161,0.055533821164999685,0.05686276150838498,0.3.2,not_applicable,"FC3,FCz,FC4,C3,Cz,C4,CP3,CPz,CP4",,,,,a5508b68efe858976affddc55ddec1d52be0d4e3724ba6ec227b70b4157f5ac0
BNCI2014-001,3,csp_lda,reduced_montage,motor_extended,4,0.0,0,9,0,0.9649014778325123,0.9864532019704434,0.036461736829895286,0.0466493011738483,0.3.2,not_applicable,"FC3,FCz,FC4,C3,Cz,C4,CP3,CPz,CP4",,,,,a5508b68efe858976affddc55ddec1d52be0d4e3724ba6ec227b70b4157f5ac0
BNCI2014-001,3,csp_lda,reduced_montage,motor_extended,5,0.0,0,9,0,0.9470443349753694,0.9926108374384236,0.03736532451710273,0.0508413720138885,0.3.2,not_applicable,"FC3,FCz,FC4,C3,Cz,C4,CP3,CPz,CP4",,,,,a5508b68efe858976affddc55ddec1d52be0d4e3724ba6ec227b70b4157f5ac0
BNCI2014-001,3,csp_lda,region_dropout,all_channels,1,0.3181818181818182,0,22,7,0.5517241379310345,0.6956004756242569,0.3566003968545607,0.3392944660269872,0.3.2,not_applicable,,left_motor_strip,"FC3,FC1,C5,C3,C1,CP3,CP1",,,a5508b68efe858976affddc55ddec1d52be0d4e3724ba6ec227b70b4157f5ac0
BNCI2014-001,3,csp_lda,region_dropout,all_channels,1,0.13636363636363635,0,22,3,0.5,0.9227110582639714,0.49999333629701037,0.4999966541870823,0.3.2,not_applicable,,midline_motor_strip,"FCz,Cz,CPz",,,a5508b68efe858976affddc55ddec1d52be0d4e3724ba6ec227b70b4157f5ac0
BNCI2014-001,3,csp_lda,region_dropout,all_channels,1,0.3181818181818182,0,22,7,0.5172413793103449,0.9274673008323424,0.47204036285218304,0.4790517732119156,0.3.2,not_applicable,,right_motor_strip,"FC2,FC4,C2,C4,C6,CP2,CP4",,,a5508b68efe858976affddc55ddec1d52be0d4e3724ba6ec227b70b4157f5ac0
BNCI2014-001,3,csp_lda,region_dropout,all_channels,2,0.3181818181818182,0,22,7,0.5,0.8525564803804994,0.4523005257822072,0.4715962921599103,0.3.2,not_applicable,,left_motor_strip,"FC3,FC1,C5,C3,C1,CP3,CP1",,,a5508b68efe858976affddc55ddec1d52be0d4e3724ba6ec227b70b4157f5ac0
BNCI2014-001,3,csp_lda,region_dropout,all_channels,2,0.13636363636363635,0,22,3,0.8620689655172413,0.9167657550535078,0.11369318501024656,0.1200362589682332,0.3.2,not_applicable,,midline_motor_strip,"FCz,Cz,CPz",,,a5508b68efe858976affddc55ddec1d52be0d4e3724ba6ec227b70b4157f5ac0
BNCI2014-001,3,csp_lda,region_dropout,all_channels,2,0.3181818181818182,0,22,7,0.5,0.8692033293697978,0.499525027817723,0.4997605982196307,0.3.2,not_applicable,,right_motor_strip,"FC2,FC4,C2,C4,C6,CP2,CP4",,,a5508b68efe858976affddc55ddec1d52be0d4e3724ba6ec227b70b4157f5ac0
BNCI2014-001,3,csp_lda,region_dropout,all_channels,3,0.3181818181818182,0,22,7,0.5,0.8406658739595719,0.48413447182484604,0.4901828115776855,0.3.2,not_applicable,,left_motor_strip,"FC3,FC1,C5,C3,C1,CP3,CP1",,,a5508b68efe858976affddc55ddec1d52be0d4e3724ba6ec227b70b4157f5ac0
BNCI2014-001,3,csp_lda,region_dropout,all_channels,3,0.13636363636363635,0,22,3,0.5,0.9179548156956004,0.44270347467800697,0.4655507755292736,0.3.2,not_applicable,,midline_motor_strip,"FCz,Cz,CPz",,,a5508b68efe858976affddc55ddec1d52be0d4e3724ba6ec227b70b4157f5ac0
BNCI2014-001,3,csp_lda,region_dropout,all_channels,3,0.3181818181818182,0,22,7,0.5,0.816884661117717,0.49997299303812703,0.49998649084794966,0.3.2,not_applicable,,right_motor_strip,"FC2,FC4,C2,C4,C6,CP2,CP4",,,a5508b68efe858976affddc55ddec1d52be0d4e3724ba6ec227b70b4157f5ac0
BNCI2014-001,3,csp_lda,region_dropout,all_channels,4,0.3181818181818182,0,22,7,0.5178571428571429,0.8596059113300494,0.46012974713821964,0.47101922508244176,0.3.2,not_applicable,,left_motor_strip,"FC3,FC1,C5,C3,C1,CP3,CP1",,,a5508b68efe858976affddc55ddec1d52be0d4e3724ba6ec227b70b4157f5ac0
BNCI2014-001,3,csp_lda,region_dropout,all_channels,4,0.13636363636363635,0,22,3,0.6724137931034483,0.9630541871921182,0.20018210996161007,0.27709117697728747,0.3.2,not_applicable,,midline_motor_strip,"FCz,Cz,CPz",,,a5508b68efe858976affddc55ddec1d52be0d4e3724ba6ec227b70b4157f5ac0
BNCI2014-001,3,csp_lda,region_dropout,all_channels,4,0.3181818181818182,0,22,7,0.5,0.9334975369458128,0.5082355505234591,0.5085013698783752,0.3.2,not_applicable,,right_motor_strip,"FC2,FC4,C2,C4,C6,CP2,CP4",,,a5508b68efe858976affddc55ddec1d52be0d4e3724ba6ec227b70b4157f5ac0
BNCI2014-001,3,csp_lda,region_dropout,all_channels,5,0.3181818181818182,0,22,7,0.5172413793103449,0.8214285714285715,0.4628575596060317,0.4779701315985498,0.3.2,not_applicable,,left_motor_strip,"FC3,FC1,C5,C3,C1,CP3,CP1",,,a5508b68efe858976affddc55ddec1d52be0d4e3724ba6ec227b70b4157f5ac0
BNCI2014-001,3,csp_lda,region_dropout,all_channels,5,0.13636363636363635,0,22,3,0.6071428571428571,0.937192118226601,0.25093097344427034,0.3109103180241286,0.3.2,not_applicable,,midline_motor_strip,"FCz,Cz,CPz",,,a5508b68efe858976affddc55ddec1d52be0d4e3724ba6ec227b70b4157f5ac0
BNCI2014-001,3,csp_lda,region_dropout,all_channels,5,0.3181818181818182,0,22,7,0.5,0.9273399014778325,0.4909739368109559,0.4911004588840642,0.3.2,not_applicable,,right_motor_strip,"FC2,FC4,C2,C4,C6,CP2,CP4",,,a5508b68efe858976affddc55ddec1d52be0d4e3724ba6ec227b70b4157f5ac0
BNCI2014-001,3,csp_lda,cross_session,all_channels,0,0.0,0,22,0,0.9027777777777778,0.9955632716049382,0.07100020252224208,0.1149176458023225,0.3.2,not_applicable,,,,0train,1test,a5508b68efe858976affddc55ddec1d52be0d4e3724ba6ec227b70b4157f5ac0
BNCI2014-001,4,csp_lda,clean,all_channels,1,0.0,0,22,0,0.7241379310344828,0.7966706302021402,0.19038947898385009,0.13873407819264688,0.3.2,participant,,,,,,a5508b68efe858976affddc55ddec1d52be0d4e3724ba6ec227b70b4157f5ac0
BNCI2014-001,4,csp_lda,channel_dropout,all_channels,1,0.1,0,22,2,0.5,0.643281807372176,0.4999589772372299,0.49996967427221484,0.3.2,participant,,,,,,a5508b68efe858976affddc55ddec1d52be0d4e3724ba6ec227b70b4157f5ac0
BNCI2014-001,4,csp_lda,channel_dropout,all_channels,1,0.1,1,22,2,0.4827586206896552,0.657550535077289,0.38992643518008624,0.40534093876670735,0.3.2,participant,,,,,,a5508b68efe858976affddc55ddec1d52be0d4e3724ba6ec227b70b4157f5ac0
BNCI2014-001,4,csp_lda,channel_dropout,all_channels,1,0.1,2,22,2,0.5,0.5862068965517242,0.49065078123185063,0.4927009448971318,0.3.2,participant,,,,,,a5508b68efe858976affddc55ddec1d52be0d4e3724ba6ec227b70b4157f5ac0
BNCI2014-001,4,csp_lda,channel_dropout,all_channels,1,0.1,3,22,2,0.5,0.7265160523186681,0.4999621187946202,0.4999733199423566,0.3.2,participant,,,,,,a5508b68efe858976affddc55ddec1d52be0d4e3724ba6ec227b70b4157f5ac0
BNCI2014-001,4,csp_lda,channel_dropout,all_channels,1,0.1,4,22,2,0.7068965517241379,0.7312722948870393,0.21265406828191752,0.09910151266779492,0.3.2,participant,,,,,,a5508b68efe858976affddc55ddec1d52be0d4e3724ba6ec227b70b4157f5ac0
BNCI2014-001,4,csp_lda,channel_dropout,all_channels,1,0.1,5,22,2,0.5,0.6551724137931034,0.4999902643104904,0.4999923634285671,0.3.2,participant,,,,,,a5508b68efe858976affddc55ddec1d52be0d4e3724ba6ec227b70b4157f5ac0
BNCI2014-001,4,csp_lda,channel_dropout,all_channels,1,0.1,6,22,2,0.5,0.643281807372176,0.4999589772372299,0.49996967427221484,0.3.2,participant,,,,,,a5508b68efe858976affddc55ddec1d52be0d4e3724ba6ec227b70b4157f5ac0
BNCI2014-001,4,csp_lda,channel_dropout,all_channels,1,0.1,7,22,2,0.5,0.6504161712247325,0.4999984416802696,0.4999989689011354,0.3.2,participant,,,,,,a5508b68efe858976affddc55ddec1d52be0d4e3724ba6ec227b70b4157f5ac0
BNCI2014-001,4,csp_lda,channel_dropout,all_channels,1,0.1,8,22,2,0.5,0.6599286563614744,0.4999999993980361,0.49999999956469,0.3.2,participant,,,,,,a5508b68efe858976affddc55ddec1d52be0d4e3724ba6ec227b70b4157f5ac0
BNCI2014-001,4,csp_lda,channel_dropout,all_channels,1,0.1,9,22,2,0.5,0.6516052318668252,0.4999863876815206,0.4999906981411446,0.3.2,participant,,,,,,a5508b68efe858976affddc55ddec1d52be0d4e3724ba6ec227b70b4157f5ac0
BNCI2014-001,4,csp_lda,channel_dropout,all_channels,1,0.2,0,22,4,0.5,0.6944114149821641,0.494748804762023,0.49488610816095213,0.3.2,participant,,,,,,a5508b68efe858976affddc55ddec1d52be0d4e3724ba6ec227b70b4157f5ac0
BNCI2014-001,4,csp_lda,channel_dropout,all_channels,1,0.2,1,22,4,0.603448275862069,0.741973840665874,0.27961512415217693,0.279438907378847,0.3.2,participant,,,,,,a5508b68efe858976affddc55ddec1d52be0d4e3724ba6ec227b70b4157f5ac0
BNCI2014-001,4,csp_lda,channel_dropout,all_channels,1,0.2,2,22,4,0.5,0.7491082045184305,0.4997778294575445,0.4998385163105393,0.3.2,participant,,,,,,a5508b68efe858976affddc55ddec1d52be0d4e3724ba6ec227b70b4157f5ac0
BNCI2014-001,4,csp_lda,channel_dropout,all_channels,1,0.2,3,22,4,0.5,0.6575505350772889,0.4881448988182032,0.48880695473876196,0.3.2,participant,,,,,,a5508b68efe858976affddc55ddec1d52be0d4e3724ba6ec227b70b4157f5ac0
BNCI2014-001,4,csp_lda,channel_dropout,all_channels,1,0.2,4,22,4,0.5,0.6741973840665874,0.49984212233712,0.4998992093625849,0.3.2,participant,,,,,,a5508b68efe858976affddc55ddec1d52be0d4e3724ba6ec227b70b4157f5ac0
BNCI2014-001,4,csp_lda,channel_dropout,all_channels,1,0.2,5,22,4,0.5,0.6349583828775267,0.49999999959077257,0.4999999996591613,0.3.2,participant,,,,,,a5508b68efe858976affddc55ddec1d52be0d4e3724ba6ec227b70b4157f5ac0
BNCI2014-001,4,csp_lda,channel_dropout,all_channels,1,0.2,6,22,4,0.5,0.6409036860879905,0.4999999999975607,0.49999999999778033,0.3.2,participant,,,,,,a5508b68efe858976affddc55ddec1d52be0d4e3724ba6ec227b70b4157f5ac0
BNCI2014-001,4,csp_lda,channel_dropout,all_channels,1,0.2,7,22,4,0.5,0.6266349583828775,0.49999994433144546,0.4999999496113422,0.3.2,participant,,,,,,a5508b68efe858976affddc55ddec1d52be0d4e3724ba6ec227b70b4157f5ac0
BNCI2014-001,4,csp_lda,channel_dropout,all_channels,1,0.2,8,22,4,0.5,0.5873959571938169,0.49894495451466214,0.4991690745011178,0.3.2,participant,,,,,,a5508b68efe858976affddc55ddec1d52be0d4e3724ba6ec227b70b4157f5ac0
BNCI2014-001,4,csp_lda,channel_dropout,all_channels,1,0.2,9,22,4,0.5,0.6123662306777646,0.49999975650724093,0.499999795431457,0.3.2,participant,,,,,,a5508b68efe858976affddc55ddec1d52be0d4e3724ba6ec227b70b4157f5ac0
BNCI2014-001,4,csp_lda,channel_dropout,all_channels,1,0.3,0,22,7,0.5172413793103449,0.7479191438763376,0.4044708814859302,0.4108501212714916,0.3.2,participant,,,,,,a5508b68efe858976affddc55ddec1d52be0d4e3724ba6ec227b70b4157f5ac0
BNCI2014-001,4,csp_lda,channel_dropout,all_channels,1,0.3,1,22,7,0.5,0.5457788347205708,0.4991209855229525,0.49910447473450836,0.3.2,participant,,,,,,a5508b68efe858976affddc55ddec1d52be0d4e3724ba6ec227b70b4157f5ac0
BNCI2014-001,4,csp_lda,channel_dropout,all_channels,1,0.3,2,22,7,0.5,0.6444708680142687,0.4992789020854025,0.49950317171683145,0.3.2,participant,,,,,,a5508b68efe858976affddc55ddec1d52be0d4e3724ba6ec227b70b4157f5ac0
BNCI2014-001,4,csp_lda,channel_dropout,all_channels,1,0.3,3,22,7,0.5,0.47919143876337694,0.4999999977481716,0.4999999961068329,0.3.2,participant,,,,,,a5508b68efe858976affddc55ddec1d52be0d4e3724ba6ec227b70b4157f5ac0
BNCI2014-001,4,csp_lda,channel_dropout,all_channels,1,0.3,4,22,7,0.5689655172413793,0.7086801426872771,0.28106985981328725,0.26260459485326826,0.3.2,participant,,,,,,a5508b68efe858976affddc55ddec1d52be0d4e3724ba6ec227b70b4157f5ac0
BNCI2014-001,4,csp_lda,channel_dropout,all_channels,1,0.3,5,22,7,0.5,0.5897740784780025,0.47775042133813805,0.4799798365842992,0.3.2,participant,,,,,,a5508b68efe858976affddc55ddec1d52be0d4e3724ba6ec227b70b4157f5ac0
BNCI2014-001,4,csp_lda,channel_dropout,all_channels,1,0.3,6,22,7,0.5,0.6206896551724138,0.49999998160255255,0.49999998293450953,0.3.2,participant,,,,,,a5508b68efe858976affddc55ddec1d52be0d4e3724ba6ec227b70b4157f5ac0
BNCI2014-001,4,csp_lda,channel_dropout,all_channels,1,0.3,7,22,7,0.5,0.6420927467300832,0.4999999992492552,0.4999999993089178,0.3.2,participant,,,,,,a5508b68efe858976affddc55ddec1d52be0d4e3724ba6ec227b70b4157f5ac0
BNCI2014-001,4,csp_lda,channel_dropout,all_channels,1,0.3,8,22,7,0.5,0.5897740784780023,0.49899993467246856,0.49909200104394935,0.3.2,participant,,,,,,a5508b68efe858976affddc55ddec1d52be0d4e3724ba6ec227b70b4157f5ac0
BNCI2014-001,4,csp_lda,channel_dropout,all_channels,1,0.3,9,22,7,0.5,0.5814506539833532,0.49999999600723133,0.49999999581982957,0.3.2,participant,,,,,,a5508b68efe858976affddc55ddec1d52be0d4e3724ba6ec227b70b4157f5ac0
BNCI2014-001,4,csp_lda,channel_dropout,all_channels,1,0.5,0,22,11,0.5,0.5933412604042807,0.49999545611639645,0.4999956788443831,0.3.2,participant,,,,,,a5508b68efe858976affddc55ddec1d52be0d4e3724ba6ec227b70b4157f5ac0
BNCI2014-001,4,csp_lda,channel_dropout,all_channels,1,0.5,1,22,11,0.5,0.5873959571938169,0.4999999995664845,0.49999999958202945,0.3.2,participant,,,,,,a5508b68efe858976affddc55ddec1d52be0d4e3724ba6ec227b70b4157f5ac0
BNCI2014-001,4,csp_lda,channel_dropout,all_channels,1,0.5,2,22,11,0.5,0.5743162901307967,0.49999705722009674,0.49999744188307715,0.3.2,participant,,,,,,a5508b68efe858976affddc55ddec1d52be0d4e3724ba6ec227b70b4157f5ac0
BNCI2014-001,4,csp_lda,channel_dropout,all_channels,1,0.5,3,22,11,0.5,0.6944114149821642,0.49999999999586586,0.4999999999967071,0.3.2,participant,,,,,,a5508b68efe858976affddc55ddec1d52be0d4e3724ba6ec227b70b4157f5ac0
BNCI2014-001,4,csp_lda,channel_dropout,all_channels,1,0.5,4,22,11,0.5,0.657550535077289,0.4999999999177983,0.49999999991375577,0.3.2,participant,,,,,,a5508b68efe858976affddc55ddec1d52be0d4e3724ba6ec227b70b4157f5ac0
BNCI2014-001,4,csp_lda,channel_dropout,all_channels,1,0.5,5,22,11,0.5,0.6361474435196195,0.4999999998302037,0.4999999998604271,0.3.2,participant,,,,,,a5508b68efe858976affddc55ddec1d52be0d4e3724ba6ec227b70b4157f5ac0
BNCI2014-001,4,csp_lda,channel_dropout,all_channels,1,0.5,6,22,11,0.5,0.5980975029726516,0.49999987586907246,0.49999987985360095,0.3.2,participant,,,,,,a5508b68efe858976affddc55ddec1d52be0d4e3724ba6ec227b70b4157f5ac0
BNCI2014-001,4,csp_lda,channel_dropout,all_channels,1,0.5,7,22,11,0.5,0.5969084423305588,0.49977670895891313,0.49979378196757485,0.3.2,participant,,,,,,a5508b68efe858976affddc55ddec1d52be0d4e3724ba6ec227b70b4157f5ac0
BNCI2014-001,4,csp_lda,channel_dropout,all_channels,1,0.5,8,22,11,0.5,0.6218787158145066,0.4999999942570098,0.49999999523826,0.3.2,participant,,,,,,a5508b68efe858976affddc55ddec1d52be0d4e3724ba6ec227b70b4157f5ac0
BNCI2014-001,4,csp_lda,channel_dropout,all_channels,1,0.5,9,22,11,0.5,0.7039239001189062,0.49999736967951136,0.4999982745630024,0.3.2,participant,,,,,,a5508b68efe858976affddc55ddec1d52be0d4e3724ba6ec227b70b4157f5ac0
BNCI2014-001,4,csp_lda,clean,all_channels,2,0.0,0,22,0,0.7068965517241379,0.8596908442330559,0.16593709509109983,0.14629945065227018,0.3.2,participant,,,,,,a5508b68efe858976affddc55ddec1d52be0d4e3724ba6ec227b70b4157f5ac0
BNCI2014-001,4,csp_lda,channel_dropout,all_channels,2,0.1,0,22,2,0.5,0.5541022592152199,0.4999465047957764,0.4999464046250671,0.3.2,participant,,,,,,a5508b68efe858976affddc55ddec1d52be0d4e3724ba6ec227b70b4157f5ac0
BNCI2014-001,4,csp_lda,channel_dropout,all_channels,2,0.1,1,22,2,0.5,0.7122473246135553,0.49999998324324724,0.49999998852287153,0.3.2,participant,,,,,,a5508b68efe858976affddc55ddec1d52be0d4e3724ba6ec227b70b4157f5ac0
BNCI2014-001,4,csp_lda,channel_dropout,all_channels,2,0.1,2,22,2,0.5,0.7740784780023782,0.49995318073951917,0.49996964284249945,0.3.2,participant,,,,,,a5508b68efe858976affddc55ddec1d52be0d4e3724ba6ec227b70b4157f5ac0
BNCI2014-001,4,csp_lda,channel_dropout,all_channels,2,0.1,3,22,2,0.5,0.6385255648038051,0.4871852352329413,0.4905826279821991,0.3.2,participant,,,,,,a5508b68efe858976affddc55ddec1d52be0d4e3724ba6ec227b70b4157f5ac0
BNCI2014-001,4,csp_lda,channel_dropout,all_channels,2,0.1,4,22,2,0.5,0.8002378121284185,0.49950267288983274,0.4997302962383014,0.3.2,participant,,,,,,a5508b68efe858976affddc55ddec1d52be0d4e3724ba6ec227b70b4157f5ac0
BNCI2014-001,4,csp_lda,channel_dropout,all_channels,2,0.1,5,22,2,0.5,0.5184304399524375,0.4999999999999998,0.4999999999999999,0.3.2,participant,,,,,,a5508b68efe858976affddc55ddec1d52be0d4e3724ba6ec227b70b4157f5ac0
BNCI2014-001,4,csp_lda,channel_dropout,all_channels,2,0.1,6,22,2,0.5,0.7395957193816884,0.4999900505969447,0.49999404542088555,0.3.2,participant,,,,,,a5508b68efe858976affddc55ddec1d52be0d4e3724ba6ec227b70b4157f5ac0
BNCI2014-001,4,csp_lda,channel_dropout,all_channels,2,0.1,7,22,2,0.5,0.7538644470868014,0.4999855362754141,0.4999906674868758,0.3.2,participant,,,,,,a5508b68efe858976affddc55ddec1d52be0d4e3724ba6ec227b70b4157f5ac0
BNCI2014-001,4,csp_lda,channel_dropout,all_channels,2,0.1,8,22,2,0.5,0.6218787158145065,0.49999999995280137,0.4999999999282423,0.3.2,participant,,,,,,a5508b68efe858976affddc55ddec1d52be0d4e3724ba6ec227b70b4157f5ac0
BNCI2014-001,4,csp_lda,channel_dropout,all_channels,2,0.1,9,22,2,0.5,0.6468489892984542,0.4968291252901176,0.4981147578644458,0.3.2,participant,,,,,,a5508b68efe858976affddc55ddec1d52be0d4e3724ba6ec227b70b4157f5ac0
BNCI2014-001,4,csp_lda,channel_dropout,all_channels,2,0.2,0,22,4,0.5,0.6765755053507729,0.49997345279763394,0.49997699080142155,0.3.2,participant,,,,,,a5508b68efe858976affddc55ddec1d52be0d4e3724ba6ec227b70b4157f5ac0
BNCI2014-001,4,csp_lda,channel_dropout,all_channels,2,0.2,1,22,4,0.5,0.7074910820451843,0.4999999992251437,0.49999999960003005,0.3.2,participant,,,,,,a5508b68efe858976affddc55ddec1d52be0d4e3724ba6ec227b70b4157f5ac0
BNCI2014-001,4,csp_lda,channel_dropout,all_channels,2,0.2,2,22,4,0.5,0.661117717003567,0.49999996627115445,0.49999996162941784,0.3.2,participant,,,,,,a5508b68efe858976affddc55ddec1d52be0d4e3724ba6ec227b70b4157f5ac0
BNCI2014-001,4,csp_lda,channel_dropout,all_channels,2,0.2,3,22,4,0.5,0.5921521997621879,0.49999999999999967,0.4999999999999998,0.3.2,participant,,,,,,a5508b68efe858976affddc55ddec1d52be0d4e3724ba6ec227b70b4157f5ac0
BNCI2014-001,4,csp_lda,channel_dropout,all_channels,2,0.2,4,22,4,0.5,0.6884661117717004,0.49998943658630407,0.49999380102198876,0.3.2,participant,,,,,,a5508b68efe858976affddc55ddec1d52be0d4e3724ba6ec227b70b4157f5ac0
BNCI2014-001,4,csp_lda,channel_dropout,all_channels,2,0.2,5,22,4,0.5,0.6147443519619502,0.49999999993846506,0.49999999994419586,0.3.2,participant,,,,,,a5508b68efe858976affddc55ddec1d52be0d4e3724ba6ec227b70b4157f5ac0
BNCI2014-001,4,csp_lda,channel_dropout,all_channels,2,0.2,6,22,4,0.5,0.6105826397146255,0.4999999999984758,0.49999999999656697,0.3.2,participant,,,,,,a5508b68efe858976affddc55ddec1d52be0d4e3724ba6ec227b70b4157f5ac0
BNCI2014-001,4,csp_lda,channel_dropout,all_channels,2,0.2,7,22,4,0.5,0.692627824019025,0.499999999998194,0.49999999999871636,0.3.2,participant,,,,,,a5508b68efe858976affddc55ddec1d52be0d4e3724ba6ec227b70b4157f5ac0
BNCI2014-001,4,csp_lda,channel_dropout,all_channels,2,0.2,8,22,4,0.5,0.5659928656361474,0.4999999999713541,0.499999999973753,0.3.2,participant,,,,,,a5508b68efe858976affddc55ddec1d52be0d4e3724ba6ec227b70b4157f5ac0
BNCI2014-001,4,csp_lda,channel_dropout,all_channels,2,0.2,9,22,4,0.5,0.6920332936979786,0.4999996896111345,0.4999997976614571,0.3.2,participant,,,,,,a5508b68efe858976affddc55ddec1d52be0d4e3724ba6ec227b70b4157f5ac0
BNCI2014-001,4,csp_lda,channel_dropout,all_channels,2,0.3,0,22,7,0.5,0.657550535077289,0.4995588673967071,0.49971345273475265,0.3.2,participant,,,,,,a5508b68efe858976affddc55ddec1d52be0d4e3724ba6ec227b70b4157f5ac0
BNCI2014-001,4,csp_lda,channel_dropout,all_channels,2,0.3,1,22,7,0.5,0.7003567181926277,0.49999879540070213,0.4999990369667313,0.3.2,participant,,,,,,a5508b68efe858976affddc55ddec1d52be0d4e3724ba6ec227b70b4157f5ac0
BNCI2014-001,4,csp_lda,channel_dropout,all_channels,2,0.3,2,22,7,0.5,0.6278240190249702,0.49999999896843406,0.4999999989381141,0.3.2,participant,,,,,,a5508b68efe858976affddc55ddec1d52be0d4e3724ba6ec227b70b4157f5ac0
BNCI2014-001,4,csp_lda,channel_dropout,all_channels,2,0.3,3,22,7,0.5,0.4839476813317479,0.4999999999962957,0.4999999999942978,0.3.2,participant,,,,,,a5508b68efe858976affddc55ddec1d52be0d4e3724ba6ec227b70b4157f5ac0
BNCI2014-001,4,csp_lda,channel_dropout,all_channels,2,0.3,4,22,7,0.5,0.6391200951248515,0.4999999999999949,0.49999999999999567,0.3.2,participant,,,,,,a5508b68efe858976affddc55ddec1d52be0d4e3724ba6ec227b70b4157f5ac0
BNCI2014-001,4,csp_lda,channel_dropout,all_channels,2,0.3,5,22,7,0.5,0.6521997621878716,0.49999999999986344,0.4999999999999113,0.3.2,participant,,,,,,a5508b68efe858976affddc55ddec1d52be0d4e3724ba6ec227b70b4157f5ac0
BNCI2014-001,4,csp_lda,channel_dropout,all_channels,2,0.3,6,22,7,0.5,0.5879904875148633,0.49999999999998407,0.49999999999998435,0.3.2,participant,,,,,,a5508b68efe858976affddc55ddec1d52be0d4e3724ba6ec227b70b4157f5ac0
BNCI2014-001,4,csp_lda,channel_dropout,all_channels,2,0.3,7,22,7,0.5,0.643281807372176,0.31942108472692704,0.33515447150242617,0.3.2,participant,,,,,,a5508b68efe858976affddc55ddec1d52be0d4e3724ba6ec227b70b4157f5ac0
BNCI2014-001,4,csp_lda,channel_dropout,all_channels,2,0.3,8,22,7,0.5,0.5790725326991676,0.4999999988599027,0.4999999989664903,0.3.2,participant,,,,,,a5508b68efe858976affddc55ddec1d52be0d4e3724ba6ec227b70b4157f5ac0
BNCI2014-001,4,csp_lda,channel_dropout,all_channels,2,0.3,9,22,7,0.5,0.5576694411414982,0.49999999999675676,0.4999999999973127,0.3.2,participant,,,,,,a5508b68efe858976affddc55ddec1d52be0d4e3724ba6ec227b70b4157f5ac0
BNCI2014-001,4,csp_lda,channel_dropout,all_channels,2,0.5,0,22,11,0.5,0.5481569560047562,0.4972832322650288,0.49667316870928646,0.3.2,participant,,,,,,a5508b68efe858976affddc55ddec1d52be0d4e3724ba6ec227b70b4157f5ac0
BNCI2014-001,4,csp_lda,channel_dropout,all_channels,2,0.5,1,22,11,0.5,0.6076099881093936,0.4999999949045758,0.4999999948433731,0.3.2,participant,,,,,,a5508b68efe858976affddc55ddec1d52be0d4e3724ba6ec227b70b4157f5ac0
BNCI2014-001,4,csp_lda,channel_dropout,all_channels,2,0.5,2,22,11,0.5,0.7479191438763376,0.49998053966630746,0.4999839676819885,0.3.2,participant,,,,,,a5508b68efe858976affddc55ddec1d52be0d4e3724ba6ec227b70b4157f5ac0
BNCI2014-001,4,csp_lda,channel_dropout,all_channels,2,0.5,3,22,11,0.5,0.5517241379310345,0.4999999998697514,0.49999999985771026,0.3.2,participant,,,,,,a5508b68efe858976affddc55ddec1d52be0d4e3724ba6ec227b70b4157f5ac0
BNCI2014-001,4,csp_lda,channel_dropout,all_channels,2,0.5,4,22,11,0.5,0.5172413793103448,0.5,0.5,0.3.2,participant,,,,,,a5508b68efe858976affddc55ddec1d52be0d4e3724ba6ec227b70b4157f5ac0
BNCI2014-001,4,csp_lda,channel_dropout,all_channels,2,0.5,5,22,11,0.5,0.6266349583828775,0.49999999999738587,0.49999999999694333,0.3.2,participant,,,,,,a5508b68efe858976affddc55ddec1d52be0d4e3724ba6ec227b70b4157f5ac0
BNCI2014-001,4,csp_lda,channel_dropout,all_channels,2,0.5,6,22,11,0.5,0.5802615933412605,0.4998790653512316,0.4998605001646699,0.3.2,participant,,,,,,a5508b68efe858976affddc55ddec1d52be0d4e3724ba6ec227b70b4157f5ac0
BNCI2014-001,4,csp_lda,channel_dropout,all_channels,2,0.5,7,22,11,0.5,0.6634958382877527,0.4999999999956461,0.499999999996819,0.3.2,participant,,,,,,a5508b68efe858976affddc55ddec1d52be0d4e3724ba6ec227b70b4157f5ac0
BNCI2014-001,4,csp_lda,channel_dropout,all_channels,2,0.5,8,22,11,0.5,0.6575505350772889,0.49999999993007155,0.4999999999286777,0.3.2,participant,,,,,,a5508b68efe858976affddc55ddec1d52be0d4e3724ba6ec227b70b4157f5ac0
BNCI2014-001,4,csp_lda,channel_dropout,all_channels,2,0.5,9,22,11,0.5,0.6420927467300832,0.49999999937210365,0.4999999993210199,0.3.2,participant,,,,,,a5508b68efe858976affddc55ddec1d52be0d4e3724ba6ec227b70b4157f5ac0
BNCI2014-001,4,csp_lda,clean,all_channels,3,0.0,0,22,0,0.7931034482758621,0.8406658739595718,0.1669912575456294,0.1282509920644144,0.3.2,participant,,,,,,a5508b68efe858976affddc55ddec1d52be0d4e3724ba6ec227b70b4157f5ac0
BNCI2014-001,4,csp_lda,channel_dropout,all_channels,3,0.1,0,22,2,0.5,0.5778834720570749,0.49999998913171967,0.49999999243657145,0.3.2,participant,,,,,,a5508b68efe858976affddc55ddec1d52be0d4e3724ba6ec227b70b4157f5ac0
BNCI2014-001,4,csp_lda,channel_dropout,all_channels,3,0.1,1,22,2,0.5,0.6908442330558858,0.46975713839021177,0.4792567212151432,0.3.2,participant,,,,,,a5508b68efe858976affddc55ddec1d52be0d4e3724ba6ec227b70b4157f5ac0
BNCI2014-001,4,csp_lda,channel_dropout,all_channels,3,0.1,2,22,2,0.5,0.5778834720570749,0.472393907762,0.47757080188767226,0.3.2,participant,,,,,,a5508b68efe858976affddc55ddec1d52be0d4e3724ba6ec227b70b4157f5ac0
BNCI2014-001,4,csp_lda,channel_dropout,all_channels,3,0.1,3,22,2,0.5,0.6611177170035671,0.46822245810896007,0.4799954214753426,0.3.2,participant,,,,,,a5508b68efe858976affddc55ddec1d52be0d4e3724ba6ec227b70b4157f5ac0
BNCI2014-001,4,csp_lda,channel_dropout,all_channels,3,0.1,4,22,2,0.6206896551724138,0.6670630202140309,0.2644866312428391,0.22132536842645922,0.3.2,participant,,,,,,a5508b68efe858976affddc55ddec1d52be0d4e3724ba6ec227b70b4157f5ac0
BNCI2014-001,4,csp_lda,channel_dropout,all_channels,3,0.1,5,22,2,0.5689655172413793,0.6064209274673008,0.28922789343162625,0.23060930240839939,0.3.2,participant,,,,,,a5508b68efe858976affddc55ddec1d52be0d4e3724ba6ec227b70b4157f5ac0
BNCI2014-001,4,csp_lda,channel_dropout,all_channels,3,0.1,6,22,2,0.5,0.61474435196195,0.499954914532403,0.4999678236045849,0.3.2,participant,,,,,,a5508b68efe858976affddc55ddec1d52be0d4e3724ba6ec227b70b4157f5ac0
BNCI2014-001,4,csp_lda,channel_dropout,all_channels,3,0.1,7,22,2,0.5,0.5552913198573126,0.49484242077418233,0.49463851377607915,0.3.2,participant,,,,,,a5508b68efe858976affddc55ddec1d52be0d4e3724ba6ec227b70b4157f5ac0
BNCI2014-001,4,csp_lda,channel_dropout,all_channels,3,0.1,8,22,2,0.5344827586206896,0.6587395957193818,0.39034125919448964,0.4049765726797177,0.3.2,participant,,,,,,a5508b68efe858976affddc55ddec1d52be0d4e3724ba6ec227b70b4157f5ac0
BNCI2014-001,4,csp_lda,channel_dropout,all_channels,3,0.1,9,22,2,0.5,0.6290130796670631,0.4999996571653496,0.4999997290485029,0.3.2,participant,,,,,,a5508b68efe858976affddc55ddec1d52be0d4e3724ba6ec227b70b4157f5ac0
BNCI2014-001,4,csp_lda,channel_dropout,all_channels,3,0.2,0,22,4,0.5,0.6611177170035673,0.4999999876654601,0.4999999908124153,0.3.2,participant,,,,,,a5508b68efe858976affddc55ddec1d52be0d4e3724ba6ec227b70b4157f5ac0
BNCI2014-001,4,csp_lda,channel_dropout,all_channels,3,0.2,1,22,4,0.5,0.7181926278240189,0.47484087470086167,0.48625391014779573,0.3.2,participant,,,,,,a5508b68efe858976affddc55ddec1d52be0d4e3724ba6ec227b70b4157f5ac0
BNCI2014-001,4,csp_lda,channel_dropout,all_channels,3,0.2,2,22,4,0.5172413793103449,0.6159334126040429,0.35479506374761166,0.3500970008325527,0.3.2,participant,,,,,,a5508b68efe858976affddc55ddec1d52be0d4e3724ba6ec227b70b4157f5ac0
BNCI2014-001,4,csp_lda,channel_dropout,all_channels,3,0.2,3,22,4,0.5,0.7693222354340071,0.49999999672274203,0.49999999828598984,0.3.2,participant,,,,,,a5508b68efe858976affddc55ddec1d52be0d4e3724ba6ec227b70b4157f5ac0
BNCI2014-001,4,csp_lda,channel_dropout,all_channels,3,0.2,4,22,4,0.5,0.6504161712247325,0.49999819084080466,0.4999987474567694,0.3.2,participant,,,,,,a5508b68efe858976affddc55ddec1d52be0d4e3724ba6ec227b70b4157f5ac0
BNCI2014-001,4,csp_lda,channel_dropout,all_channels,3,0.2,5,22,4,0.5,0.5992865636147443,0.4999998660153202,0.4999999078860484,0.3.2,participant,,,,,,a5508b68efe858976affddc55ddec1d52be0d4e3724ba6ec227b70b4157f5ac0
BNCI2014-001,4,csp_lda,channel_dropout,all_channels,3,0.2,6,22,4,0.5,0.4827586206896552,0.5,0.5,0.3.2,participant,,,,,,a5508b68efe858976affddc55ddec1d52be0d4e3724ba6ec227b70b4157f5ac0
BNCI2014-001,4,csp_lda,channel_dropout,all_channels,3,0.2,7,22,4,0.5,0.6087990487514864,0.499998202273136,0.49999896582807535,0.3.2,participant,,,,,,a5508b68efe858976affddc55ddec1d52be0d4e3724ba6ec227b70b4157f5ac0
BNCI2014-001,4,csp_lda,channel_dropout,all_channels,3,0.2,8,22,4,0.5,0.6349583828775268,0.4999996772655569,0.49999975798685337,0.3.2,participant,,,,,,a5508b68efe858976affddc55ddec1d52be0d4e3724ba6ec227b70b4157f5ac0
BNCI2014-001,4,csp_lda,channel_dropout,all_channels,3,0.2,9,22,4,0.5,0.7336504161712247,0.49999799423302016,0.4999987212032606,0.3.2,participant,,,,,,a5508b68efe858976affddc55ddec1d52be0d4e3724ba6ec227b70b4157f5ac0
BNCI2014-001,4,csp_lda,channel_dropout,all_channels,3,0.3,0,22,7,0.5,0.4875148632580261,0.49999999999956873,0.49999999999959743,0.3.2,participant,,,,,,a5508b68efe858976affddc55ddec1d52be0d4e3724ba6ec227b70b4157f5ac0
BNCI2014-001,4,csp_lda,channel_dropout,all_channels,3,0.3,1,22,7,0.5,0.5755053507728894,0.4892429880309559,0.49229539645977,0.3.2,participant,,,,,,a5508b68efe858976affddc55ddec1d52be0d4e3724ba6ec227b70b4157f5ac0
BNCI2014-001,4,csp_lda,channel_dropout,all_channels,3,0.3,2,22,7,0.5,0.5719381688466112,0.49999941648591895,0.4999995052422477,0.3.2,participant,,,,,,a5508b68efe858976affddc55ddec1d52be0d4e3724ba6ec227b70b4157f5ac0
BNCI2014-001,4,csp_lda,channel_dropout,all_channels,3,0.3,3,22,7,0.5,0.5,0.5,0.5,0.3.2,participant,,,,,,a5508b68efe858976affddc55ddec1d52be0d4e3724ba6ec227b70b4157f5ac0
BNCI2014-001,4,csp_lda,channel_dropout,all_channels,3,0.3,4,22,7,0.5,0.4780023781212842,0.4999300982700299,0.4999327470488366,0.3.2,participant,,,,,,a5508b68efe858976affddc55ddec1d52be0d4e3724ba6ec227b70b4157f5ac0
BNCI2014-001,4,csp_lda,channel_dropout,all_channels,3,0.3,5,22,7,0.5,0.5969084423305588,0.4999999999992578,0.49999999999959766,0.3.2,participant,,,,,,a5508b68efe858976affddc55ddec1d52be0d4e3724ba6ec227b70b4157f5ac0
BNCI2014-001,4,csp_lda,channel_dropout,all_channels,3,0.3,6,22,7,0.5,0.5291319857312723,0.49931557569551116,0.49934606747903476,0.3.2,participant,,,,,,a5508b68efe858976affddc55ddec1d52be0d4e3724ba6ec227b70b4157f5ac0
BNCI2014-001,4,csp_lda,channel_dropout,all_channels,3,0.3,7,22,7,0.5,0.7122473246135553,0.4999999998448806,0.49999999991559374,0.3.2,participant,,,,,,a5508b68efe858976affddc55ddec1d52be0d4e3724ba6ec227b70b4157f5ac0
BNCI2014-001,4,csp_lda,channel_dropout,all_channels,3,0.3,8,22,7,0.5,0.5362663495838289,0.49999999999993877,0.49999999999995115,0.3.2,participant,,,,,,a5508b68efe858976affddc55ddec1d52be0d4e3724ba6ec227b70b4157f5ac0
BNCI2014-001,4,csp_lda,channel_dropout,all_channels,3,0.3,9,22,7,0.5,0.5338882282996432,0.4999999401766141,0.4999999421708258,0.3.2,participant,,,,,,a5508b68efe858976affddc55ddec1d52be0d4e3724ba6ec227b70b4157f5ac0
BNCI2014-001,4,csp_lda,channel_dropout,all_channels,3,0.5,0,22,11,0.5,0.7110582639714627,0.4999999999922623,0.49999999999543676,0.3.2,participant,,,,,,a5508b68efe858976affddc55ddec1d52be0d4e3724ba6ec227b70b4157f5ac0
BNCI2014-001,4,csp_lda,channel_dropout,all_channels,3,0.5,1,22,11,0.5,0.5469678953626635,0.49999999989953947,0.49999999991865396,0.3.2,participant,,,,,,a5508b68efe858976affddc55ddec1d52be0d4e3724ba6ec227b70b4157f5ac0
BNCI2014-001,4,csp_lda,channel_dropout,all_channels,3,0.5,2,22,11,0.5,0.4708680142687277,0.49902878140221385,0.4987612610038753,0.3.2,participant,,,,,,a5508b68efe858976affddc55ddec1d52be0d4e3724ba6ec227b70b4157f5ac0
BNCI2014-001,4,csp_lda,channel_dropout,all_channels,3,0.5,3,22,11,0.5,0.4958382877526754,0.49999999580528437,0.49999999596982125,0.3.2,participant,,,,,,a5508b68efe858976affddc55ddec1d52be0d4e3724ba6ec227b70b4157f5ac0
BNCI2014-001,4,csp_lda,channel_dropout,all_channels,3,0.5,4,22,11,0.5,0.6230677764565993,0.4999999987877823,0.49999999859149313,0.3.2,participant,,,,,,a5508b68efe858976affddc55ddec1d52be0d4e3724ba6ec227b70b4157f5ac0
BNCI2014-001,4,csp_lda,channel_dropout,all_channels,3,0.5,5,22,11,0.5,0.5380499405469679,0.4999999999999794,0.49999999999998235,0.3.2,participant,,,,,,a5508b68efe858976affddc55ddec1d52be0d4e3724ba6ec227b70b4157f5ac0
BNCI2014-001,4,csp_lda,channel_dropout,all_channels,3,0.5,6,22,11,0.5,0.6932223543400713,0.49999999913211907,0.4999999993250409,0.3.2,participant,,,,,,a5508b68efe858976affddc55ddec1d52be0d4e3724ba6ec227b70b4157f5ac0
BNCI2014-001,4,csp_lda,channel_dropout,all_channels,3,0.5,7,22,11,0.5,0.5517241379310345,0.5,0.5,0.3.2,participant,,,,,,a5508b68efe858976affddc55ddec1d52be0d4e3724ba6ec227b70b4157f5ac0
BNCI2014-001,4,csp_lda,channel_dropout,all_channels,3,0.5,8,22,11,0.5,0.4768133174791914,0.4999999999955526,0.4999999999956677,0.3.2,participant,,,,,,a5508b68efe858976affddc55ddec1d52be0d4e3724ba6ec227b70b4157f5ac0
BNCI2014-001,4,csp_lda,channel_dropout,all_channels,3,0.5,9,22,11,0.5,0.5755053507728894,0.49999999494671854,0.49999999556887,0.3.2,participant,,,,,,a5508b68efe858976affddc55ddec1d52be0d4e3724ba6ec227b70b4157f5ac0
BNCI2014-001,4,csp_lda,clean,all_channels,4,0.0,0,22,0,0.8251231527093597,0.8842364532019705,0.1325534395405895,0.11703573869125974,0.3.2,participant,,,,,,a5508b68efe858976affddc55ddec1d52be0d4e3724ba6ec227b70b4157f5ac0
BNCI2014-001,4,csp_lda,channel_dropout,all_channels,4,0.1,0,22,2,0.5178571428571429,0.7130541871921182,0.30964440950965294,0.2898214139870542,0.3.2,participant,,,,,,a5508b68efe858976affddc55ddec1d52be0d4e3724ba6ec227b70b4157f5ac0
BNCI2014-001,4,csp_lda,channel_dropout,all_channels,4,0.1,1,22,2,0.5,0.8152709359605912,0.508706071173022,0.5087283679380288,0.3.2,participant,,,,,,a5508b68efe858976affddc55ddec1d52be0d4e3724ba6ec227b70b4157f5ac0
BNCI2014-001,4,csp_lda,channel_dropout,all_channels,4,0.1,2,22,2,0.6625615763546798,0.8214285714285715,0.20455883339425107,0.17271115972482234,0.3.2,participant,,,,,,a5508b68efe858976affddc55ddec1d52be0d4e3724ba6ec227b70b4157f5ac0
BNCI2014-001,4,csp_lda,channel_dropout,all_channels,4,0.1,3,22,2,0.5862068965517242,0.770935960591133,0.306963080945492,0.3127189505225559,0.3.2,participant,,,,,,a5508b68efe858976affddc55ddec1d52be0d4e3724ba6ec227b70b4157f5ac0
BNCI2014-001,4,csp_lda,channel_dropout,all_channels,4,0.1,4,22,2,0.5,0.4901477832512315,0.5087718772033977,0.5087718838753527,0.3.2,participant,,,,,,a5508b68efe858976affddc55ddec1d52be0d4e3724ba6ec227b70b4157f5ac0
BNCI2014-001,4,csp_lda,channel_dropout,all_channels,4,0.1,5,22,2,0.5,0.7118226600985221,0.43570041384320535,0.4480044215048644,0.3.2,participant,,,,,,a5508b68efe858976affddc55ddec1d52be0d4e3724ba6ec227b70b4157f5ac0
BNCI2014-001,4,csp_lda,channel_dropout,all_channels,4,0.1,6,22,2,0.6194581280788177,0.729064039408867,0.2801044911181294,0.2700639820279984,0.3.2,participant,,,,,,a5508b68efe858976affddc55ddec1d52be0d4e3724ba6ec227b70b4157f5ac0
BNCI2014-001,4,csp_lda,channel_dropout,all_channels,4,0.1,7,22,2,0.5,0.8140394088669951,0.4310656670534313,0.4539495671662077,0.3.2,participant,,,,,,a5508b68efe858976affddc55ddec1d52be0d4e3724ba6ec227b70b4157f5ac0
BNCI2014-001,4,csp_lda,channel_dropout,all_channels,4,0.1,8,22,2,0.5,0.5467980295566502,0.5087719246254421,0.5087719250855939,0.3.2,participant,,,,,,a5508b68efe858976affddc55ddec1d52be0d4e3724ba6ec227b70b4157f5ac0
BNCI2014-001,4,csp_lda,channel_dropout,all_channels,4,0.1,9,22,2,0.5,0.833743842364532,0.5054287366548639,0.5068238412468986,0.3.2,participant,,,,,,a5508b68efe858976affddc55ddec1d52be0d4e3724ba6ec227b70b4157f5ac0
BNCI2014-001,4,csp_lda,channel_dropout,all_channels,4,0.2,0,22,4,0.5,0.5455665024630542,0.5087719082611076,0.5087719163493657,0.3.2,participant,,,,,,a5508b68efe858976affddc55ddec1d52be0d4e3724ba6ec227b70b4157f5ac0
BNCI2014-001,4,csp_lda,channel_dropout,all_channels,4,0.2,1,22,4,0.6527093596059113,0.7487684729064039,0.21533349830033968,0.18130129667470465,0.3.2,participant,,,,,,a5508b68efe858976affddc55ddec1d52be0d4e3724ba6ec227b70b4157f5ac0
BNCI2014-001,4,csp_lda,channel_dropout,all_channels,4,0.2,2,22,4,0.5,0.8399014778325123,0.3859648680612135,0.41335965937991104,0.3.2,participant,,,,,,a5508b68efe858976affddc55ddec1d52be0d4e3724ba6ec227b70b4157f5ac0
BNCI2014-001,4,csp_lda,channel_dropout,all_channels,4,0.2,3,22,4,0.5862068965517242,0.7647783251231527,0.30858884531537967,0.3280628534047185,0.3.2,participant,,,,,,a5508b68efe858976affddc55ddec1d52be0d4e3724ba6ec227b70b4157f5ac0
BNCI2014-001,4,csp_lda,channel_dropout,all_channels,4,0.2,4,22,4,0.5,0.5295566502463054,0.5087680191626689,0.5087681287515615,0.3.2,participant,,,,,,a5508b68efe858976affddc55ddec1d52be0d4e3724ba6ec227b70b4157f5ac0
BNCI2014-001,4,csp_lda,channel_dropout,all_channels,4,0.2,5,22,4,0.5,0.6083743842364532,0.5032998666104923,0.5041359455549644,0.3.2,participant,,,,,,a5508b68efe858976affddc55ddec1d52be0d4e3724ba6ec227b70b4157f5ac0
BNCI2014-001,4,csp_lda,channel_dropout,all_channels,4,0.2,6,22,4,0.5,0.562807881773399,0.4762706499605253,0.4791380381448068,0.3.2,participant,,,,,,a5508b68efe858976affddc55ddec1d52be0d4e3724ba6ec227b70b4157f5ac0
BNCI2014-001,4,csp_lda,channel_dropout,all_channels,4,0.2,7,22,4,0.5,0.7549261083743842,0.47315141117367665,0.4845734814301272,0.3.2,participant,,,,,,a5508b68efe858976affddc55ddec1d52be0d4e3724ba6ec227b70b4157f5ac0
BNCI2014-001,4,csp_lda,channel_dropout,all_channels,4,0.2,8,22,4,0.5,0.6366995073891626,0.39121300846143525,0.39892288998541425,0.3.2,participant,,,,,,a5508b68efe858976affddc55ddec1d52be0d4e3724ba6ec227b70b4157f5ac0
BNCI2014-001,4,csp_lda,channel_dropout,all_channels,4,0.2,9,22,4,0.5,0.6748768472906405,0.5085827529742304,0.5086222137164342,0.3.2,participant,,,,,,a5508b68efe858976affddc55ddec1d52be0d4e3724ba6ec227b70b4157f5ac0
BNCI2014-001,4,csp_lda,channel_dropout,all_channels,4,0.3,0,22,7,0.5,0.46798029556650245,0.5087326081730666,0.508727643907601,0.3.2,participant,,,,,,a5508b68efe858976affddc55ddec1d52be0d4e3724ba6ec227b70b4157f5ac0
BNCI2014-001,4,csp_lda,channel_dropout,all_channels,4,0.3,1,22,7,0.5,0.5197044334975369,0.5087025914434344,0.5087082674604508,0.3.2,participant,,,,,,a5508b68efe858976affddc55ddec1d52be0d4e3724ba6ec227b70b4157f5ac0
BNCI2014-001,4,csp_lda,channel_dropout,all_channels,4,0.3,2,22,7,0.5,0.5837438423645319,0.5087719298125492,0.5087719298152541,0.3.2,participant,,,,,,a5508b68efe858976affddc55ddec1d52be0d4e3724ba6ec227b70b4157f5ac0
BNCI2014-001,4,csp_lda,channel_dropout,all_channels,4,0.3,3,22,7,0.5677339901477833,0.6847290640394089,0.3282296731853599,0.32776392332517423,0.3.2,participant,,,,,,a5508b68efe858976affddc55ddec1d52be0d4e3724ba6ec227b70b4157f5ac0
BNCI2014-001,4,csp_lda,channel_dropout,all_channels,4,0.3,4,22,7,0.5,0.6945812807881773,0.5087405659646093,0.5087474600061593,0.3.2,participant,,,,,,a5508b68efe858976affddc55ddec1d52be0d4e3724ba6ec227b70b4157f5ac0
BNCI2014-001,4,csp_lda,channel_dropout,all_channels,4,0.3,5,22,7,0.5,0.6687192118226603,0.4033584217051114,0.41011518973605277,0.3.2,participant,,,,,,a5508b68efe858976affddc55ddec1d52be0d4e3724ba6ec227b70b4157f5ac0
BNCI2014-001,4,csp_lda,channel_dropout,all_channels,4,0.3,6,22,7,0.5,0.646551724137931,0.5087058131427794,0.5087231497182674,0.3.2,participant,,,,,,a5508b68efe858976affddc55ddec1d52be0d4e3724ba6ec227b70b4157f5ac0
BNCI2014-001,4,csp_lda,channel_dropout,all_channels,4,0.3,7,22,7,0.5,0.6293103448275863,0.5087710359123633,0.5087710712682454,0.3.2,participant,,,,,,a5508b68efe858976affddc55ddec1d52be0d4e3724ba6ec227b70b4157f5ac0
BNCI2014-001,4,csp_lda,channel_dropout,all_channels,4,0.3,8,22,7,0.5,0.5788177339901478,0.5087701093036503,0.5087703165139623,0.3.2,participant,,,,,,a5508b68efe858976affddc55ddec1d52be0d4e3724ba6ec227b70b4157f5ac0
BNCI2014-001,4,csp_lda,channel_dropout,all_channels,4,0.3,9,22,7,0.5,0.582512315270936,0.5087715828383164,0.5087716164769737,0.3.2,participant,,,,,,a5508b68efe858976affddc55ddec1d52be0d4e3724ba6ec227b70b4157f5ac0
BNCI2014-001,4,csp_lda,channel_dropout,all_channels,4,0.5,0,22,11,0.5,0.541871921182266,0.5087716678674351,0.5087716784420556,0.3.2,participant,,,,,,a5508b68efe858976affddc55ddec1d52be0d4e3724ba6ec227b70b4157f5ac0
BNCI2014-001,4,csp_lda,channel_dropout,all_channels,4,0.5,1,22,11,0.5,0.5,0.5087719285586523,0.5087719287294956,0.3.2,participant,,,,,,a5508b68efe858976affddc55ddec1d52be0d4e3724ba6ec227b70b4157f5ac0
BNCI2014-001,4,csp_lda,channel_dropout,all_channels,4,0.5,2,22,11,0.5,0.5455665024630542,0.5087719062797889,0.5087719018349409,0.3.2,participant,,,,,,a5508b68efe858976affddc55ddec1d52be0d4e3724ba6ec227b70b4157f5ac0
BNCI2014-001,4,csp_lda,channel_dropout,all_channels,4,0.5,3,22,11,0.5,0.4926108374384236,0.5087719296334416,0.508771929652825,0.3.2,participant,,,,,,a5508b68efe858976affddc55ddec1d52be0d4e3724ba6ec227b70b4157f5ac0
BNCI2014-001,4,csp_lda,channel_dropout,all_channels,4,0.5,4,22,11,0.5,0.5775862068965517,0.5087712468070552,0.5087713503422331,0.3.2,participant,,,,,,a5508b68efe858976affddc55ddec1d52be0d4e3724ba6ec227b70b4157f5ac0
BNCI2014-001,4,csp_lda,channel_dropout,all_channels,4,0.5,5,22,11,0.5,0.41133004926108374,0.5087719298155969,0.5087719298130521,0.3.2,participant,,,,,,a5508b68efe858976affddc55ddec1d52be0d4e3724ba6ec227b70b4157f5ac0
BNCI2014-001,4,csp_lda,channel_dropout,all_channels,4,0.5,6,22,11,0.5,0.5283251231527093,0.5087719298236668,0.5087719298236751,0.3.2,participant,,,,,,a5508b68efe858976affddc55ddec1d52be0d4e3724ba6ec227b70b4157f5ac0
BNCI2014-001,4,csp_lda,channel_dropout,all_channels,4,0.5,7,22,11,0.5,0.6243842364532021,0.5084335452670458,0.5084997992953996,0.3.2,participant,,,,,,a5508b68efe858976affddc55ddec1d52be0d4e3724ba6ec227b70b4157f5ac0
BNCI2014-001,4,csp_lda,channel_dropout,all_channels,4,0.5,8,22,11,0.6009852216748768,0.7561576354679803,0.24126745720405735,0.2142948322963743,0.3.2,participant,,,,,,a5508b68efe858976affddc55ddec1d52be0d4e3724ba6ec227b70b4157f5ac0
BNCI2014-001,4,csp_lda,channel_dropout,all_channels,4,0.5,9,22,11,0.5,0.5554187192118226,0.5085544993229106,0.5084216446608468,0.3.2,participant,,,,,,a5508b68efe858976affddc55ddec1d52be0d4e3724ba6ec227b70b4157f5ac0
BNCI2014-001,4,csp_lda,clean,all_channels,5,0.0,0,22,0,0.8251231527093597,0.8805418719211823,0.1359979935028483,0.13174145794165268,0.3.2,participant,,,,,,a5508b68efe858976affddc55ddec1d52be0d4e3724ba6ec227b70b4157f5ac0
BNCI2014-001,4,csp_lda,channel_dropout,all_channels,5,0.1,0,22,2,0.5,0.5,0.49122807017543857,0.49122807017543857,0.3.2,participant,,,,,,a5508b68efe858976affddc55ddec1d52be0d4e3724ba6ec227b70b4157f5ac0
BNCI2014-001,4,csp_lda,channel_dropout,all_channels,5,0.1,1,22,2,0.5,0.7099753694581281,0.49122807017543746,0.4912280701754378,0.3.2,participant,,,,,,a5508b68efe858976affddc55ddec1d52be0d4e3724ba6ec227b70b4157f5ac0
BNCI2014-001,4,csp_lda,channel_dropout,all_channels,5,0.1,2,22,2,0.5,0.6884236453201971,0.49122806115806555,0.4912280647462396,0.3.2,participant,,,,,,a5508b68efe858976affddc55ddec1d52be0d4e3724ba6ec227b70b4157f5ac0
BNCI2014-001,4,csp_lda,channel_dropout,all_channels,5,0.1,3,22,2,0.5,0.7339901477832512,0.4912200592925952,0.4912165409796776,0.3.2,participant,,,,,,a5508b68efe858976affddc55ddec1d52be0d4e3724ba6ec227b70b4157f5ac0
BNCI2014-001,4,csp_lda,channel_dropout,all_channels,5,0.1,4,22,2,0.5,0.7709359605911331,0.4912088878164528,0.4912167800091134,0.3.2,participant,,,,,,a5508b68efe858976affddc55ddec1d52be0d4e3724ba6ec227b70b4157f5ac0
BNCI2014-001,4,csp_lda,channel_dropout,all_channels,5,0.1,5,22,2,0.7001231527093597,0.7598522167487685,0.2154938910882284,0.2046629546935731,0.3.2,participant,,,,,,a5508b68efe858976affddc55ddec1d52be0d4e3724ba6ec227b70b4157f5ac0
BNCI2014-001,4,csp_lda,channel_dropout,all_channels,5,0.1,6,22,2,0.5,0.666256157635468,0.4762982917056208,0.4821904667265048,0.3.2,participant,,,,,,a5508b68efe858976affddc55ddec1d52be0d4e3724ba6ec227b70b4157f5ac0
BNCI2014-001,4,csp_lda,channel_dropout,all_channels,5,0.1,7,22,2,0.5,0.7192118226600985,0.49122797658427736,0.4912280184760721,0.3.2,participant,,,,,,a5508b68efe858976affddc55ddec1d52be0d4e3724ba6ec227b70b4157f5ac0
BNCI2014-001,4,csp_lda,channel_dropout,all_channels,5,0.1,8,22,2,0.5,0.7192118226600985,0.49122806600945307,0.4912280677184675,0.3.2,participant,,,,,,a5508b68efe858976affddc55ddec1d52be0d4e3724ba6ec227b70b4157f5ac0
BNCI2014-001,4,csp_lda,channel_dropout,all_channels,5,0.1,9,22,2,0.5,0.6810344827586207,0.44978138351663693,0.4639522138534343,0.3.2,participant,,,,,,a5508b68efe858976affddc55ddec1d52be0d4e3724ba6ec227b70b4157f5ac0
BNCI2014-001,4,csp_lda,channel_dropout,all_channels,5,0.2,0,22,4,0.5,0.5036945812807883,0.49122807017536124,0.4912280701753805,0.3.2,participant,,,,,,a5508b68efe858976affddc55ddec1d52be0d4e3724ba6ec227b70b4157f5ac0
BNCI2014-001,4,csp_lda,channel_dropout,all_channels,5,0.2,1,22,4,0.5,0.6588669950738917,0.4912280701274881,0.49122806279923514,0.3.2,participant,,,,,,a5508b68efe858976affddc55ddec1d52be0d4e3724ba6ec227b70b4157f5ac0
BNCI2014-001,4,csp_lda,channel_dropout,all_channels,5,0.2,2,22,4,0.5344827586206896,0.8115763546798029,0.40250910487560854,0.42830695163091037,0.3.2,participant,,,,,,a5508b68efe858976affddc55ddec1d52be0d4e3724ba6ec227b70b4157f5ac0
BNCI2014-001,4,csp_lda,channel_dropout,all_channels,5,0.2,3,22,4,0.5,0.6342364532019704,0.4912280684217768,0.49122806375373096,0.3.2,participant,,,,,,a5508b68efe858976affddc55ddec1d52be0d4e3724ba6ec227b70b4157f5ac0
BNCI2014-001,4,csp_lda,channel_dropout,all_channels,5,0.2,4,22,4,0.5,0.7721674876847291,0.4912280701754287,0.49122807017543235,0.3.2,participant,,,,,,a5508b68efe858976affddc55ddec1d52be0d4e3724ba6ec227b70b4157f5ac0
BNCI2014-001,4,csp_lda,channel_dropout,all_channels,5,0.2,5,22,4,0.5,0.5874384236453202,0.491227149519156,0.49122737571569164,0.3.2,participant,,,,,,a5508b68efe858976affddc55ddec1d52be0d4e3724ba6ec227b70b4157f5ac0
BNCI2014-001,4,csp_lda,channel_dropout,all_channels,5,0.2,6,22,4,0.5197044334975369,0.6539408866995075,0.344229820647723,0.34827317589661944,0.3.2,participant,,,,,,a5508b68efe858976affddc55ddec1d52be0d4e3724ba6ec227b70b4157f5ac0
BNCI2014-001,4,csp_lda,channel_dropout,all_channels,5,0.2,7,22,4,0.5,0.6982758620689655,0.4912280701605032,0.491228070165854,0.3.2,participant,,,,,,a5508b68efe858976affddc55ddec1d52be0d4e3724ba6ec227b70b4157f5ac0
BNCI2014-001,4,csp_lda,channel_dropout,all_channels,5,0.2,8,22,4,0.5,0.6354679802955665,0.4912280283136143,0.49122804685054766,0.3.2,participant,,,,,,a5508b68efe858976affddc55ddec1d52be0d4e3724ba6ec227b70b4157f5ac0
BNCI2014-001,4,csp_lda,channel_dropout,all_channels,5,0.2,9,22,4,0.5,0.5911330049261083,0.4900859503217757,0.489620893978174,0.3.2,participant,,,,,,a5508b68efe858976affddc55ddec1d52be0d4e3724ba6ec227b70b4157f5ac0
BNCI2014-001,4,csp_lda,channel_dropout,all_channels,5,0.3,0,22,7,0.5,0.749384236453202,0.4912280701741265,0.4912280701743583,0.3.2,participant,,,,,,a5508b68efe858976affddc55ddec1d52be0d4e3724ba6ec227b70b4157f5ac0
BNCI2014-001,4,csp_lda,channel_dropout,all_channels,5,0.3,1,22,7,0.5,0.5320197044334976,0.4912275978299074,0.49122751528033504,0.3.2,participant,,,,,,a5508b68efe858976affddc55ddec1d52be0d4e3724ba6ec227b70b4157f5ac0
BNCI2014-001,4,csp_lda,channel_dropout,all_channels,5,0.3,2,22,7,0.5,0.4827586206896552,0.49122807017543857,0.49122807017543857,0.3.2,participant,,,,,,a5508b68efe858976affddc55ddec1d52be0d4e3724ba6ec227b70b4157f5ac0
BNCI2014-001,4,csp_lda,channel_dropout,all_channels,5,0.3,3,22,7,0.5,0.7426108374384236,0.4912280688464842,0.4912280693804779,0.3.2,participant,,,,,,a5508b68efe858976affddc55ddec1d52be0d4e3724ba6ec227b70b4157f5ac0
BNCI2014-001,4,csp_lda,channel_dropout,all_channels,5,0.3,4,22,7,0.5,0.5701970443349753,0.4912280701534625,0.4912280701609111,0.3.2,participant,,,,,,a5508b68efe858976affddc55ddec1d52be0d4e3724ba6ec227b70b4157f5ac0
BNCI2014-001,4,csp_lda,channel_dropout,all_channels,5,0.3,5,22,7,0.5,0.6958128078817735,0.49122802264999166,0.4912279809597677,0.3.2,participant,,,,,,a5508b68efe858976affddc55ddec1d52be0d4e3724ba6ec227b70b4157f5ac0
BNCI2014-001,4,csp_lda,channel_dropout,all_channels,5,0.3,6,22,7,0.5,0.6133004926108375,0.4912280701670089,0.4912280701688606,0.3.2,participant,,,,,,a5508b68efe858976affddc55ddec1d52be0d4e3724ba6ec227b70b4157f5ac0
BNCI2014-001,4,csp_lda,channel_dropout,all_channels,5,0.3,7,22,7,0.5,0.6687192118226601,0.4912280700399928,0.49122806597638824,0.3.2,participant,,,,,,a5508b68efe858976affddc55ddec1d52be0d4e3724ba6ec227b70b4157f5ac0
BNCI2014-001,4,csp_lda,channel_dropout,all_channels,5,0.3,8,22,7,0.5,0.7241379310344828,0.4912280407182501,0.4912280525469295,0.3.2,participant,,,,,,a5508b68efe858976affddc55ddec1d52be0d4e3724ba6ec227b70b4157f5ac0
BNCI2014-001,4,csp_lda,channel_dropout,all_channels,5,0.3,9,22,7,0.5,0.7001231527093597,0.4912280701742667,0.4912280701746502,0.3.2,participant,,,,,,a5508b68efe858976affddc55ddec1d52be0d4e3724ba6ec227b70b4157f5ac0
BNCI2014-001,4,csp_lda,channel_dropout,all_channels,5,0.5,0,22,11,0.5,0.7450738916256159,0.4912280698780458,0.491228069947215,0.3.2,participant,,,,,,a5508b68efe858976affddc55ddec1d52be0d4e3724ba6ec227b70b4157f5ac0
BNCI2014-001,4,csp_lda,channel_dropout,all_channels,5,0.5,1,22,11,0.5,0.5812807881773399,0.49122798402430795,0.49122796191324125,0.3.2,participant,,,,,,a5508b68efe858976affddc55ddec1d52be0d4e3724ba6ec227b70b4157f5ac0
BNCI2014-001,4,csp_lda,channel_dropout,all_channels,5,0.5,2,22,11,0.6200738916256158,0.7832512315270936,0.2858513890678284,0.29371843539211423,0.3.2,participant,,,,,,a5508b68efe858976affddc55ddec1d52be0d4e3724ba6ec227b70b4157f5ac0
BNCI2014-001,4,csp_lda,channel_dropout,all_channels,5,0.5,3,22,11,0.5,0.5381773399014778,0.49122807017486775,0.49122807017490544,0.3.2,participant,,,,,,a5508b68efe858976affddc55ddec1d52be0d4e3724ba6ec227b70b4157f5ac0
BNCI2014-001,4,csp_lda,channel_dropout,all_channels,5,0.5,4,22,11,0.5,0.5652709359605911,0.4912154981306611,0.49121751378115763,0.3.2,participant,,,,,,a5508b68efe858976affddc55ddec1d52be0d4e3724ba6ec227b70b4157f5ac0
BNCI2014-001,4,csp_lda,channel_dropout,all_channels,5,0.5,5,22,11,0.5,0.7327586206896552,0.49122782263371284,0.4912278650621722,0.3.2,participant,,,,,,a5508b68efe858976affddc55ddec1d52be0d4e3724ba6ec227b70b4157f5ac0
BNCI2014-001,4,csp_lda,channel_dropout,all_channels,5,0.5,6,22,11,0.5,0.6280788177339902,0.4912280696701491,0.4912280697631063,0.3.2,participant,,,,,,a5508b68efe858976affddc55ddec1d52be0d4e3724ba6ec227b70b4157f5ac0
BNCI2014-001,4,csp_lda,channel_dropout,all_channels,5,0.5,7,22,11,0.5,0.7118226600985222,0.4912265101110218,0.49122720845766255,0.3.2,participant,,,,,,a5508b68efe858976affddc55ddec1d52be0d4e3724ba6ec227b70b4157f5ac0
BNCI2014-001,4,csp_lda,channel_dropout,all_channels,5,0.5,8,22,11,0.5,0.6366995073891626,0.4912280701754381,0.49122807017529524,0.3.2,participant,,,,,,a5508b68efe858976affddc55ddec1d52be0d4e3724ba6ec227b70b4157f5ac0
BNCI2014-001,4,csp_lda,channel_dropout,all_channels,5,0.5,9,22,11,0.5,0.6366995073891626,0.49122807015703446,0.4912280701577626,0.3.2,participant,,,,,,a5508b68efe858976affddc55ddec1d52be0d4e3724ba6ec227b70b4157f5ac0
BNCI2014-001,4,csp_lda,reduced_montage,motor_core,1,0.0,0,3,0,0.6206896551724138,0.7193816884661117,0.2144968858379982,0.12520935301661584,0.3.2,not_applicable,"C3,Cz,C4",,,,,a5508b68efe858976affddc55ddec1d52be0d4e3724ba6ec227b70b4157f5ac0
BNCI2014-001,4,csp_lda,reduced_montage,motor_core,2,0.0,0,3,0,0.6379310344827587,0.718192627824019,0.21405484431280203,0.07631152873022697,0.3.2,not_applicable,"C3,Cz,C4",,,,,a5508b68efe858976affddc55ddec1d52be0d4e3724ba6ec227b70b4157f5ac0
BNCI2014-001,4,csp_lda,reduced_montage,motor_core,3,0.0,0,3,0,0.6206896551724138,0.6979785969084423,0.23012476104955557,0.15688118198391685,0.3.2,not_applicable,"C3,Cz,C4",,,,,a5508b68efe858976affddc55ddec1d52be0d4e3724ba6ec227b70b4157f5ac0
BNCI2014-001,4,csp_lda,reduced_montage,motor_core,4,0.0,0,3,0,0.6816502463054187,0.8029556650246304,0.18257552912608008,0.09162375205914099,0.3.2,not_applicable,"C3,Cz,C4",,,,,a5508b68efe858976affddc55ddec1d52be0d4e3724ba6ec227b70b4157f5ac0
BNCI2014-001,4,csp_lda,reduced_montage,motor_core,5,0.0,0,3,0,0.7185960591133005,0.7795566502463054,0.1991572242612047,0.10048237376518296,0.3.2,not_applicable,"C3,Cz,C4",,,,,a5508b68efe858976affddc55ddec1d52be0d4e3724ba6ec227b70b4157f5ac0
BNCI2014-001,4,csp_lda,reduced_montage,motor_extended,1,0.0,0,9,0,0.7068965517241379,0.816884661117717,0.17462526155378558,0.13638234638076813,0.3.2,not_applicable,"FC3,FCz,FC4,C3,Cz,C4,CP3,CPz,CP4",,,,,a5508b68efe858976affddc55ddec1d52be0d4e3724ba6ec227b70b4157f5ac0
BNCI2014-001,4,csp_lda,reduced_montage,motor_extended,2,0.0,0,9,0,0.7068965517241379,0.8002378121284186,0.1877945076048535,0.10842643063276619,0.3.2,not_applicable,"FC3,FCz,FC4,C3,Cz,C4,CP3,CPz,CP4",,,,,a5508b68efe858976affddc55ddec1d52be0d4e3724ba6ec227b70b4157f5ac0
BNCI2014-001,4,csp_lda,reduced_montage,motor_extended,3,0.0,0,9,0,0.7413793103448276,0.8299643281807373,0.17300327338800936,0.12304576186911259,0.3.2,not_applicable,"FC3,FCz,FC4,C3,Cz,C4,CP3,CPz,CP4",,,,,a5508b68efe858976affddc55ddec1d52be0d4e3724ba6ec227b70b4157f5ac0
BNCI2014-001,4,csp_lda,reduced_montage,motor_extended,4,0.0,0,9,0,0.7887931034482758,0.8780788177339901,0.1411633474313318,0.11839028177704917,0.3.2,not_applicable,"FC3,FCz,FC4,C3,Cz,C4,CP3,CPz,CP4",,,,,a5508b68efe858976affddc55ddec1d52be0d4e3724ba6ec227b70b4157f5ac0
BNCI2014-001,4,csp_lda,reduced_montage,motor_extended,5,0.0,0,9,0,0.7549261083743842,0.8448275862068966,0.16749402628905574,0.09288606494952849,0.3.2,not_applicable,"FC3,FCz,FC4,C3,Cz,C4,CP3,CPz,CP4",,,,,a5508b68efe858976affddc55ddec1d52be0d4e3724ba6ec227b70b4157f5ac0
BNCI2014-001,4,csp_lda,region_dropout,all_channels,1,0.3181818181818182,0,22,7,0.5,0.7015457788347206,0.48058614349593987,0.48787729483113107,0.3.2,not_applicable,,left_motor_strip,"FC3,FC1,C5,C3,C1,CP3,CP1",,,a5508b68efe858976affddc55ddec1d52be0d4e3724ba6ec227b70b4157f5ac0
BNCI2014-001,4,csp_lda,region_dropout,all_channels,1,0.13636363636363635,0,22,3,0.5862068965517242,0.7098692033293699,0.2810465113324574,0.25953670608578905,0.3.2,not_applicable,,midline_motor_strip,"FCz,Cz,CPz",,,a5508b68efe858976affddc55ddec1d52be0d4e3724ba6ec227b70b4157f5ac0
BNCI2014-001,4,csp_lda,region_dropout,all_channels,1,0.3181818181818182,0,22,7,0.5,0.6361474435196195,0.49999999996158884,0.4999999999772675,0.3.2,not_applicable,,right_motor_strip,"FC2,FC4,C2,C4,C6,CP2,CP4",,,a5508b68efe858976affddc55ddec1d52be0d4e3724ba6ec227b70b4157f5ac0
BNCI2014-001,4,csp_lda,region_dropout,all_channels,2,0.3181818181818182,0,22,7,0.5,0.7122473246135552,0.36020478159306074,0.36623762092721857,0.3.2,not_applicable,,left_motor_strip,"FC3,FC1,C5,C3,C1,CP3,CP1",,,a5508b68efe858976affddc55ddec1d52be0d4e3724ba6ec227b70b4157f5ac0
BNCI2014-001,4,csp_lda,region_dropout,all_channels,2,0.13636363636363635,0,22,3,0.5,0.7372175980975029,0.4944544823135448,0.4957987214111228,0.3.2,not_applicable,,midline_motor_strip,"FCz,Cz,CPz",,,a5508b68efe858976affddc55ddec1d52be0d4e3724ba6ec227b70b4157f5ac0
BNCI2014-001,4,csp_lda,region_dropout,all_channels,2,0.3181818181818182,0,22,7,0.5,0.6991676575505351,0.4999999999998971,0.4999999999999354,0.3.2,not_applicable,,right_motor_strip,"FC2,FC4,C2,C4,C6,CP2,CP4",,,a5508b68efe858976affddc55ddec1d52be0d4e3724ba6ec227b70b4157f5ac0
BNCI2014-001,4,csp_lda,region_dropout,all_channels,3,0.3181818181818182,0,22,7,0.5,0.652794292508918,0.49992615969617005,0.4999357078264989,0.3.2,not_applicable,,left_motor_strip,"FC3,FC1,C5,C3,C1,CP3,CP1",,,a5508b68efe858976affddc55ddec1d52be0d4e3724ba6ec227b70b4157f5ac0
BNCI2014-001,4,csp_lda,region_dropout,all_channels,3,0.13636363636363635,0,22,3,0.5,0.5671819262782403,0.4160292711184284,0.4117939777361943,0.3.2,not_applicable,,midline_motor_strip,"FCz,Cz,CPz",,,a5508b68efe858976affddc55ddec1d52be0d4e3724ba6ec227b70b4157f5ac0
BNCI2014-001,4,csp_lda,region_dropout,all_channels,3,0.3181818181818182,0,22,7,0.5,0.6932223543400714,0.4999999999835869,0.4999999999914808,0.3.2,not_applicable,,right_motor_strip,"FC2,FC4,C2,C4,C6,CP2,CP4",,,a5508b68efe858976affddc55ddec1d52be0d4e3724ba6ec227b70b4157f5ac0
BNCI2014-001,4,csp_lda,region_dropout,all_channels,4,0.3181818181818182,0,22,7,0.5,0.6514778325123152,0.5077391567665612,0.5079010772656943,0.3.2,not_applicable,,left_motor_strip,"FC3,FC1,C5,C3,C1,CP3,CP1",,,a5508b68efe858976affddc55ddec1d52be0d4e3724ba6ec227b70b4157f5ac0
BNCI2014-001,4,csp_lda,region_dropout,all_channels,4,0.13636363636363635,0,22,3,0.5985221674876847,0.6945812807881774,0.2367828294684618,0.18255343740600402,0.3.2,not_applicable,,midline_motor_strip,"FCz,Cz,CPz",,,a5508b68efe858976affddc55ddec1d52be0d4e3724ba6ec227b70b4157f5ac0
BNCI2014-001,4,csp_lda,region_dropout,all_channels,4,0.3181818181818182,0,22,7,0.5,0.562807881773399,0.5087719297665443,0.5087719297881157,0.3.2,not_applicable,,right_motor_strip,"FC2,FC4,C2,C4,C6,CP2,CP4",,,a5508b68efe858976affddc55ddec1d52be0d4e3724ba6ec227b70b4157f5ac0
BNCI2014-001,4,csp_lda,region_dropout,all_channels,5,0.3181818181818182,0,22,7,0.5357142857142857,0.7869458128078818,0.30651459516008983,0.3262853390053836,0.3.2,not_applicable,,left_motor_strip,"FC3,FC1,C5,C3,C1,CP3,CP1",,,a5508b68efe858976affddc55ddec1d52be0d4e3724ba6ec227b70b4157f5ac0
BNCI2014-001,4,csp_lda,region_dropout,all_channels,5,0.13636363636363635,0,22,3,0.5,0.7376847290640395,0.4911282028034319,0.4911607820497531,0.3.2,not_applicable,,midline_motor_strip,"FCz,Cz,CPz",,,a5508b68efe858976affddc55ddec1d52be0d4e3724ba6ec227b70b4157f5ac0
BNCI2014-001,4,csp_lda,region_dropout,all_channels,5,0.3181818181818182,0,22,7,0.5,0.6453201970443349,0.4912280701754381,0.49122807017543835,0.3.2,not_applicable,,right_motor_strip,"FC2,FC4,C2,C4,C6,CP2,CP4",,,a5508b68efe858976affddc55ddec1d52be0d4e3724ba6ec227b70b4157f5ac0
BNCI2014-001,4,csp_lda,cross_session,all_channels,0,0.0,0,22,0,0.6944444444444444,0.8260030864197531,0.2177202447745863,0.2024626242510103,0.3.2,not_applicable,,,,0train,1test,a5508b68efe858976affddc55ddec1d52be0d4e3724ba6ec227b70b4157f5ac0
BNCI2014-001,5,csp_lda,clean,all_channels,1,0.0,0,22,0,0.5517241379310345,0.6480380499405469,0.2667744795057023,0.23998693827155104,0.3.2,participant,,,,,,a5508b68efe858976affddc55ddec1d52be0d4e3724ba6ec227b70b4157f5ac0
BNCI2014-001,5,csp_lda,channel_dropout,all_channels,1,0.1,0,22,2,0.5,0.45065398335315104,0.43194913245302097,0.42460207819950535,0.3.2,participant,,,,,,a5508b68efe858976affddc55ddec1d52be0d4e3724ba6ec227b70b4157f5ac0
BNCI2014-001,5,csp_lda,channel_dropout,all_channels,1,0.1,1,22,2,0.5,0.45659928656361476,0.4999980732828093,0.49999675304863944,0.3.2,participant,,,,,,a5508b68efe858976affddc55ddec1d52be0d4e3724ba6ec227b70b4157f5ac0
BNCI2014-001,5,csp_lda,channel_dropout,all_channels,1,0.1,2,22,2,0.5,0.5671819262782402,0.4937601466656794,0.4938857168215438,0.3.2,participant,,,,,,a5508b68efe858976affddc55ddec1d52be0d4e3724ba6ec227b70b4157f5ac0
BNCI2014-001,5,csp_lda,channel_dropout,all_channels,1,0.1,3,22,2,0.5,0.4803804994054696,0.4986553213240246,0.49885474013393594,0.3.2,participant,,,,,,a5508b68efe858976affddc55ddec1d52be0d4e3724ba6ec227b70b4157f5ac0
BNCI2014-001,5,csp_lda,channel_dropout,all_channels,1,0.1,4,22,2,0.5,0.55410225921522,0.49999941453407437,0.49999925271710377,0.3.2,participant,,,,,,a5508b68efe858976affddc55ddec1d52be0d4e3724ba6ec227b70b4157f5ac0
BNCI2014-001,5,csp_lda,channel_dropout,all_channels,1,0.1,5,22,2,0.5,0.46848989298454224,0.49992020941043125,0.49991797746140454,0.3.2,participant,,,,,,a5508b68efe858976affddc55ddec1d52be0d4e3724ba6ec227b70b4157f5ac0
BNCI2014-001,5,csp_lda,channel_dropout,all_channels,1,0.1,6,22,2,0.5,0.5862068965517242,0.45816395194383075,0.47951463597107163,0.3.2,participant,,,,,,a5508b68efe858976affddc55ddec1d52be0d4e3724ba6ec227b70b4157f5ac0
BNCI2014-001,5,csp_lda,channel_dropout,all_channels,1,0.1,7,22,2,0.5,0.5041617122473246,0.478361868713184,0.48176304747776477,0.3.2,participant,,,,,,a5508b68efe858976affddc55ddec1d52be0d4e3724ba6ec227b70b4157f5ac0
BNCI2014-001,5,csp_lda,channel_dropout,all_channels,1,0.1,8,22,2,0.5,0.45659928656361476,0.4999980732828093,0.49999675304863944,0.3.2,participant,,,,,,a5508b68efe858976affddc55ddec1d52be0d4e3724ba6ec227b70b4157f5ac0
BNCI2014-001,5,csp_lda,channel_dropout,all_channels,1,0.1,9,22,2,0.5,0.5576694411414982,0.499999898223593,0.4999998942999351,0.3.2,participant,,,,,,a5508b68efe858976affddc55ddec1d52be0d4e3724ba6ec227b70b4157f5ac0
BNCI2014-001,5,csp_lda,channel_dropout,all_channels,1,0.2,0,22,4,0.5,0.535077288941736,0.4978958121587945,0.4976165544539157,0.3.2,participant,,,,,,a5508b68efe858976affddc55ddec1d52be0d4e3724ba6ec227b70b4157f5ac0
BNCI2014-001,5,csp_lda,channel_dropout,all_channels,1,0.2,1,22,4,0.5,0.5089179548156956,0.4783172243477593,0.4795902244375836,0.3.2,participant,,,,,,a5508b68efe858976affddc55ddec1d52be0d4e3724ba6ec227b70b4157f5ac0
BNCI2014-001,5,csp_lda,channel_dropout,all_channels,1,0.2,2,22,4,0.5,0.643281807372176,0.4994728312395028,0.4996417880357878,0.3.2,participant,,,,,,a5508b68efe858976affddc55ddec1d52be0d4e3724ba6ec227b70b4157f5ac0
BNCI2014-001,5,csp_lda,channel_dropout,all_channels,1,0.2,3,22,4,0.5,0.3935790725326992,0.49978965096355077,0.499769023031876,0.3.2,participant,,,,,,a5508b68efe858976affddc55ddec1d52be0d4e3724ba6ec227b70b4157f5ac0
BNCI2014-001,5,csp_lda,channel_dropout,all_channels,1,0.2,4,22,4,0.5,0.5029726516052319,0.3815173762198571,0.36786235816507357,0.3.2,participant,,,,,,a5508b68efe858976affddc55ddec1d52be0d4e3724ba6ec227b70b4157f5ac0
BNCI2014-001,5,csp_lda,channel_dropout,all_channels,1,0.2,5,22,4,0.5,0.4910820451843044,0.4998690111885166,0.49986324259897974,0.3.2,participant,,,,,,a5508b68efe858976affddc55ddec1d52be0d4e3724ba6ec227b70b4157f5ac0
BNCI2014-001,5,csp_lda,channel_dropout,all_channels,1,0.2,6,22,4,0.5,0.5326991676575505,0.47438850619241607,0.47827294046176305,0.3.2,participant,,,,,,a5508b68efe858976affddc55ddec1d52be0d4e3724ba6ec227b70b4157f5ac0
BNCI2014-001,5,csp_lda,channel_dropout,all_channels,1,0.2,7,22,4,0.5,0.44589774078478006,0.49999628691373443,0.4999964389732481,0.3.2,participant,,,,,,a5508b68efe858976affddc55ddec1d52be0d4e3724ba6ec227b70b4157f5ac0
BNCI2014-001,5,csp_lda,channel_dropout,all_channels,1,0.2,8,22,4,0.5,0.4149821640903687,0.38837889944000975,0.350467385876202,0.3.2,participant,,,,,,a5508b68efe858976affddc55ddec1d52be0d4e3724ba6ec227b70b4157f5ac0
BNCI2014-001,5,csp_lda,channel_dropout,all_channels,1,0.2,9,22,4,0.5,0.4351961950059453,0.4999999977820349,0.49999999750879787,0.3.2,participant,,,,,,a5508b68efe858976affddc55ddec1d52be0d4e3724ba6ec227b70b4157f5ac0
BNCI2014-001,5,csp_lda,channel_dropout,all_channels,1,0.3,0,22,7,0.5,0.4661117717003567,0.49999999998936284,0.4999999999831253,0.3.2,participant,,,,,,a5508b68efe858976affddc55ddec1d52be0d4e3724ba6ec227b70b4157f5ac0
BNCI2014-001,5,csp_lda,channel_dropout,all_channels,1,0.3,1,22,7,0.5,0.5588585017835909,0.49970758631674095,0.4997014666294586,0.3.2,participant,,,,,,a5508b68efe858976affddc55ddec1d52be0d4e3724ba6ec227b70b4157f5ac0
BNCI2014-001,5,csp_lda,channel_dropout,all_channels,1,0.3,2,22,7,0.5,0.619500594530321,0.48998082448554764,0.49214819713907265,0.3.2,participant,,,,,,a5508b68efe858976affddc55ddec1d52be0d4e3724ba6ec227b70b4157f5ac0
BNCI2014-001,5,csp_lda,channel_dropout,all_channels,1,0.3,3,22,7,0.5,0.4185493460166469,0.4999999040206385,0.4999998432334636,0.3.2,participant,,,,,,a5508b68efe858976affddc55ddec1d52be0d4e3724ba6ec227b70b4157f5ac0
BNCI2014-001,5,csp_lda,channel_dropout,all_channels,1,0.3,4,22,7,0.5,0.4233055885850179,0.49999680897974763,0.4999964965856464,0.3.2,participant,,,,,,a5508b68efe858976affddc55ddec1d52be0d4e3724ba6ec227b70b4157f5ac0
BNCI2014-001,5,csp_lda,channel_dropout,all_channels,1,0.3,5,22,7,0.5,0.42211652794292503,0.49999658819689985,0.49999264212835404,0.3.2,participant,,,,,,a5508b68efe858976affddc55ddec1d52be0d4e3724ba6ec227b70b4157f5ac0
BNCI2014-001,5,csp_lda,channel_dropout,all_channels,1,0.3,6,22,7,0.5,0.4661117717003567,0.4999999714193898,0.49999996099986455,0.3.2,participant,,,,,,a5508b68efe858976affddc55ddec1d52be0d4e3724ba6ec227b70b4157f5ac0
BNCI2014-001,5,csp_lda,channel_dropout,all_channels,1,0.3,7,22,7,0.5,0.6278240190249703,0.4716646819595928,0.4741950125559676,0.3.2,participant,,,,,,a5508b68efe858976affddc55ddec1d52be0d4e3724ba6ec227b70b4157f5ac0
BNCI2014-001,5,csp_lda,channel_dropout,all_channels,1,0.3,8,22,7,0.5,0.43638525564803804,0.49883120689552835,0.49865057309581085,0.3.2,participant,,,,,,a5508b68efe858976affddc55ddec1d52be0d4e3724ba6ec227b70b4157f5ac0
BNCI2014-001,5,csp_lda,channel_dropout,all_channels,1,0.3,9,22,7,0.5517241379310345,0.6052318668252081,0.4001620371057759,0.41909525676315396,0.3.2,participant,,,,,,a5508b68efe858976affddc55ddec1d52be0d4e3724ba6ec227b70b4157f5ac0
BNCI2014-001,5,csp_lda,channel_dropout,all_channels,1,0.5,0,22,11,0.5,0.44589774078478006,0.4988885069882903,0.4985424187081423,0.3.2,participant,,,,,,a5508b68efe858976affddc55ddec1d52be0d4e3724ba6ec227b70b4157f5ac0
BNCI2014-001,5,csp_lda,channel_dropout,all_channels,1,0.5,1,22,11,0.5,0.5683709869203329,0.393715466416417,0.3770062490405024,0.3.2,participant,,,,,,a5508b68efe858976affddc55ddec1d52be0d4e3724ba6ec227b70b4157f5ac0
BNCI2014-001,5,csp_lda,channel_dropout,all_channels,1,0.5,2,22,11,0.5,0.48632580261593344,0.4256622266764522,0.41675526417457887,0.3.2,participant,,,,,,a5508b68efe858976affddc55ddec1d52be0d4e3724ba6ec227b70b4157f5ac0
BNCI2014-001,5,csp_lda,channel_dropout,all_channels,1,0.5,3,22,11,0.5172413793103449,0.5969084423305588,0.3901692096595262,0.3787432830705274,0.3.2,participant,,,,,,a5508b68efe858976affddc55ddec1d52be0d4e3724ba6ec227b70b4157f5ac0
BNCI2014-001,5,csp_lda,channel_dropout,all_channels,1,0.5,4,22,11,0.5,0.5850178359096314,0.48609327921260986,0.4880441656509089,0.3.2,participant,,,,,,a5508b68efe858976affddc55ddec1d52be0d4e3724ba6ec227b70b4157f5ac0
BNCI2014-001,5,csp_lda,channel_dropout,all_channels,1,0.5,5,22,11,0.5,0.5564803804994054,0.49998762869042784,0.4999841640609187,0.3.2,participant,,,,,,a5508b68efe858976affddc55ddec1d52be0d4e3724ba6ec227b70b4157f5ac0
BNCI2014-001,5,csp_lda,channel_dropout,all_channels,1,0.5,6,22,11,0.5,0.5124851367419738,0.4910703915550795,0.4901189138529074,0.3.2,participant,,,,,,a5508b68efe858976affddc55ddec1d52be0d4e3724ba6ec227b70b4157f5ac0
BNCI2014-001,5,csp_lda,channel_dropout,all_channels,1,0.5,7,22,11,0.5,0.45659928656361476,0.49995621019769765,0.49995444269662237,0.3.2,participant,,,,,,a5508b68efe858976affddc55ddec1d52be0d4e3724ba6ec227b70b4157f5ac0
BNCI2014-001,5,csp_lda,channel_dropout,all_channels,1,0.5,8,22,11,0.5,0.41379310344827586,0.4995664198514948,0.49954428634668924,0.3.2,participant,,,,,,a5508b68efe858976affddc55ddec1d52be0d4e3724ba6ec227b70b4157f5ac0
BNCI2014-001,5,csp_lda,channel_dropout,all_channels,1,0.5,9,22,11,0.5,0.5124851367419738,0.4999874350022773,0.49998816453686823,0.3.2,participant,,,,,,a5508b68efe858976affddc55ddec1d52be0d4e3724ba6ec227b70b4157f5ac0
BNCI2014-001,5,csp_lda,clean,all_channels,2,0.0,0,22,0,0.5862068965517242,0.6349583828775267,0.24416451039373607,0.17553585940586247,0.3.2,participant,,,,,,a5508b68efe858976affddc55ddec1d52be0d4e3724ba6ec227b70b4157f5ac0
BNCI2014-001,5,csp_lda,channel_dropout,all_channels,2,0.1,0,22,2,0.5,0.6218787158145066,0.4989241364940048,0.49908833911986566,0.3.2,participant,,,,,,a5508b68efe858976affddc55ddec1d52be0d4e3724ba6ec227b70b4157f5ac0
BNCI2014-001,5,csp_lda,channel_dropout,all_channels,2,0.1,1,22,2,0.5862068965517242,0.5636147443519619,0.2628870370794991,0.22189258923008676,0.3.2,participant,,,,,,a5508b68efe858976affddc55ddec1d52be0d4e3724ba6ec227b70b4157f5ac0
BNCI2014-001,5,csp_lda,channel_dropout,all_channels,2,0.1,2,22,2,0.5,0.5671819262782403,0.4825244735201988,0.48513072234535376,0.3.2,participant,,,,,,a5508b68efe858976affddc55ddec1d52be0d4e3724ba6ec227b70b4157f5ac0
BNCI2014-001,5,csp_lda,channel_dropout,all_channels,2,0.1,3,22,2,0.5,0.6052318668252081,0.49208297814982294,0.4931620284280871,0.3.2,participant,,,,,,a5508b68efe858976affddc55ddec1d52be0d4e3724ba6ec227b70b4157f5ac0
BNCI2014-001,5,csp_lda,channel_dropout,all_channels,2,0.1,4,22,2,0.5,0.5422116527942925,0.49998536321792825,0.49998635422557597,0.3.2,participant,,,,,,a5508b68efe858976affddc55ddec1d52be0d4e3724ba6ec227b70b4157f5ac0
BNCI2014-001,5,csp_lda,channel_dropout,all_channels,2,0.1,5,22,2,0.5,0.6290130796670631,0.48380010886950925,0.48484865202109684,0.3.2,participant,,,,,,a5508b68efe858976affddc55ddec1d52be0d4e3724ba6ec227b70b4157f5ac0
BNCI2014-001,5,csp_lda,channel_dropout,all_channels,2,0.1,6,22,2,0.5,0.4482758620689655,0.4687399381158346,0.4694421206371932,0.3.2,participant,,,,,,a5508b68efe858976affddc55ddec1d52be0d4e3724ba6ec227b70b4157f5ac0
BNCI2014-001,5,csp_lda,channel_dropout,all_channels,2,0.1,7,22,2,0.5,0.5671819262782402,0.4986784100782564,0.4989345809028809,0.3.2,participant,,,,,,a5508b68efe858976affddc55ddec1d52be0d4e3724ba6ec227b70b4157f5ac0
BNCI2014-001,5,csp_lda,channel_dropout,all_channels,2,0.1,8,22,2,0.5,0.5897740784780025,0.4995295777302282,0.4996126169227182,0.3.2,participant,,,,,,a5508b68efe858976affddc55ddec1d52be0d4e3724ba6ec227b70b4157f5ac0
BNCI2014-001,5,csp_lda,channel_dropout,all_channels,2,0.1,9,22,2,0.5,0.6076099881093936,0.3399183456400912,0.31808096293194976,0.3.2,participant,,,,,,a5508b68efe858976affddc55ddec1d52be0d4e3724ba6ec227b70b4157f5ac0
BNCI2014-001,5,csp_lda,channel_dropout,all_channels,2,0.2,0,22,4,0.5,0.5148632580261594,0.4884459588154389,0.488064127941665,0.3.2,participant,,,,,,a5508b68efe858976affddc55ddec1d52be0d4e3724ba6ec227b70b4157f5ac0
BNCI2014-001,5,csp_lda,channel_dropout,all_channels,2,0.2,1,22,4,0.5,0.605231866825208,0.4016025885939808,0.3986353031844945,0.3.2,participant,,,,,,a5508b68efe858976affddc55ddec1d52be0d4e3724ba6ec227b70b4157f5ac0
BNCI2014-001,5,csp_lda,channel_dropout,all_channels,2,0.2,2,22,4,0.5,0.6159334126040428,0.4999741520564609,0.49997756470947075,0.3.2,participant,,,,,,a5508b68efe858976affddc55ddec1d52be0d4e3724ba6ec227b70b4157f5ac0
BNCI2014-001,5,csp_lda,channel_dropout,all_channels,2,0.2,3,22,4,0.5,0.5683709869203329,0.4999996821607677,0.4999997166940195,0.3.2,participant,,,,,,a5508b68efe858976affddc55ddec1d52be0d4e3724ba6ec227b70b4157f5ac0
BNCI2014-001,5,csp_lda,channel_dropout,all_channels,2,0.2,4,22,4,0.5,0.6111771700356718,0.3914398217340427,0.3872032835675623,0.3.2,participant,,,,,,a5508b68efe858976affddc55ddec1d52be0d4e3724ba6ec227b70b4157f5ac0
BNCI2014-001,5,csp_lda,channel_dropout,all_channels,2,0.2,5,22,4,0.5,0.48275862068965514,0.4999347157964761,0.49994412686261547,0.3.2,participant,,,,,,a5508b68efe858976affddc55ddec1d52be0d4e3724ba6ec227b70b4157f5ac0
BNCI2014-001,5,csp_lda,channel_dropout,all_channels,2,0.2,6,22,4,0.5,0.5838287752675386,0.49916525101963954,0.4992762366354241,0.3.2,participant,,,,,,a5508b68efe858976affddc55ddec1d52be0d4e3724ba6ec227b70b4157f5ac0
BNCI2014-001,5,csp_lda,channel_dropout,all_channels,2,0.2,7,22,4,0.5344827586206896,0.5005945303210464,0.2776041430569595,0.11382379888592895,0.3.2,participant,,,,,,a5508b68efe858976affddc55ddec1d52be0d4e3724ba6ec227b70b4157f5ac0
BNCI2014-001,5,csp_lda,channel_dropout,all_channels,2,0.2,8,22,4,0.5344827586206897,0.5980975029726516,0.2719614126810432,0.288881259625923,0.3.2,participant,,,,,,a5508b68efe858976affddc55ddec1d52be0d4e3724ba6ec227b70b4157f5ac0
BNCI2014-001,5,csp_lda,channel_dropout,all_channels,2,0.2,9,22,4,0.5,0.5576694411414983,0.4992243500020286,0.4993856963836204,0.3.2,participant,,,,,,a5508b68efe858976affddc55ddec1d52be0d4e3724ba6ec227b70b4157f5ac0
BNCI2014-001,5,csp_lda,channel_dropout,all_channels,2,0.3,0,22,7,0.5,0.5148632580261594,0.46718963852129963,0.46682103587757695,0.3.2,participant,,,,,,a5508b68efe858976affddc55ddec1d52be0d4e3724ba6ec227b70b4157f5ac0
BNCI2014-001,5,csp_lda,channel_dropout,all_channels,2,0.3,1,22,7,0.4827586206896552,0.5184304399524375,0.3452135309939739,0.3100767374618209,0.3.2,participant,,,,,,a5508b68efe858976affddc55ddec1d52be0d4e3724ba6ec227b70b4157f5ac0
BNCI2014-001,5,csp_lda,channel_dropout,all_channels,2,0.3,2,22,7,0.5,0.4768133174791914,0.49999133613223007,0.49999162880963954,0.3.2,participant,,,,,,a5508b68efe858976affddc55ddec1d52be0d4e3724ba6ec227b70b4157f5ac0
BNCI2014-001,5,csp_lda,channel_dropout,all_channels,2,0.3,3,22,7,0.5,0.4684898929845422,0.47363938311613274,0.47679568608523965,0.3.2,participant,,,,,,a5508b68efe858976affddc55ddec1d52be0d4e3724ba6ec227b70b4157f5ac0
BNCI2014-001,5,csp_lda,channel_dropout,all_channels,2,0.3,4,22,7,0.5,0.5017835909631391,0.49231889176565163,0.4919784520391086,0.3.2,participant,,,,,,a5508b68efe858976affddc55ddec1d52be0d4e3724ba6ec227b70b4157f5ac0
BNCI2014-001,5,csp_lda,channel_dropout,all_channels,2,0.3,5,22,7,0.5517241379310345,0.605231866825208,0.27413402751934773,0.18152659279698166,0.3.2,participant,,,,,,a5508b68efe858976affddc55ddec1d52be0d4e3724ba6ec227b70b4157f5ac0
BNCI2014-001,5,csp_lda,channel_dropout,all_channels,2,0.3,6,22,7,0.5,0.5564803804994054,0.49999997784325734,0.49999997995243134,0.3.2,participant,,,,,,a5508b68efe858976affddc55ddec1d52be0d4e3724ba6ec227b70b4157f5ac0
BNCI2014-001,5,csp_lda,channel_dropout,all_channels,2,0.3,7,22,7,0.5,0.4411414982164091,0.4848434784526565,0.4844736291298761,0.3.2,participant,,,,,,a5508b68efe858976affddc55ddec1d52be0d4e3724ba6ec227b70b4157f5ac0
BNCI2014-001,5,csp_lda,channel_dropout,all_channels,2,0.3,8,22,7,0.5,0.5208085612366231,0.4195216264847795,0.41153475167307524,0.3.2,participant,,,,,,a5508b68efe858976affddc55ddec1d52be0d4e3724ba6ec227b70b4157f5ac0
BNCI2014-001,5,csp_lda,channel_dropout,all_channels,2,0.3,9,22,7,0.5,0.5552913198573127,0.4999969504502875,0.49999726016335855,0.3.2,participant,,,,,,a5508b68efe858976affddc55ddec1d52be0d4e3724ba6ec227b70b4157f5ac0
BNCI2014-001,5,csp_lda,channel_dropout,all_channels,2,0.5,0,22,11,0.5,0.5457788347205708,0.4999999759228119,0.49999998157897113,0.3.2,participant,,,,,,a5508b68efe858976affddc55ddec1d52be0d4e3724ba6ec227b70b4157f5ac0
BNCI2014-001,5,csp_lda,channel_dropout,all_channels,2,0.5,1,22,11,0.5,0.5457788347205708,0.4924374831007712,0.4924795523653802,0.3.2,participant,,,,,,a5508b68efe858976affddc55ddec1d52be0d4e3724ba6ec227b70b4157f5ac0
BNCI2014-001,5,csp_lda,channel_dropout,all_channels,2,0.5,2,22,11,0.5,0.5243757431629013,0.39342052246535375,0.3880875331539923,0.3.2,participant,,,,,,a5508b68efe858976affddc55ddec1d52be0d4e3724ba6ec227b70b4157f5ac0
BNCI2014-001,5,csp_lda,channel_dropout,all_channels,2,0.5,3,22,11,0.5,0.5434007134363853,0.49999604595462377,0.499996556654107,0.3.2,participant,,,,,,a5508b68efe858976affddc55ddec1d52be0d4e3724ba6ec227b70b4157f5ac0
BNCI2014-001,5,csp_lda,channel_dropout,all_channels,2,0.5,4,22,11,0.5,0.6064209274673008,0.4999995392445613,0.4999996375377625,0.3.2,participant,,,,,,a5508b68efe858976affddc55ddec1d52be0d4e3724ba6ec227b70b4157f5ac0
BNCI2014-001,5,csp_lda,channel_dropout,all_channels,2,0.5,5,22,11,0.5,0.6516052318668252,0.4526251012971997,0.4551802129327532,0.3.2,participant,,,,,,a5508b68efe858976affddc55ddec1d52be0d4e3724ba6ec227b70b4157f5ac0
BNCI2014-001,5,csp_lda,channel_dropout,all_channels,2,0.5,6,22,11,0.5,0.5695600475624256,0.4998865812364284,0.49989420296595977,0.3.2,participant,,,,,,a5508b68efe858976affddc55ddec1d52be0d4e3724ba6ec227b70b4157f5ac0
BNCI2014-001,5,csp_lda,channel_dropout,all_channels,2,0.5,7,22,11,0.5,0.5065398335315101,0.4999060300430176,0.499907004006223,0.3.2,participant,,,,,,a5508b68efe858976affddc55ddec1d52be0d4e3724ba6ec227b70b4157f5ac0
BNCI2014-001,5,csp_lda,channel_dropout,all_channels,2,0.5,8,22,11,0.5,0.5172413793103449,0.4981785390860859,0.4981840263594263,0.3.2,participant,,,,,,a5508b68efe858976affddc55ddec1d52be0d4e3724ba6ec227b70b4157f5ac0
BNCI2014-001,5,csp_lda,channel_dropout,all_channels,2,0.5,9,22,11,0.5,0.5124851367419738,0.4116448667149032,0.38944231646458083,0.3.2,participant,,,,,,a5508b68efe858976affddc55ddec1d52be0d4e3724ba6ec227b70b4157f5ac0
BNCI2014-001,5,csp_lda,clean,all_channels,3,0.0,0,22,0,0.5172413793103449,0.5529131985731272,0.31025611395891145,0.24132211688157815,0.3.2,participant,,,,,,a5508b68efe858976affddc55ddec1d52be0d4e3724ba6ec227b70b4157f5ac0
BNCI2014-001,5,csp_lda,channel_dropout,all_channels,3,0.1,0,22,2,0.5,0.41022592152199766,0.4428035907973128,0.42898056733984047,0.3.2,participant,,,,,,a5508b68efe858976affddc55ddec1d52be0d4e3724ba6ec227b70b4157f5ac0
BNCI2014-001,5,csp_lda,channel_dropout,all_channels,3,0.1,1,22,2,0.5,0.5659928656361474,0.4998632596782845,0.4998841298556557,0.3.2,participant,,,,,,a5508b68efe858976affddc55ddec1d52be0d4e3724ba6ec227b70b4157f5ac0
BNCI2014-001,5,csp_lda,channel_dropout,all_channels,3,0.1,2,22,2,0.5,0.5136741973840666,0.4784467589136507,0.4781663389411226,0.3.2,participant,,,,,,a5508b68efe858976affddc55ddec1d52be0d4e3724ba6ec227b70b4157f5ac0
BNCI2014-001,5,csp_lda,channel_dropout,all_channels,3,0.1,3,22,2,0.5172413793103449,0.5743162901307967,0.3924654956254898,0.39577166338505193,0.3.2,participant,,,,,,a5508b68efe858976affddc55ddec1d52be0d4e3724ba6ec227b70b4157f5ac0
BNCI2014-001,5,csp_lda,channel_dropout,all_channels,3,0.1,4,22,2,0.5,0.46254458977407853,0.42897874970702016,0.4172021435621436,0.3.2,participant,,,,,,a5508b68efe858976affddc55ddec1d52be0d4e3724ba6ec227b70b4157f5ac0
BNCI2014-001,5,csp_lda,channel_dropout,all_channels,3,0.1,5,22,2,0.4482758620689655,0.3864447086801427,0.3526257521682254,0.3276925137412332,0.3.2,participant,,,,,,a5508b68efe858976affddc55ddec1d52be0d4e3724ba6ec227b70b4157f5ac0
BNCI2014-001,5,csp_lda,channel_dropout,all_channels,3,0.1,6,22,2,0.44827586206896547,0.6349583828775267,0.3112370762182936,0.31181765858483756,0.3.2,participant,,,,,,a5508b68efe858976affddc55ddec1d52be0d4e3724ba6ec227b70b4157f5ac0
BNCI2014-001,5,csp_lda,channel_dropout,all_channels,3,0.1,7,22,2,0.5,0.5184304399524376,0.4999365069137819,0.499918958720839,0.3.2,participant,,,,,,a5508b68efe858976affddc55ddec1d52be0d4e3724ba6ec227b70b4157f5ac0
BNCI2014-001,5,csp_lda,channel_dropout,all_channels,3,0.1,8,22,2,0.5,0.5541022592152199,0.49997784929909395,0.4999829360360409,0.3.2,participant,,,,,,a5508b68efe858976affddc55ddec1d52be0d4e3724ba6ec227b70b4157f5ac0
BNCI2014-001,5,csp_lda,channel_dropout,all_channels,3,0.1,9,22,2,0.5172413793103449,0.4637336504161712,0.3133451765613691,0.28172419651297287,0.3.2,participant,,,,,,a5508b68efe858976affddc55ddec1d52be0d4e3724ba6ec227b70b4157f5ac0
BNCI2014-001,5,csp_lda,channel_dropout,all_channels,3,0.2,0,22,4,0.5,0.450653983353151,0.49985094951595527,0.49976153930428346,0.3.2,participant,,,,,,a5508b68efe858976affddc55ddec1d52be0d4e3724ba6ec227b70b4157f5ac0
BNCI2014-001,5,csp_lda,channel_dropout,all_channels,3,0.2,1,22,4,0.3793103448275862,0.3555291319857313,0.34126440219982307,0.33132034932613896,0.3.2,participant,,,,,,a5508b68efe858976affddc55ddec1d52be0d4e3724ba6ec227b70b4157f5ac0
BNCI2014-001,5,csp_lda,channel_dropout,all_channels,3,0.2,2,22,4,0.5,0.595719381688466,0.49999999852667326,0.49999999877057916,0.3.2,participant,,,,,,a5508b68efe858976affddc55ddec1d52be0d4e3724ba6ec227b70b4157f5ac0
BNCI2014-001,5,csp_lda,channel_dropout,all_channels,3,0.2,3,22,4,0.5,0.4756242568370987,0.49916658301396016,0.4992111084045124,0.3.2,participant,,,,,,a5508b68efe858976affddc55ddec1d52be0d4e3724ba6ec227b70b4157f5ac0
BNCI2014-001,5,csp_lda,channel_dropout,all_channels,3,0.2,4,22,4,0.5,0.525564803804994,0.4603046236878107,0.45397739585434865,0.3.2,participant,,,,,,a5508b68efe858976affddc55ddec1d52be0d4e3724ba6ec227b70b4157f5ac0
BNCI2014-001,5,csp_lda,channel_dropout,all_channels,3,0.2,5,22,4,0.5172413793103449,0.4577883472057075,0.3344919567210081,0.3023577616134095,0.3.2,participant,,,,,,a5508b68efe858976affddc55ddec1d52be0d4e3724ba6ec227b70b4157f5ac0
BNCI2014-001,5,csp_lda,channel_dropout,all_channels,3,0.2,6,22,4,0.5,0.4351961950059453,0.4780440765462096,0.47541948148703955,0.3.2,participant,,,,,,a5508b68efe858976affddc55ddec1d52be0d4e3724ba6ec227b70b4157f5ac0
BNCI2014-001,5,csp_lda,channel_dropout,all_channels,3,0.2,7,22,4,0.5,0.5707491082045185,0.4998739041773987,0.49989527343088885,0.3.2,participant,,,,,,a5508b68efe858976affddc55ddec1d52be0d4e3724ba6ec227b70b4157f5ac0
BNCI2014-001,5,csp_lda,channel_dropout,all_channels,3,0.2,8,22,4,0.5,0.6302021403091558,0.49984924160588884,0.4998841803157929,0.3.2,participant,,,,,,a5508b68efe858976affddc55ddec1d52be0d4e3724ba6ec227b70b4157f5ac0
BNCI2014-001,5,csp_lda,channel_dropout,all_channels,3,0.2,9,22,4,0.603448275862069,0.455410225921522,0.326912969232574,0.31819093664776876,0.3.2,participant,,,,,,a5508b68efe858976affddc55ddec1d52be0d4e3724ba6ec227b70b4157f5ac0
BNCI2014-001,5,csp_lda,channel_dropout,all_channels,3,0.3,0,22,7,0.5,0.4482758620689655,0.4901413405051636,0.48990948516263577,0.3.2,participant,,,,,,a5508b68efe858976affddc55ddec1d52be0d4e3724ba6ec227b70b4157f5ac0
BNCI2014-001,5,csp_lda,channel_dropout,all_channels,3,0.3,1,22,7,0.5,0.6183115338882283,0.49999999998876904,0.4999999999910852,0.3.2,participant,,,,,,a5508b68efe858976affddc55ddec1d52be0d4e3724ba6ec227b70b4157f5ac0
BNCI2014-001,5,csp_lda,channel_dropout,all_channels,3,0.3,2,22,7,0.5,0.4934601664684899,0.49999901560318805,0.49999911303735134,0.3.2,participant,,,,,,a5508b68efe858976affddc55ddec1d52be0d4e3724ba6ec227b70b4157f5ac0
BNCI2014-001,5,csp_lda,channel_dropout,all_channels,3,0.3,3,22,7,0.5,0.5814506539833532,0.499999976406679,0.4999999773419061,0.3.2,participant,,,,,,a5508b68efe858976affddc55ddec1d52be0d4e3724ba6ec227b70b4157f5ac0
BNCI2014-001,5,csp_lda,channel_dropout,all_channels,3,0.3,4,22,7,0.5344827586206897,0.48275862068965514,0.29561490680157454,0.20585114806331742,0.3.2,participant,,,,,,a5508b68efe858976affddc55ddec1d52be0d4e3724ba6ec227b70b4157f5ac0
BNCI2014-001,5,csp_lda,channel_dropout,all_channels,3,0.3,5,22,7,0.5344827586206896,0.5291319857312723,0.3655048048331278,0.33880135148025575,0.3.2,participant,,,,,,a5508b68efe858976affddc55ddec1d52be0d4e3724ba6ec227b70b4157f5ac0
BNCI2014-001,5,csp_lda,channel_dropout,all_channels,3,0.3,6,22,7,0.5,0.5101070154577884,0.49998302128022226,0.4999871759472438,0.3.2,participant,,,,,,a5508b68efe858976affddc55ddec1d52be0d4e3724ba6ec227b70b4157f5ac0
BNCI2014-001,5,csp_lda,channel_dropout,all_channels,3,0.3,7,22,7,0.5,0.5671819262782403,0.49932330482707826,0.499291584216252,0.3.2,participant,,,,,,a5508b68efe858976affddc55ddec1d52be0d4e3724ba6ec227b70b4157f5ac0
BNCI2014-001,5,csp_lda,channel_dropout,all_channels,3,0.3,8,22,7,0.5,0.39001189060642094,0.4999972530562059,0.49999783593626257,0.3.2,participant,,,,,,a5508b68efe858976affddc55ddec1d52be0d4e3724ba6ec227b70b4157f5ac0
BNCI2014-001,5,csp_lda,channel_dropout,all_channels,3,0.3,9,22,7,0.5172413793103449,0.47443519619500596,0.3473941745407378,0.31084736153140363,0.3.2,participant,,,,,,a5508b68efe858976affddc55ddec1d52be0d4e3724ba6ec227b70b4157f5ac0
BNCI2014-001,5,csp_lda,channel_dropout,all_channels,3,0.5,0,22,11,0.5,0.4518430439952438,0.2993870420310546,0.216787553802863,0.3.2,participant,,,,,,a5508b68efe858976affddc55ddec1d52be0d4e3724ba6ec227b70b4157f5ac0
BNCI2014-001,5,csp_lda,channel_dropout,all_channels,3,0.5,1,22,11,0.5,0.5624256837098692,0.4988418588029446,0.49892925972346935,0.3.2,participant,,,,,,a5508b68efe858976affddc55ddec1d52be0d4e3724ba6ec227b70b4157f5ac0
BNCI2014-001,5,csp_lda,channel_dropout,all_channels,3,0.5,2,22,11,0.5,0.44946492271105826,0.4996094335610112,0.49961315494088776,0.3.2,participant,,,,,,a5508b68efe858976affddc55ddec1d52be0d4e3724ba6ec227b70b4157f5ac0
BNCI2014-001,5,csp_lda,channel_dropout,all_channels,3,0.5,3,22,11,0.5,0.5719381688466112,0.4999999996833578,0.49999999969759307,0.3.2,participant,,,,,,a5508b68efe858976affddc55ddec1d52be0d4e3724ba6ec227b70b4157f5ac0
BNCI2014-001,5,csp_lda,channel_dropout,all_channels,3,0.5,4,22,11,0.5,0.4019024970273485,0.4990796837241018,0.49893913794407896,0.3.2,participant,,,,,,a5508b68efe858976affddc55ddec1d52be0d4e3724ba6ec227b70b4157f5ac0
BNCI2014-001,5,csp_lda,channel_dropout,all_channels,3,0.5,5,22,11,0.5,0.5362663495838289,0.4999999088656353,0.4999999323175639,0.3.2,participant,,,,,,a5508b68efe858976affddc55ddec1d52be0d4e3724ba6ec227b70b4157f5ac0
BNCI2014-001,5,csp_lda,channel_dropout,all_channels,3,0.5,6,22,11,0.48275862068965514,0.5315101070154578,0.3704949989968338,0.36010769452981245,0.3.2,participant,,,,,,a5508b68efe858976affddc55ddec1d52be0d4e3724ba6ec227b70b4157f5ac0
BNCI2014-001,5,csp_lda,channel_dropout,all_channels,3,0.5,7,22,11,0.5,0.5719381688466112,0.4929239192824616,0.49317147633670383,0.3.2,participant,,,,,,a5508b68efe858976affddc55ddec1d52be0d4e3724ba6ec227b70b4157f5ac0
BNCI2014-001,5,csp_lda,channel_dropout,all_channels,3,0.5,8,22,11,0.5,0.3876337693222354,0.4787306364382448,0.4765970462485313,0.3.2,participant,,,,,,a5508b68efe858976affddc55ddec1d52be0d4e3724ba6ec227b70b4157f5ac0
BNCI2014-001,5,csp_lda,channel_dropout,all_channels,3,0.5,9,22,11,0.5,0.5041617122473245,0.49999604740561804,0.49999665911883995,0.3.2,participant,,,,,,a5508b68efe858976affddc55ddec1d52be0d4e3724ba6ec227b70b4157f5ac0
BNCI2014-001,5,csp_lda,clean,all_channels,4,0.0,0,22,0,0.6496305418719213,0.7007389162561577,0.22991905333957519,0.20042362230208266,0.3.2,participant,,,,,,a5508b68efe858976affddc55ddec1d52be0d4e3724ba6ec227b70b4157f5ac0
BNCI2014-001,5,csp_lda,channel_dropout,all_channels,4,0.1,0,22,2,0.5,0.5997536945812807,0.5087696341615137,0.5087700697438201,0.3.2,participant,,,,,,a5508b68efe858976affddc55ddec1d52be0d4e3724ba6ec227b70b4157f5ac0
BNCI2014-001,5,csp_lda,channel_dropout,all_channels,4,0.1,1,22,2,0.5,0.5960591133004925,0.4876723464664145,0.4906684350213153,0.3.2,participant,,,,,,a5508b68efe858976affddc55ddec1d52be0d4e3724ba6ec227b70b4157f5ac0
BNCI2014-001,5,csp_lda,channel_dropout,all_channels,4,0.1,2,22,2,0.5,0.5135467980295567,0.5087718913406182,0.5087718988107159,0.3.2,participant,,,,,,a5508b68efe858976affddc55ddec1d52be0d4e3724ba6ec227b70b4157f5ac0
BNCI2014-001,5,csp_lda,channel_dropout,all_channels,4,0.1,3,22,2,0.5,0.6933497536945814,0.5087709095843188,0.508771091762971,0.3.2,participant,,,,,,a5508b68efe858976affddc55ddec1d52be0d4e3724ba6ec227b70b4157f5ac0
BNCI2014-001,5,csp_lda,channel_dropout,all_channels,4,0.1,4,22,2,0.5,0.46551724137931033,0.5087714685348751,0.5087715773681538,0.3.2,participant,,,,,,a5508b68efe858976affddc55ddec1d52be0d4e3724ba6ec227b70b4157f5ac0
BNCI2014-001,5,csp_lda,channel_dropout,all_channels,4,0.1,5,22,2,0.5,0.7056650246305419,0.44030479580899373,0.4503404335751319,0.3.2,participant,,,,,,a5508b68efe858976affddc55ddec1d52be0d4e3724ba6ec227b70b4157f5ac0
BNCI2014-001,5,csp_lda,channel_dropout,all_channels,4,0.1,6,22,2,0.5,0.5160098522167488,0.5087719278235615,0.5087719283532783,0.3.2,participant,,,,,,a5508b68efe858976affddc55ddec1d52be0d4e3724ba6ec227b70b4157f5ac0
BNCI2014-001,5,csp_lda,channel_dropout,all_channels,4,0.1,7,22,2,0.5,0.5135467980295567,0.5087718913406182,0.5087718988107159,0.3.2,participant,,,,,,a5508b68efe858976affddc55ddec1d52be0d4e3724ba6ec227b70b4157f5ac0
BNCI2014-001,5,csp_lda,channel_dropout,all_channels,4,0.1,8,22,2,0.5,0.7142857142857143,0.48787985194501,0.4887768345565097,0.3.2,participant,,,,,,a5508b68efe858976affddc55ddec1d52be0d4e3724ba6ec227b70b4157f5ac0
BNCI2014-001,5,csp_lda,channel_dropout,all_channels,4,0.1,9,22,2,0.5,0.6416256157635468,0.4761436362807074,0.4804854475075621,0.3.2,participant,,,,,,a5508b68efe858976affddc55ddec1d52be0d4e3724ba6ec227b70b4157f5ac0
BNCI2014-001,5,csp_lda,channel_dropout,all_channels,4,0.2,0,22,4,0.5,0.5123152709359606,0.5087719283194777,0.5087719285611048,0.3.2,participant,,,,,,a5508b68efe858976affddc55ddec1d52be0d4e3724ba6ec227b70b4157f5ac0
BNCI2014-001,5,csp_lda,channel_dropout,all_channels,4,0.2,1,22,4,0.5,0.5825123152709359,0.5087620529776227,0.5087644161817794,0.3.2,participant,,,,,,a5508b68efe858976affddc55ddec1d52be0d4e3724ba6ec227b70b4157f5ac0
BNCI2014-001,5,csp_lda,channel_dropout,all_channels,4,0.2,2,22,4,0.5,0.6514778325123153,0.5087689643200727,0.5087697120193951,0.3.2,participant,,,,,,a5508b68efe858976affddc55ddec1d52be0d4e3724ba6ec227b70b4157f5ac0
BNCI2014-001,5,csp_lda,channel_dropout,all_channels,4,0.2,3,22,4,0.5,0.645320197044335,0.39347977741628787,0.39824111053506467,0.3.2,participant,,,,,,a5508b68efe858976affddc55ddec1d52be0d4e3724ba6ec227b70b4157f5ac0
BNCI2014-001,5,csp_lda,channel_dropout,all_channels,4,0.2,4,22,4,0.5,0.6268472906403941,0.5087606590350053,0.508762965051058,0.3.2,participant,,,,,,a5508b68efe858976affddc55ddec1d52be0d4e3724ba6ec227b70b4157f5ac0
BNCI2014-001,5,csp_lda,channel_dropout,all_channels,4,0.2,5,22,4,0.5,0.479064039408867,0.5087690235241353,0.5087692262610275,0.3.2,participant,,,,,,a5508b68efe858976affddc55ddec1d52be0d4e3724ba6ec227b70b4157f5ac0
BNCI2014-001,5,csp_lda,channel_dropout,all_channels,4,0.2,6,22,4,0.5,0.6120689655172413,0.46881699528032894,0.47078875454512054,0.3.2,participant,,,,,,a5508b68efe858976affddc55ddec1d52be0d4e3724ba6ec227b70b4157f5ac0
BNCI2014-001,5,csp_lda,channel_dropout,all_channels,4,0.2,7,22,4,0.5,0.5554187192118226,0.5087718329412195,0.5087718591658772,0.3.2,participant,,,,,,a5508b68efe858976affddc55ddec1d52be0d4e3724ba6ec227b70b4157f5ac0
BNCI2014-001,5,csp_lda,channel_dropout,all_channels,4,0.2,8,22,4,0.5357142857142857,0.6403940886699507,0.3696426300668425,0.375537736182481,0.3.2,participant,,,,,,a5508b68efe858976affddc55ddec1d52be0d4e3724ba6ec227b70b4157f5ac0
BNCI2014-001,5,csp_lda,channel_dropout,all_channels,4,0.2,9,22,4,0.5,0.6625615763546798,0.5074435845390014,0.5076500705007903,0.3.2,participant,,,,,,a5508b68efe858976affddc55ddec1d52be0d4e3724ba6ec227b70b4157f5ac0
BNCI2014-001,5,csp_lda,channel_dropout,all_channels,4,0.3,0,22,7,0.5,0.6403940886699507,0.508266140692689,0.5083429037190865,0.3.2,participant,,,,,,a5508b68efe858976affddc55ddec1d52be0d4e3724ba6ec227b70b4157f5ac0
BNCI2014-001,5,csp_lda,channel_dropout,all_channels,4,0.3,1,22,7,0.5,0.49630541871921185,0.5087719081415034,0.5087719112474923,0.3.2,participant,,,,,,a5508b68efe858976affddc55ddec1d52be0d4e3724ba6ec227b70b4157f5ac0
BNCI2014-001,5,csp_lda,channel_dropout,all_channels,4,0.3,2,22,7,0.5,0.438423645320197,0.5087719298168917,0.5087719298176008,0.3.2,participant,,,,,,a5508b68efe858976affddc55ddec1d52be0d4e3724ba6ec227b70b4157f5ac0
BNCI2014-001,5,csp_lda,channel_dropout,all_channels,4,0.3,3,22,7,0.5517241379310345,0.6921182266009853,0.3290298877644842,0.3321674370323599,0.3.2,participant,,,,,,a5508b68efe858976affddc55ddec1d52be0d4e3724ba6ec227b70b4157f5ac0
BNCI2014-001,5,csp_lda,channel_dropout,all_channels,4,0.3,4,22,7,0.5,0.6169950738916257,0.45545507053736184,0.4550962923622894,0.3.2,participant,,,,,,a5508b68efe858976affddc55ddec1d52be0d4e3724ba6ec227b70b4157f5ac0
BNCI2014-001,5,csp_lda,channel_dropout,all_channels,4,0.3,5,22,7,0.5,0.48152709359605916,0.508771682073003,0.5087717378702548,0.3.2,participant,,,,,,a5508b68efe858976affddc55ddec1d52be0d4e3724ba6ec227b70b4157f5ac0
BNCI2014-001,5,csp_lda,channel_dropout,all_channels,4,0.3,6,22,7,0.5,0.6428571428571429,0.4873601325677864,0.4900014829177213,0.3.2,participant,,,,,,a5508b68efe858976affddc55ddec1d52be0d4e3724ba6ec227b70b4157f5ac0
BNCI2014-001,5,csp_lda,channel_dropout,all_channels,4,0.3,7,22,7,0.5,0.4679802955665025,0.5087719267901327,0.5087719269396607,0.3.2,participant,,,,,,a5508b68efe858976affddc55ddec1d52be0d4e3724ba6ec227b70b4157f5ac0
BNCI2014-001,5,csp_lda,channel_dropout,all_channels,4,0.3,8,22,7,0.5,0.46059113300492605,0.5087715738626725,0.5087714735974963,0.3.2,participant,,,,,,a5508b68efe858976affddc55ddec1d52be0d4e3724ba6ec227b70b4157f5ac0
BNCI2014-001,5,csp_lda,channel_dropout,all_channels,4,0.3,9,22,7,0.5,0.645320197044335,0.5087698373349816,0.5087704237735369,0.3.2,participant,,,,,,a5508b68efe858976affddc55ddec1d52be0d4e3724ba6ec227b70b4157f5ac0
BNCI2014-001,5,csp_lda,channel_dropout,all_channels,4,0.5,0,22,11,0.5,0.5123152709359606,0.5087703314178803,0.5087705747578785,0.3.2,participant,,,,,,a5508b68efe858976affddc55ddec1d52be0d4e3724ba6ec227b70b4157f5ac0
BNCI2014-001,5,csp_lda,channel_dropout,all_channels,4,0.5,1,22,11,0.5,0.5110837438423645,0.5076677081457993,0.5077215052707511,0.3.2,participant,,,,,,a5508b68efe858976affddc55ddec1d52be0d4e3724ba6ec227b70b4157f5ac0
BNCI2014-001,5,csp_lda,channel_dropout,all_channels,4,0.5,2,22,11,0.49876847290640397,0.6428571428571429,0.27061598967347356,0.21386786155614143,0.3.2,participant,,,,,,a5508b68efe858976affddc55ddec1d52be0d4e3724ba6ec227b70b4157f5ac0
BNCI2014-001,5,csp_lda,channel_dropout,all_channels,4,0.5,3,22,11,0.5,0.6502463054187192,0.49023774885393134,0.4905398671036277,0.3.2,participant,,,,,,a5508b68efe858976affddc55ddec1d52be0d4e3724ba6ec227b70b4157f5ac0
BNCI2014-001,5,csp_lda,channel_dropout,all_channels,4,0.5,4,22,11,0.5,0.5985221674876847,0.481926158189574,0.4840599033346746,0.3.2,participant,,,,,,a5508b68efe858976affddc55ddec1d52be0d4e3724ba6ec227b70b4157f5ac0
BNCI2014-001,5,csp_lda,channel_dropout,all_channels,4,0.5,5,22,11,0.5,0.5899014778325122,0.5087718278787436,0.5087718415167677,0.3.2,participant,,,,,,a5508b68efe858976affddc55ddec1d52be0d4e3724ba6ec227b70b4157f5ac0
BNCI2014-001,5,csp_lda,channel_dropout,all_channels,4,0.5,6,22,11,0.5,0.5554187192118226,0.5087325382717194,0.5087351641987752,0.3.2,participant,,,,,,a5508b68efe858976affddc55ddec1d52be0d4e3724ba6ec227b70b4157f5ac0
BNCI2014-001,5,csp_lda,channel_dropout,all_channels,4,0.5,7,22,11,0.5,0.5972906403940887,0.5087641723490233,0.5087651829382358,0.3.2,participant,,,,,,a5508b68efe858976affddc55ddec1d52be0d4e3724ba6ec227b70b4157f5ac0
BNCI2014-001,5,csp_lda,channel_dropout,all_channels,4,0.5,8,22,11,0.5,0.6773399014778325,0.35936509012519424,0.3635324942767957,0.3.2,participant,,,,,,a5508b68efe858976affddc55ddec1d52be0d4e3724ba6ec227b70b4157f5ac0
BNCI2014-001,5,csp_lda,channel_dropout,all_channels,4,0.5,9,22,11,0.5,0.541871921182266,0.5042484815332758,0.5045389117424416,0.3.2,participant,,,,,,a5508b68efe858976affddc55ddec1d52be0d4e3724ba6ec227b70b4157f5ac0
BNCI2014-001,5,csp_lda,clean,all_channels,5,0.0,0,22,0,0.4895320197044335,0.4507389162561577,0.2991650746602213,0.16561392927825044,0.3.2,participant,,,,,,a5508b68efe858976affddc55ddec1d52be0d4e3724ba6ec227b70b4157f5ac0
BNCI2014-001,5,csp_lda,channel_dropout,all_channels,5,0.1,0,22,2,0.5,0.4495073891625615,0.4911328177336991,0.49112116170658715,0.3.2,participant,,,,,,a5508b68efe858976affddc55ddec1d52be0d4e3724ba6ec227b70b4157f5ac0
BNCI2014-001,5,csp_lda,channel_dropout,all_channels,5,0.1,1,22,2,0.5,0.4852216748768473,0.4910967251216626,0.49108988217193006,0.3.2,participant,,,,,,a5508b68efe858976affddc55ddec1d52be0d4e3724ba6ec227b70b4157f5ac0
BNCI2014-001,5,csp_lda,channel_dropout,all_channels,5,0.1,2,22,2,0.5,0.4458128078817734,0.48987895548061194,0.48978507399447646,0.3.2,participant,,,,,,a5508b68efe858976affddc55ddec1d52be0d4e3724ba6ec227b70b4157f5ac0
BNCI2014-001,5,csp_lda,channel_dropout,all_channels,5,0.1,3,22,2,0.5,0.42610837438423643,0.4849580564970078,0.4841867679102376,0.3.2,participant,,,,,,a5508b68efe858976affddc55ddec1d52be0d4e3724ba6ec227b70b4157f5ac0
BNCI2014-001,5,csp_lda,channel_dropout,all_channels,5,0.1,4,22,2,0.5,0.4445812807881773,0.4841607396776126,0.48339613965322226,0.3.2,participant,,,,,,a5508b68efe858976affddc55ddec1d52be0d4e3724ba6ec227b70b4157f5ac0
BNCI2014-001,5,csp_lda,channel_dropout,all_channels,5,0.1,5,22,2,0.5,0.4802955665024631,0.49089376350952696,0.4908708212671484,0.3.2,participant,,,,,,a5508b68efe858976affddc55ddec1d52be0d4e3724ba6ec227b70b4157f5ac0
BNCI2014-001,5,csp_lda,channel_dropout,all_channels,5,0.1,6,22,2,0.5,0.46798029556650245,0.44197654033602185,0.43459281679179584,0.3.2,participant,,,,,,a5508b68efe858976affddc55ddec1d52be0d4e3724ba6ec227b70b4157f5ac0
BNCI2014-001,5,csp_lda,channel_dropout,all_channels,5,0.1,7,22,2,0.5,0.4445812807881774,0.49105374943072877,0.4910399835032614,0.3.2,participant,,,,,,a5508b68efe858976affddc55ddec1d52be0d4e3724ba6ec227b70b4157f5ac0
BNCI2014-001,5,csp_lda,channel_dropout,all_channels,5,0.1,8,22,2,0.5,0.437192118226601,0.44164695789945685,0.43160389653864095,0.3.2,participant,,,,,,a5508b68efe858976affddc55ddec1d52be0d4e3724ba6ec227b70b4157f5ac0
BNCI2014-001,5,csp_lda,channel_dropout,all_channels,5,0.1,9,22,2,0.5,0.4211822660098522,0.4878418353134438,0.4874042189874608,0.3.2,participant,,,,,,a5508b68efe858976affddc55ddec1d52be0d4e3724ba6ec227b70b4157f5ac0
BNCI2014-001,5,csp_lda,channel_dropout,all_channels,5,0.2,0,22,4,0.5,0.3903940886699508,0.4723583863446991,0.4683872668873329,0.3.2,participant,,,,,,a5508b68efe858976affddc55ddec1d52be0d4e3724ba6ec227b70b4157f5ac0
BNCI2014-001,5,csp_lda,channel_dropout,all_channels,5,0.2,1,22,4,0.5,0.45073891625615764,0.49109002288347364,0.4910747769164905,0.3.2,participant,,,,,,a5508b68efe858976affddc55ddec1d52be0d4e3724ba6ec227b70b4157f5ac0
BNCI2014-001,5,csp_lda,channel_dropout,all_channels,5,0.2,2,22,4,0.5,0.39039408866995073,0.49118274175647453,0.4911736295904332,0.3.2,participant,,,,,,a5508b68efe858976affddc55ddec1d52be0d4e3724ba6ec227b70b4157f5ac0
BNCI2014-001,5,csp_lda,channel_dropout,all_channels,5,0.2,3,22,4,0.5,0.44334975369458124,0.4904004950101959,0.49029865252462734,0.3.2,participant,,,,,,a5508b68efe858976affddc55ddec1d52be0d4e3724ba6ec227b70b4157f5ac0
BNCI2014-001,5,csp_lda,channel_dropout,all_channels,5,0.2,4,22,4,0.5,0.4482758620689655,0.4912133928121782,0.49121184094734793,0.3.2,participant,,,,,,a5508b68efe858976affddc55ddec1d52be0d4e3724ba6ec227b70b4157f5ac0
BNCI2014-001,5,csp_lda,channel_dropout,all_channels,5,0.2,5,22,4,0.5,0.5135467980295567,0.48943822326466796,0.48938314715623243,0.3.2,participant,,,,,,a5508b68efe858976affddc55ddec1d52be0d4e3724ba6ec227b70b4157f5ac0
BNCI2014-001,5,csp_lda,channel_dropout,all_channels,5,0.2,6,22,4,0.5,0.4963054187192118,0.47028039198566485,0.46857387100196957,0.3.2,participant,,,,,,a5508b68efe858976affddc55ddec1d52be0d4e3724ba6ec227b70b4157f5ac0
BNCI2014-001,5,csp_lda,channel_dropout,all_channels,5,0.2,7,22,4,0.5,0.4445812807881773,0.49111714257194505,0.4911096770346942,0.3.2,participant,,,,,,a5508b68efe858976affddc55ddec1d52be0d4e3724ba6ec227b70b4157f5ac0
BNCI2014-001,5,csp_lda,channel_dropout,all_channels,5,0.2,8,22,4,0.5,0.4199507389162561,0.4770373319043919,0.4747889800866848,0.3.2,participant,,,,,,a5508b68efe858976affddc55ddec1d52be0d4e3724ba6ec227b70b4157f5ac0
BNCI2014-001,5,csp_lda,channel_dropout,all_channels,5,0.2,9,22,4,0.5,0.41625615763546797,0.4848014022835513,0.4837298999464136,0.3.2,participant,,,,,,a5508b68efe858976affddc55ddec1d52be0d4e3724ba6ec227b70b4157f5ac0
BNCI2014-001,5,csp_lda,channel_dropout,all_channels,5,0.3,0,22,7,0.5,0.4495073891625616,0.49122541493589844,0.49122511800831814,0.3.2,participant,,,,,,a5508b68efe858976affddc55ddec1d52be0d4e3724ba6ec227b70b4157f5ac0
BNCI2014-001,5,csp_lda,channel_dropout,all_channels,5,0.3,1,22,7,0.5,0.4495073891625615,0.4911115631400311,0.49110046296092214,0.3.2,participant,,,,,,a5508b68efe858976affddc55ddec1d52be0d4e3724ba6ec227b70b4157f5ac0
BNCI2014-001,5,csp_lda,channel_dropout,all_channels,5,0.3,2,22,7,0.5,0.458128078817734,0.49117360138562893,0.49117025718503504,0.3.2,participant,,,,,,a5508b68efe858976affddc55ddec1d52be0d4e3724ba6ec227b70b4157f5ac0
BNCI2014-001,5,csp_lda,channel_dropout,all_channels,5,0.3,3,22,7,0.5,0.4421182266009852,0.4912255390611093,0.49122528002806765,0.3.2,participant,,,,,,a5508b68efe858976affddc55ddec1d52be0d4e3724ba6ec227b70b4157f5ac0
BNCI2014-001,5,csp_lda,channel_dropout,all_channels,5,0.3,4,22,7,0.5,0.4642857142857143,0.48591662298061566,0.4853296857173013,0.3.2,participant,,,,,,a5508b68efe858976affddc55ddec1d52be0d4e3724ba6ec227b70b4157f5ac0
BNCI2014-001,5,csp_lda,channel_dropout,all_channels,5,0.3,5,22,7,0.5,0.397783251231527,0.48365846705439874,0.4823607443907305,0.3.2,participant,,,,,,a5508b68efe858976affddc55ddec1d52be0d4e3724ba6ec227b70b4157f5ac0
BNCI2014-001,5,csp_lda,channel_dropout,all_channels,5,0.3,6,22,7,0.5,0.4088669950738916,0.48127471393050925,0.47967634739297527,0.3.2,participant,,,,,,a5508b68efe858976affddc55ddec1d52be0d4e3724ba6ec227b70b4157f5ac0
BNCI2014-001,5,csp_lda,channel_dropout,all_channels,5,0.3,7,22,7,0.5,0.43965517241379315,0.49089899931850595,0.49086978049709573,0.3.2,participant,,,,,,a5508b68efe858976affddc55ddec1d52be0d4e3724ba6ec227b70b4157f5ac0
BNCI2014-001,5,csp_lda,channel_dropout,all_channels,5,0.3,8,22,7,0.5,0.4630541871921182,0.49120913478545497,0.4912077958264065,0.3.2,participant,,,,,,a5508b68efe858976affddc55ddec1d52be0d4e3724ba6ec227b70b4157f5ac0
BNCI2014-001,5,csp_lda,channel_dropout,all_channels,5,0.3,9,22,7,0.5,0.39532019704433496,0.48915494619768507,0.4888776735439381,0.3.2,participant,,,,,,a5508b68efe858976affddc55ddec1d52be0d4e3724ba6ec227b70b4157f5ac0
BNCI2014-001,5,csp_lda,channel_dropout,all_channels,5,0.5,0,22,11,0.5,0.397783251231527,0.4903377923721459,0.49017855831099066,0.3.2,participant,,,,,,a5508b68efe858976affddc55ddec1d52be0d4e3724ba6ec227b70b4157f5ac0
BNCI2014-001,5,csp_lda,channel_dropout,all_channels,5,0.5,1,22,11,0.5,0.4076354679802956,0.49115400524801084,0.49114100298877195,0.3.2,participant,,,,,,a5508b68efe858976affddc55ddec1d52be0d4e3724ba6ec227b70b4157f5ac0
BNCI2014-001,5,csp_lda,channel_dropout,all_channels,5,0.5,2,22,11,0.5,0.39655172413793105,0.491210417454115,0.49120705788611907,0.3.2,participant,,,,,,a5508b68efe858976affddc55ddec1d52be0d4e3724ba6ec227b70b4157f5ac0
BNCI2014-001,5,csp_lda,channel_dropout,all_channels,5,0.5,3,22,11,0.5,0.3657635467980296,0.4904738993582686,0.490350685821201,0.3.2,participant,,,,,,a5508b68efe858976affddc55ddec1d52be0d4e3724ba6ec227b70b4157f5ac0
BNCI2014-001,5,csp_lda,channel_dropout,all_channels,5,0.5,4,22,11,0.5,0.4421182266009852,0.4851002635379585,0.48457428549366344,0.3.2,participant,,,,,,a5508b68efe858976affddc55ddec1d52be0d4e3724ba6ec227b70b4157f5ac0
BNCI2014-001,5,csp_lda,channel_dropout,all_channels,5,0.5,5,22,11,0.5,0.46305418719211816,0.49034074801385596,0.4902408762977769,0.3.2,participant,,,,,,a5508b68efe858976affddc55ddec1d52be0d4e3724ba6ec227b70b4157f5ac0
BNCI2014-001,5,csp_lda,channel_dropout,all_channels,5,0.5,6,22,11,0.5,0.3805418719211823,0.4911852926439937,0.49117533913551426,0.3.2,participant,,,,,,a5508b68efe858976affddc55ddec1d52be0d4e3724ba6ec227b70b4157f5ac0
BNCI2014-001,5,csp_lda,channel_dropout,all_channels,5,0.5,7,22,11,0.5,0.43842364532019706,0.4912274227927315,0.49122735134687145,0.3.2,participant,,,,,,a5508b68efe858976affddc55ddec1d52be0d4e3724ba6ec227b70b4157f5ac0
BNCI2014-001,5,csp_lda,channel_dropout,all_channels,5,0.5,8,22,11,0.5,0.42118226600985226,0.4905029093636666,0.4903976004274053,0.3.2,participant,,,,,,a5508b68efe858976affddc55ddec1d52be0d4e3724ba6ec227b70b4157f5ac0
BNCI2014-001,5,csp_lda,channel_dropout,all_channels,5,0.5,9,22,11,0.5,0.4224137931034483,0.49122760509863794,0.4912275395194784,0.3.2,participant,,,,,,a5508b68efe858976affddc55ddec1d52be0d4e3724ba6ec227b70b4157f5ac0
BNCI2014-001,5,csp_lda,reduced_montage,motor_core,1,0.0,0,3,0,0.5344827586206896,0.5172413793103449,0.2576220526094075,0.07364286210417485,0.3.2,not_applicable,"C3,Cz,C4",,,,,a5508b68efe858976affddc55ddec1d52be0d4e3724ba6ec227b70b4157f5ac0
BNCI2014-001,5,csp_lda,reduced_montage,motor_core,2,0.0,0,3,0,0.5517241379310345,0.5505350772889418,0.24751119557819318,0.016832950052979793,0.3.2,not_applicable,"C3,Cz,C4",,,,,a5508b68efe858976affddc55ddec1d52be0d4e3724ba6ec227b70b4157f5ac0
BNCI2014-001,5,csp_lda,reduced_montage,motor_core,3,0.0,0,3,0,0.5862068965517242,0.5148632580261593,0.25924289070652007,0.1234333558769066,0.3.2,not_applicable,"C3,Cz,C4",,,,,a5508b68efe858976affddc55ddec1d52be0d4e3724ba6ec227b70b4157f5ac0
BNCI2014-001,5,csp_lda,reduced_montage,motor_core,4,0.0,0,3,0,0.5443349753694582,0.6502463054187192,0.23354026834170769,0.05443505669515868,0.3.2,not_applicable,"C3,Cz,C4",,,,,a5508b68efe858976affddc55ddec1d52be0d4e3724ba6ec227b70b4157f5ac0
BNCI2014-001,5,csp_lda,reduced_montage,motor_core,5,0.0,0,3,0,0.3866995073891626,0.33866995073891626,0.29336085240049486,0.2031652341931208,0.3.2,not_applicable,"C3,Cz,C4",,,,,a5508b68efe858976affddc55ddec1d52be0d4e3724ba6ec227b70b4157f5ac0
BNCI2014-001,5,csp_lda,reduced_montage,motor_extended,1,0.0,0,9,0,0.5,0.5065398335315101,0.29264666002752593,0.191212910751857,0.3.2,not_applicable,"FC3,FCz,FC4,C3,Cz,C4,CP3,CPz,CP4",,,,,a5508b68efe858976affddc55ddec1d52be0d4e3724ba6ec227b70b4157f5ac0
BNCI2014-001,5,csp_lda,reduced_montage,motor_extended,2,0.0,0,9,0,0.5,0.4684898929845422,0.2722109281123905,0.10220823613106927,0.3.2,not_applicable,"FC3,FCz,FC4,C3,Cz,C4,CP3,CPz,CP4",,,,,a5508b68efe858976affddc55ddec1d52be0d4e3724ba6ec227b70b4157f5ac0
BNCI2014-001,5,csp_lda,reduced_montage,motor_extended,3,0.0,0,9,0,0.4482758620689655,0.511296076099881,0.27520407352801945,0.2545474943572169,0.3.2,not_applicable,"FC3,FCz,FC4,C3,Cz,C4,CP3,CPz,CP4",,,,,a5508b68efe858976affddc55ddec1d52be0d4e3724ba6ec227b70b4157f5ac0
BNCI2014-001,5,csp_lda,reduced_montage,motor_extended,4,0.0,0,9,0,0.5086206896551724,0.5738916256157636,0.24899398013926724,0.15033293266354789,0.3.2,not_applicable,"FC3,FCz,FC4,C3,Cz,C4,CP3,CPz,CP4",,,,,a5508b68efe858976affddc55ddec1d52be0d4e3724ba6ec227b70b4157f5ac0
BNCI2014-001,5,csp_lda,reduced_montage,motor_extended,5,0.0,0,9,0,0.40332512315270935,0.33866995073891626,0.30291630278466586,0.21948850395057143,0.3.2,not_applicable,"FC3,FCz,FC4,C3,Cz,C4,CP3,CPz,CP4",,,,,a5508b68efe858976affddc55ddec1d52be0d4e3724ba6ec227b70b4157f5ac0
BNCI2014-001,5,csp_lda,region_dropout,all_channels,1,0.3181818181818182,0,22,7,0.5,0.5053507728894173,0.3721076041280227,0.33747824451678193,0.3.2,not_applicable,,left_motor_strip,"FC3,FC1,C5,C3,C1,CP3,CP1",,,a5508b68efe858976affddc55ddec1d52be0d4e3724ba6ec227b70b4157f5ac0
BNCI2014-001,5,csp_lda,region_dropout,all_channels,1,0.13636363636363635,0,22,3,0.5,0.48275862068965514,0.4999073712207526,0.49990017079522553,0.3.2,not_applicable,,midline_motor_strip,"FCz,Cz,CPz",,,a5508b68efe858976affddc55ddec1d52be0d4e3724ba6ec227b70b4157f5ac0
BNCI2014-001,5,csp_lda,region_dropout,all_channels,1,0.3181818181818182,0,22,7,0.5,0.41736028537455405,0.4811037913575879,0.47964163613859756,0.3.2,not_applicable,,right_motor_strip,"FC2,FC4,C2,C4,C6,CP2,CP4",,,a5508b68efe858976affddc55ddec1d52be0d4e3724ba6ec227b70b4157f5ac0
BNCI2014-001,5,csp_lda,region_dropout,all_channels,2,0.3181818181818182,0,22,7,0.5,0.5219976218787159,0.4988908895041284,0.49892480783587273,0.3.2,not_applicable,,left_motor_strip,"FC3,FC1,C5,C3,C1,CP3,CP1",,,a5508b68efe858976affddc55ddec1d52be0d4e3724ba6ec227b70b4157f5ac0
BNCI2014-001,5,csp_lda,region_dropout,all_channels,2,0.13636363636363635,0,22,3,0.5,0.5671819262782403,0.4857510494796938,0.48697459686586375,0.3.2,not_applicable,,midline_motor_strip,"FCz,Cz,CPz",,,a5508b68efe858976affddc55ddec1d52be0d4e3724ba6ec227b70b4157f5ac0
BNCI2014-001,5,csp_lda,region_dropout,all_channels,2,0.3181818181818182,0,22,7,0.5,0.4720570749108205,0.48763744060574926,0.4880536813148199,0.3.2,not_applicable,,right_motor_strip,"FC2,FC4,C2,C4,C6,CP2,CP4",,,a5508b68efe858976affddc55ddec1d52be0d4e3724ba6ec227b70b4157f5ac0
BNCI2014-001,5,csp_lda,region_dropout,all_channels,3,0.3181818181818182,0,22,7,0.5,0.5184304399524375,0.48580496084826114,0.4898274839338523,0.3.2,not_applicable,,left_motor_strip,"FC3,FC1,C5,C3,C1,CP3,CP1",,,a5508b68efe858976affddc55ddec1d52be0d4e3724ba6ec227b70b4157f5ac0
BNCI2014-001,5,csp_lda,region_dropout,all_channels,3,0.13636363636363635,0,22,3,0.5,0.41854934601664684,0.4999996476916788,0.4999993296114458,0.3.2,not_applicable,,midline_motor_strip,"FCz,Cz,CPz",,,a5508b68efe858976affddc55ddec1d52be0d4e3724ba6ec227b70b4157f5ac0
BNCI2014-001,5,csp_lda,region_dropout,all_channels,3,0.3181818181818182,0,22,7,0.5172413793103449,0.4756242568370987,0.3428917989250379,0.296412199297741,0.3.2,not_applicable,,right_motor_strip,"FC2,FC4,C2,C4,C6,CP2,CP4",,,a5508b68efe858976affddc55ddec1d52be0d4e3724ba6ec227b70b4157f5ac0
BNCI2014-001,5,csp_lda,region_dropout,all_channels,4,0.3181818181818182,0,22,7,0.5,0.5615763546798029,0.49020390613215264,0.4902115977298081,0.3.2,not_applicable,,left_motor_strip,"FC3,FC1,C5,C3,C1,CP3,CP1",,,a5508b68efe858976affddc55ddec1d52be0d4e3724ba6ec227b70b4157f5ac0
BNCI2014-001,5,csp_lda,region_dropout,all_channels,4,0.13636363636363635,0,22,3,0.5,0.5467980295566501,0.508771211453032,0.5087715145057946,0.3.2,not_applicable,,midline_motor_strip,"FCz,Cz,CPz",,,a5508b68efe858976affddc55ddec1d52be0d4e3724ba6ec227b70b4157f5ac0
BNCI2014-001,5,csp_lda,region_dropout,all_channels,4,0.3181818181818182,0,22,7,0.5,0.5357142857142857,0.5076303577968568,0.5078288336556153,0.3.2,not_applicable,,right_motor_strip,"FC2,FC4,C2,C4,C6,CP2,CP4",,,a5508b68efe858976affddc55ddec1d52be0d4e3724ba6ec227b70b4157f5ac0
BNCI2014-001,5,csp_lda,region_dropout,all_channels,5,0.3181818181818182,0,22,7,0.5,0.4655172413793104,0.4910126272323549,0.49099090212039764,0.3.2,not_applicable,,left_motor_strip,"FC3,FC1,C5,C3,C1,CP3,CP1",,,a5508b68efe858976affddc55ddec1d52be0d4e3724ba6ec227b70b4157f5ac0
BNCI2014-001,5,csp_lda,region_dropout,all_channels,5,0.13636363636363635,0,22,3,0.5,0.41625615763546797,0.47229632310161507,0.46921254508431054,0.3.2,not_applicable,,midline_motor_strip,"FCz,Cz,CPz",,,a5508b68efe858976affddc55ddec1d52be0d4e3724ba6ec227b70b4157f5ac0
BNCI2014-001,5,csp_lda,region_dropout,all_channels,5,0.3181818181818182,0,22,7,0.5,0.44211822660098515,0.4908244869456422,0.49077082924094084,0.3.2,not_applicable,,right_motor_strip,"FC2,FC4,C2,C4,C6,CP2,CP4",,,a5508b68efe858976affddc55ddec1d52be0d4e3724ba6ec227b70b4157f5ac0
BNCI2014-001,5,csp_lda,cross_session,all_channels,0,0.0,0,22,0,0.5486111111111112,0.6114969135802469,0.273867223787343,0.18760758607513003,0.3.2,not_applicable,,,,0train,1test,a5508b68efe858976affddc55ddec1d52be0d4e3724ba6ec227b70b4157f5ac0
BNCI2014-001,6,csp_lda,clean,all_channels,1,0.0,0,22,0,0.6551724137931034,0.7265160523186683,0.22689645252596655,0.14781886028025135,0.3.2,participant,,,,,,a5508b68efe858976affddc55ddec1d52be0d4e3724ba6ec227b70b4157f5ac0
BNCI2014-001,6,csp_lda,channel_dropout,all_channels,1,0.1,0,22,2,0.5,0.643281807372176,0.4561037497395151,0.464985745541465,0.3.2,participant,,,,,,a5508b68efe858976affddc55ddec1d52be0d4e3724ba6ec227b70b4157f5ac0
BNCI2014-001,6,csp_lda,channel_dropout,all_channels,1,0.1,1,22,2,0.5862068965517242,0.7098692033293699,0.30831403854242556,0.2988482322797597,0.3.2,participant,,,,,,a5508b68efe858976affddc55ddec1d52be0d4e3724ba6ec227b70b4157f5ac0
BNCI2014-001,6,csp_lda,channel_dropout,all_channels,1,0.1,2,22,2,0.5517241379310345,0.6730083234244946,0.3142563098251502,0.30014705741929215,0.3.2,participant,,,,,,a5508b68efe858976affddc55ddec1d52be0d4e3724ba6ec227b70b4157f5ac0
BNCI2014-001,6,csp_lda,channel_dropout,all_channels,1,0.1,3,22,2,0.4827586206896552,0.6527942925089179,0.39575480074026304,0.4065231123839208,0.3.2,participant,,,,,,a5508b68efe858976affddc55ddec1d52be0d4e3724ba6ec227b70b4157f5ac0
BNCI2014-001,6,csp_lda,channel_dropout,all_channels,1,0.1,4,22,2,0.5,0.6599286563614745,0.4034928578378746,0.41485894030085724,0.3.2,participant,,,,,,a5508b68efe858976affddc55ddec1d52be0d4e3724ba6ec227b70b4157f5ac0
BNCI2014-001,6,csp_lda,channel_dropout,all_channels,1,0.1,5,22,2,0.5,0.7336504161712247,0.49968434111841087,0.49981607933207106,0.3.2,participant,,,,,,a5508b68efe858976affddc55ddec1d52be0d4e3724ba6ec227b70b4157f5ac0
BNCI2014-001,6,csp_lda,channel_dropout,all_channels,1,0.1,6,22,2,0.5344827586206896,0.6492271105826397,0.31088103474676687,0.27915435745282935,0.3.2,participant,,,,,,a5508b68efe858976affddc55ddec1d52be0d4e3724ba6ec227b70b4157f5ac0
BNCI2014-001,6,csp_lda,channel_dropout,all_channels,1,0.1,7,22,2,0.5,0.6837098692033294,0.4761327042392989,0.48178698346244164,0.3.2,participant,,,,,,a5508b68efe858976affddc55ddec1d52be0d4e3724ba6ec227b70b4157f5ac0
BNCI2014-001,6,csp_lda,channel_dropout,all_channels,1,0.1,8,22,2,0.5,0.5695600475624257,0.4472462668785814,0.4543806253969523,0.3.2,participant,,,,,,a5508b68efe858976affddc55ddec1d52be0d4e3724ba6ec227b70b4157f5ac0
BNCI2014-001,6,csp_lda,channel_dropout,all_channels,1,0.1,9,22,2,0.5172413793103449,0.7253269916765755,0.39575102231197146,0.4156740886786042,0.3.2,participant,,,,,,a5508b68efe858976affddc55ddec1d52be0d4e3724ba6ec227b70b4157f5ac0
BNCI2014-001,6,csp_lda,channel_dropout,all_channels,1,0.2,0,22,4,0.5,0.6599286563614744,0.46324821601589977,0.4680011787925995,0.3.2,participant,,,,,,a5508b68efe858976affddc55ddec1d52be0d4e3724ba6ec227b70b4157f5ac0
BNCI2014-001,6,csp_lda,channel_dropout,all_channels,1,0.2,1,22,4,0.5,0.6099881093935791,0.3482541276466096,0.32645033952820957,0.3.2,participant,,,,,,a5508b68efe858976affddc55ddec1d52be0d4e3724ba6ec227b70b4157f5ac0
BNCI2014-001,6,csp_lda,channel_dropout,all_channels,1,0.2,2,22,4,0.5,0.6730083234244947,0.4991660961406157,0.49946509488557644,0.3.2,participant,,,,,,a5508b68efe858976affddc55ddec1d52be0d4e3724ba6ec227b70b4157f5ac0
BNCI2014-001,6,csp_lda,channel_dropout,all_channels,1,0.2,3,22,4,0.5,0.5885850178359096,0.4744747858036695,0.4809497789725347,0.3.2,participant,,,,,,a5508b68efe858976affddc55ddec1d52be0d4e3724ba6ec227b70b4157f5ac0
BNCI2014-001,6,csp_lda,channel_dropout,all_channels,1,0.2,4,22,4,0.5,0.5612366230677764,0.4993821609594278,0.49927749631121315,0.3.2,participant,,,,,,a5508b68efe858976affddc55ddec1d52be0d4e3724ba6ec227b70b4157f5ac0
BNCI2014-001,6,csp_lda,channel_dropout,all_channels,1,0.2,5,22,4,0.5,0.5243757431629014,0.48997162950195405,0.4918237284399112,0.3.2,participant,,,,,,a5508b68efe858976affddc55ddec1d52be0d4e3724ba6ec227b70b4157f5ac0
BNCI2014-001,6,csp_lda,channel_dropout,all_channels,1,0.2,6,22,4,0.5,0.5505350772889417,0.3213959757956993,0.2767982926538792,0.3.2,participant,,,,,,a5508b68efe858976affddc55ddec1d52be0d4e3724ba6ec227b70b4157f5ac0
BNCI2014-001,6,csp_lda,channel_dropout,all_channels,1,0.2,7,22,4,0.5172413793103449,0.5279429250891796,0.3653341073467407,0.33807896717190566,0.3.2,participant,,,,,,a5508b68efe858976affddc55ddec1d52be0d4e3724ba6ec227b70b4157f5ac0
BNCI2014-001,6,csp_lda,channel_dropout,all_channels,1,0.2,8,22,4,0.5,0.6765755053507729,0.41664996387746256,0.43457515042047823,0.3.2,participant,,,,,,a5508b68efe858976affddc55ddec1d52be0d4e3724ba6ec227b70b4157f5ac0
BNCI2014-001,6,csp_lda,channel_dropout,all_channels,1,0.2,9,22,4,0.5,0.4482758620689655,0.4927701559986406,0.4927688282664753,0.3.2,participant,,,,,,a5508b68efe858976affddc55ddec1d52be0d4e3724ba6ec227b70b4157f5ac0
BNCI2014-001,6,csp_lda,channel_dropout,all_channels,1,0.3,0,22,7,0.5,0.6325802615933414,0.4916773904914909,0.4925586043086805,0.3.2,participant,,,,,,a5508b68efe858976affddc55ddec1d52be0d4e3724ba6ec227b70b4157f5ac0
BNCI2014-001,6,csp_lda,channel_dropout,all_channels,1,0.3,1,22,7,0.5,0.4340071343638525,0.45083367291837956,0.44773481235676904,0.3.2,participant,,,,,,a5508b68efe858976affddc55ddec1d52be0d4e3724ba6ec227b70b4157f5ac0
BNCI2014-001,6,csp_lda,channel_dropout,all_channels,1,0.3,2,22,7,0.6206896551724138,0.6932223543400713,0.27372392970269316,0.2602869384089087,0.3.2,participant,,,,,,a5508b68efe858976affddc55ddec1d52be0d4e3724ba6ec227b70b4157f5ac0
BNCI2014-001,6,csp_lda,channel_dropout,all_channels,1,0.3,3,22,7,0.5,0.5600475624256837,0.4939991408908811,0.49566629466669854,0.3.2,participant,,,,,,a5508b68efe858976affddc55ddec1d52be0d4e3724ba6ec227b70b4157f5ac0
BNCI2014-001,6,csp_lda,channel_dropout,all_channels,1,0.3,4,22,7,0.5,0.39001189060642094,0.4494978238945138,0.4401401286204997,0.3.2,participant,,,,,,a5508b68efe858976affddc55ddec1d52be0d4e3724ba6ec227b70b4157f5ac0
BNCI2014-001,6,csp_lda,channel_dropout,all_channels,1,0.3,5,22,7,0.5,0.5755053507728893,0.49919878595112765,0.49939904830244486,0.3.2,participant,,,,,,a5508b68efe858976affddc55ddec1d52be0d4e3724ba6ec227b70b4157f5ac0
BNCI2014-001,6,csp_lda,channel_dropout,all_channels,1,0.3,6,22,7,0.5,0.6456599286563616,0.46635652906287545,0.47200115440700324,0.3.2,participant,,,,,,a5508b68efe858976affddc55ddec1d52be0d4e3724ba6ec227b70b4157f5ac0
BNCI2014-001,6,csp_lda,channel_dropout,all_channels,1,0.3,7,22,7,0.5,0.5862068965517242,0.4430280240272832,0.44856009255428875,0.3.2,participant,,,,,,a5508b68efe858976affddc55ddec1d52be0d4e3724ba6ec227b70b4157f5ac0
BNCI2014-001,6,csp_lda,channel_dropout,all_channels,1,0.3,8,22,7,0.5,0.4887039239001189,0.4296724322729599,0.41946768122130096,0.3.2,participant,,,,,,a5508b68efe858976affddc55ddec1d52be0d4e3724ba6ec227b70b4157f5ac0
BNCI2014-001,6,csp_lda,channel_dropout,all_channels,1,0.3,9,22,7,0.5,0.6718192627824019,0.3716580103302086,0.38630190439873224,0.3.2,participant,,,,,,a5508b68efe858976affddc55ddec1d52be0d4e3724ba6ec227b70b4157f5ac0
BNCI2014-001,6,csp_lda,channel_dropout,all_channels,1,0.5,0,22,11,0.5344827586206896,0.619500594530321,0.2950419880439428,0.23706074527598714,0.3.2,participant,,,,,,a5508b68efe858976affddc55ddec1d52be0d4e3724ba6ec227b70b4157f5ac0
BNCI2014-001,6,csp_lda,channel_dropout,all_channels,1,0.5,1,22,11,0.5172413793103449,0.6123662306777645,0.38898418066318863,0.38500513828022476,0.3.2,participant,,,,,,a5508b68efe858976affddc55ddec1d52be0d4e3724ba6ec227b70b4157f5ac0
BNCI2014-001,6,csp_lda,channel_dropout,all_channels,1,0.5,2,22,11,0.5,0.5933412604042807,0.4970763700323623,0.49750686638065833,0.3.2,participant,,,,,,a5508b68efe858976affddc55ddec1d52be0d4e3724ba6ec227b70b4157f5ac0
BNCI2014-001,6,csp_lda,channel_dropout,all_channels,1,0.5,3,22,11,0.5,0.6230677764565993,0.47677154183396814,0.48211676899395606,0.3.2,participant,,,,,,a5508b68efe858976affddc55ddec1d52be0d4e3724ba6ec227b70b4157f5ac0
BNCI2014-001,6,csp_lda,channel_dropout,all_channels,1,0.5,4,22,11,0.5,0.5422116527942925,0.4875234823708754,0.4894621101306149,0.3.2,participant,,,,,,a5508b68efe858976affddc55ddec1d52be0d4e3724ba6ec227b70b4157f5ac0
BNCI2014-001,6,csp_lda,channel_dropout,all_channels,1,0.5,5,22,11,0.5,0.5041617122473245,0.4996758781596302,0.4997062924057447,0.3.2,participant,,,,,,a5508b68efe858976affddc55ddec1d52be0d4e3724ba6ec227b70b4157f5ac0
BNCI2014-001,6,csp_lda,channel_dropout,all_channels,1,0.5,6,22,11,0.6206896551724138,0.6539833531510107,0.24045250565029294,0.1356228351034838,0.3.2,participant,,,,,,a5508b68efe858976affddc55ddec1d52be0d4e3724ba6ec227b70b4157f5ac0
BNCI2014-001,6,csp_lda,channel_dropout,all_channels,1,0.5,7,22,11,0.5,0.5148632580261594,0.49963398706737405,0.49965928481662214,0.3.2,participant,,,,,,a5508b68efe858976affddc55ddec1d52be0d4e3724ba6ec227b70b4157f5ac0
BNCI2014-001,6,csp_lda,channel_dropout,all_channels,1,0.5,8,22,11,0.5,0.520808561236623,0.4929044555256722,0.4930711910041051,0.3.2,participant,,,,,,a5508b68efe858976affddc55ddec1d52be0d4e3724ba6ec227b70b4157f5ac0
BNCI2014-001,6,csp_lda,channel_dropout,all_channels,1,0.5,9,22,11,0.5172413793103449,0.741973840665874,0.2831700640900493,0.27674522451379874,0.3.2,participant,,,,,,a5508b68efe858976affddc55ddec1d52be0d4e3724ba6ec227b70b4157f5ac0
BNCI2014-001,6,csp_lda,clean,all_channels,2,0.0,0,22,0,0.7586206896551724,0.8026159334126041,0.18189181541399274,0.12947951991177836,0.3.2,participant,,,,,,a5508b68efe858976affddc55ddec1d52be0d4e3724ba6ec227b70b4157f5ac0
BNCI2014-001,6,csp_lda,channel_dropout,all_channels,2,0.1,0,22,2,0.5689655172413793,0.6634958382877527,0.3158881160330227,0.32527258962535743,0.3.2,participant,,,,,,a5508b68efe858976affddc55ddec1d52be0d4e3724ba6ec227b70b4157f5ac0
BNCI2014-001,6,csp_lda,channel_dropout,all_channels,2,0.1,1,22,2,0.5,0.7621878715814506,0.4993708791230262,0.49962114585914685,0.3.2,participant,,,,,,a5508b68efe858976affddc55ddec1d52be0d4e3724ba6ec227b70b4157f5ac0
BNCI2014-001,6,csp_lda,channel_dropout,all_channels,2,0.1,2,22,2,0.5,0.5279429250891796,0.49999520761016786,0.49999598676616563,0.3.2,participant,,,,,,a5508b68efe858976affddc55ddec1d52be0d4e3724ba6ec227b70b4157f5ac0
BNCI2014-001,6,csp_lda,channel_dropout,all_channels,2,0.1,3,22,2,0.5,0.7003567181926278,0.4983297139645384,0.49857327971975407,0.3.2,participant,,,,,,a5508b68efe858976affddc55ddec1d52be0d4e3724ba6ec227b70b4157f5ac0
BNCI2014-001,6,csp_lda,channel_dropout,all_channels,2,0.1,4,22,2,0.5,0.7621878715814506,0.42472709779677803,0.45072600474779023,0.3.2,participant,,,,,,a5508b68efe858976affddc55ddec1d52be0d4e3724ba6ec227b70b4157f5ac0
BNCI2014-001,6,csp_lda,channel_dropout,all_channels,2,0.1,5,22,2,0.5,0.605231866825208,0.49908755093038354,0.4993005888830522,0.3.2,participant,,,,,,a5508b68efe858976affddc55ddec1d52be0d4e3724ba6ec227b70b4157f5ac0
BNCI2014-001,6,csp_lda,channel_dropout,all_channels,2,0.1,6,22,2,0.5,0.6492271105826396,0.4924164949237108,0.4921695492295824,0.3.2,participant,,,,,,a5508b68efe858976affddc55ddec1d52be0d4e3724ba6ec227b70b4157f5ac0
BNCI2014-001,6,csp_lda,channel_dropout,all_channels,2,0.1,7,22,2,0.4827586206896552,0.6634958382877526,0.42790805537891524,0.4474678609764765,0.3.2,participant,,,,,,a5508b68efe858976affddc55ddec1d52be0d4e3724ba6ec227b70b4157f5ac0
BNCI2014-001,6,csp_lda,channel_dropout,all_channels,2,0.1,8,22,2,0.5,0.6682520808561236,0.4997652522814318,0.49984973492779183,0.3.2,participant,,,,,,a5508b68efe858976affddc55ddec1d52be0d4e3724ba6ec227b70b4157f5ac0
BNCI2014-001,6,csp_lda,channel_dropout,all_channels,2,0.1,9,22,2,0.5172413793103449,0.7015457788347206,0.36383637238616584,0.3873365233769489,0.3.2,participant,,,,,,a5508b68efe858976affddc55ddec1d52be0d4e3724ba6ec227b70b4157f5ac0
BNCI2014-001,6,csp_lda,channel_dropout,all_channels,2,0.2,0,22,4,0.5,0.5755053507728894,0.416916771161211,0.43052233509527577,0.3.2,participant,,,,,,a5508b68efe858976affddc55ddec1d52be0d4e3724ba6ec227b70b4157f5ac0
BNCI2014-001,6,csp_lda,channel_dropout,all_channels,2,0.2,1,22,4,0.5862068965517242,0.6587395957193817,0.25012520004013483,0.22166011396862412,0.3.2,participant,,,,,,a5508b68efe858976affddc55ddec1d52be0d4e3724ba6ec227b70b4157f5ac0
BNCI2014-001,6,csp_lda,channel_dropout,all_channels,2,0.2,2,22,4,0.5,0.6135552913198572,0.4041099448043398,0.4007210829961599,0.3.2,participant,,,,,,a5508b68efe858976affddc55ddec1d52be0d4e3724ba6ec227b70b4157f5ac0
BNCI2014-001,6,csp_lda,channel_dropout,all_channels,2,0.2,3,22,4,0.5344827586206897,0.5862068965517241,0.3079784847543354,0.271833166546668,0.3.2,participant,,,,,,a5508b68efe858976affddc55ddec1d52be0d4e3724ba6ec227b70b4157f5ac0
BNCI2014-001,6,csp_lda,channel_dropout,all_channels,2,0.2,4,22,4,0.5,0.6730083234244947,0.499875013092206,0.4998950385784839,0.3.2,participant,,,,,,a5508b68efe858976affddc55ddec1d52be0d4e3724ba6ec227b70b4157f5ac0
BNCI2014-001,6,csp_lda,channel_dropout,all_channels,2,0.2,5,22,4,0.5,0.5160523186682521,0.46314965546471315,0.45553270361629844,0.3.2,participant,,,,,,a5508b68efe858976affddc55ddec1d52be0d4e3724ba6ec227b70b4157f5ac0
BNCI2014-001,6,csp_lda,channel_dropout,all_channels,2,0.2,6,22,4,0.5,0.6587395957193817,0.4622926879480781,0.47290898643101686,0.3.2,participant,,,,,,a5508b68efe858976affddc55ddec1d52be0d4e3724ba6ec227b70b4157f5ac0
BNCI2014-001,6,csp_lda,channel_dropout,all_channels,2,0.2,7,22,4,0.5,0.7681331747919143,0.4997435541548547,0.49985766006907073,0.3.2,participant,,,,,,a5508b68efe858976affddc55ddec1d52be0d4e3724ba6ec227b70b4157f5ac0
BNCI2014-001,6,csp_lda,channel_dropout,all_channels,2,0.2,8,22,4,0.5172413793103449,0.7063020214030916,0.28841694382620975,0.24181105410069825,0.3.2,participant,,,,,,a5508b68efe858976affddc55ddec1d52be0d4e3724ba6ec227b70b4157f5ac0
BNCI2014-001,6,csp_lda,channel_dropout,all_channels,2,0.2,9,22,4,0.5,0.6860879904875148,0.3278153944230732,0.3331197404168264,0.3.2,participant,,,,,,a5508b68efe858976affddc55ddec1d52be0d4e3724ba6ec227b70b4157f5ac0
BNCI2014-001,6,csp_lda,channel_dropout,all_channels,2,0.3,0,22,7,0.5,0.55410225921522,0.31923006686599237,0.2599445595038722,0.3.2,participant,,,,,,a5508b68efe858976affddc55ddec1d52be0d4e3724ba6ec227b70b4157f5ac0
BNCI2014-001,6,csp_lda,channel_dropout,all_channels,2,0.3,1,22,7,0.5,0.558858501783591,0.4999900976871397,0.4999903602462028,0.3.2,participant,,,,,,a5508b68efe858976affddc55ddec1d52be0d4e3724ba6ec227b70b4157f5ac0
BNCI2014-001,6,csp_lda,channel_dropout,all_channels,2,0.3,2,22,7,0.5517241379310345,0.6753864447086801,0.29981980147515463,0.2588168180567307,0.3.2,participant,,,,,,a5508b68efe858976affddc55ddec1d52be0d4e3724ba6ec227b70b4157f5ac0
BNCI2014-001,6,csp_lda,channel_dropout,all_channels,2,0.3,3,22,7,0.5,0.5980975029726516,0.4999998592876141,0.49999990063054645,0.3.2,participant,,,,,,a5508b68efe858976affddc55ddec1d52be0d4e3724ba6ec227b70b4157f5ac0
BNCI2014-001,6,csp_lda,channel_dropout,all_channels,2,0.3,4,22,7,0.5,0.6076099881093936,0.46487464063274975,0.47575912667536285,0.3.2,participant,,,,,,a5508b68efe858976affddc55ddec1d52be0d4e3724ba6ec227b70b4157f5ac0
BNCI2014-001,6,csp_lda,channel_dropout,all_channels,2,0.3,5,22,7,0.5,0.6908442330558858,0.49999931188203556,0.4999995448948319,0.3.2,participant,,,,,,a5508b68efe858976affddc55ddec1d52be0d4e3724ba6ec227b70b4157f5ac0
BNCI2014-001,6,csp_lda,channel_dropout,all_channels,2,0.3,6,22,7,0.5,0.6920332936979786,0.48623225980690227,0.4916569320987407,0.3.2,participant,,,,,,a5508b68efe858976affddc55ddec1d52be0d4e3724ba6ec227b70b4157f5ac0
BNCI2014-001,6,csp_lda,channel_dropout,all_channels,2,0.3,7,22,7,0.5,0.5410225921521997,0.4751707741154471,0.47607091256966005,0.3.2,participant,,,,,,a5508b68efe858976affddc55ddec1d52be0d4e3724ba6ec227b70b4157f5ac0
BNCI2014-001,6,csp_lda,channel_dropout,all_channels,2,0.3,8,22,7,0.5,0.5897740784780023,0.49999587066882073,0.49999684424821234,0.3.2,participant,,,,,,a5508b68efe858976affddc55ddec1d52be0d4e3724ba6ec227b70b4157f5ac0
BNCI2014-001,6,csp_lda,channel_dropout,all_channels,2,0.3,9,22,7,0.5,0.6218787158145066,0.4999997181780872,0.4999998276158082,0.3.2,participant,,,,,,a5508b68efe858976affddc55ddec1d52be0d4e3724ba6ec227b70b4157f5ac0
BNCI2014-001,6,csp_lda,channel_dropout,all_channels,2,0.5,0,22,11,0.5,0.6563614744351962,0.4950280625902587,0.49585528723025785,0.3.2,participant,,,,,,a5508b68efe858976affddc55ddec1d52be0d4e3724ba6ec227b70b4157f5ac0
BNCI2014-001,6,csp_lda,channel_dropout,all_channels,2,0.5,1,22,11,0.5,0.544589774078478,0.4940795375180764,0.4948305277859426,0.3.2,participant,,,,,,a5508b68efe858976affddc55ddec1d52be0d4e3724ba6ec227b70b4157f5ac0
BNCI2014-001,6,csp_lda,channel_dropout,all_channels,2,0.5,2,22,11,0.5,0.6480380499405469,0.49987259359199104,0.4998938001611076,0.3.2,participant,,,,,,a5508b68efe858976affddc55ddec1d52be0d4e3724ba6ec227b70b4157f5ac0
BNCI2014-001,6,csp_lda,channel_dropout,all_channels,2,0.5,3,22,11,0.5,0.5778834720570749,0.49399869819207953,0.49521564611837965,0.3.2,participant,,,,,,a5508b68efe858976affddc55ddec1d52be0d4e3724ba6ec227b70b4157f5ac0
BNCI2014-001,6,csp_lda,channel_dropout,all_channels,2,0.5,4,22,11,0.5,0.4732461355529132,0.4999030781295388,0.4999173195432476,0.3.2,participant,,,,,,a5508b68efe858976affddc55ddec1d52be0d4e3724ba6ec227b70b4157f5ac0
BNCI2014-001,6,csp_lda,channel_dropout,all_channels,2,0.5,5,22,11,0.5,0.4827586206896552,0.44468127066694957,0.43739949872536815,0.3.2,participant,,,,,,a5508b68efe858976affddc55ddec1d52be0d4e3724ba6ec227b70b4157f5ac0
BNCI2014-001,6,csp_lda,channel_dropout,all_channels,2,0.5,6,22,11,0.5,0.6516052318668252,0.43008978466974274,0.43430754597358007,0.3.2,participant,,,,,,a5508b68efe858976affddc55ddec1d52be0d4e3724ba6ec227b70b4157f5ac0
BNCI2014-001,6,csp_lda,channel_dropout,all_channels,2,0.5,7,22,11,0.5344827586206897,0.6123662306777646,0.29878035183812657,0.23606862705667486,0.3.2,participant,,,,,,a5508b68efe858976affddc55ddec1d52be0d4e3724ba6ec227b70b4157f5ac0
BNCI2014-001,6,csp_lda,channel_dropout,all_channels,2,0.5,8,22,11,0.5,0.605231866825208,0.4876121225574676,0.48808620386308144,0.3.2,participant,,,,,,a5508b68efe858976affddc55ddec1d52be0d4e3724ba6ec227b70b4157f5ac0
BNCI2014-001,6,csp_lda,channel_dropout,all_channels,2,0.5,9,22,11,0.5,0.5707491082045184,0.49288140766217753,0.49635341391914173,0.3.2,participant,,,,,,a5508b68efe858976affddc55ddec1d52be0d4e3724ba6ec227b70b4157f5ac0
BNCI2014-001,6,csp_lda,clean,all_channels,3,0.0,0,22,0,0.7413793103448276,0.8335315101070154,0.15952403236741425,0.15005939094095036,0.3.2,participant,,,,,,a5508b68efe858976affddc55ddec1d52be0d4e3724ba6ec227b70b4157f5ac0
BNCI2014-001,6,csp_lda,channel_dropout,all_channels,3,0.1,0,22,2,0.5,0.5362663495838288,0.4946696633459779,0.4951397054954858,0.3.2,participant,,,,,,a5508b68efe858976affddc55ddec1d52be0d4e3724ba6ec227b70b4157f5ac0
BNCI2014-001,6,csp_lda,channel_dropout,all_channels,3,0.1,1,22,2,0.6206896551724138,0.7586206896551725,0.19501996809368616,0.1738576012041121,0.3.2,participant,,,,,,a5508b68efe858976affddc55ddec1d52be0d4e3724ba6ec227b70b4157f5ac0
BNCI2014-001,6,csp_lda,channel_dropout,all_channels,3,0.1,2,22,2,0.5344827586206896,0.6611177170035671,0.3696272319531746,0.37676318078298077,0.3.2,participant,,,,,,a5508b68efe858976affddc55ddec1d52be0d4e3724ba6ec227b70b4157f5ac0
BNCI2014-001,6,csp_lda,channel_dropout,all_channels,3,0.1,3,22,2,0.5172413793103449,0.741973840665874,0.2759878423856947,0.2738381287135568,0.3.2,participant,,,,,,a5508b68efe858976affddc55ddec1d52be0d4e3724ba6ec227b70b4157f5ac0
BNCI2014-001,6,csp_lda,channel_dropout,all_channels,3,0.1,4,22,2,0.5,0.652794292508918,0.49502390797592166,0.4954608834480949,0.3.2,participant,,,,,,a5508b68efe858976affddc55ddec1d52be0d4e3724ba6ec227b70b4157f5ac0
BNCI2014-001,6,csp_lda,channel_dropout,all_channels,3,0.1,5,22,2,0.5,0.6837098692033294,0.4999935451818493,0.49999540292594136,0.3.2,participant,,,,,,a5508b68efe858976affddc55ddec1d52be0d4e3724ba6ec227b70b4157f5ac0
BNCI2014-001,6,csp_lda,channel_dropout,all_channels,3,0.1,6,22,2,0.5172413793103449,0.7419738406658739,0.34375237730942443,0.3466950965117842,0.3.2,participant,,,,,,a5508b68efe858976affddc55ddec1d52be0d4e3724ba6ec227b70b4157f5ac0
BNCI2014-001,6,csp_lda,channel_dropout,all_channels,3,0.1,7,22,2,0.5,0.5992865636147442,0.45616920834754354,0.46260351048278087,0.3.2,participant,,,,,,a5508b68efe858976affddc55ddec1d52be0d4e3724ba6ec227b70b4157f5ac0
BNCI2014-001,6,csp_lda,channel_dropout,all_channels,3,0.1,8,22,2,0.5344827586206897,0.629013079667063,0.25132101618145747,0.2118595676649617,0.3.2,participant,,,,,,a5508b68efe858976affddc55ddec1d52be0d4e3724ba6ec227b70b4157f5ac0
BNCI2014-001,6,csp_lda,channel_dropout,all_channels,3,0.1,9,22,2,0.5,0.7800237812128418,0.49174585033012813,0.49494950218124845,0.3.2,participant,,,,,,a5508b68efe858976affddc55ddec1d52be0d4e3724ba6ec227b70b4157f5ac0
BNCI2014-001,6,csp_lda,channel_dropout,all_channels,3,0.2,0,22,4,0.5,0.5219976218787159,0.49000347394024,0.4911309792551542,0.3.2,participant,,,,,,a5508b68efe858976affddc55ddec1d52be0d4e3724ba6ec227b70b4157f5ac0
BNCI2014-001,6,csp_lda,channel_dropout,all_channels,3,0.2,1,22,4,0.5,0.6920332936979786,0.4999586354047436,0.4999718339676147,0.3.2,participant,,,,,,a5508b68efe858976affddc55ddec1d52be0d4e3724ba6ec227b70b4157f5ac0
BNCI2014-001,6,csp_lda,channel_dropout,all_channels,3,0.2,2,22,4,0.5517241379310345,0.8156956004756242,0.322124766324955,0.35095090220354774,0.3.2,participant,,,,,,a5508b68efe858976affddc55ddec1d52be0d4e3724ba6ec227b70b4157f5ac0
BNCI2014-001,6,csp_lda,channel_dropout,all_channels,3,0.2,3,22,4,0.5,0.5422116527942925,0.49937971732219366,0.49945416699264694,0.3.2,participant,,,,,,a5508b68efe858976affddc55ddec1d52be0d4e3724ba6ec227b70b4157f5ac0
BNCI2014-001,6,csp_lda,channel_dropout,all_channels,3,0.2,4,22,4,0.4482758620689655,0.5089179548156957,0.28736069006159776,0.22995218276778998,0.3.2,participant,,,,,,a5508b68efe858976affddc55ddec1d52be0d4e3724ba6ec227b70b4157f5ac0
BNCI2014-001,6,csp_lda,channel_dropout,all_channels,3,0.2,5,22,4,0.5862068965517241,0.7205707491082045,0.27351262091531486,0.2480975494324547,0.3.2,participant,,,,,,a5508b68efe858976affddc55ddec1d52be0d4e3724ba6ec227b70b4157f5ac0
BNCI2014-001,6,csp_lda,channel_dropout,all_channels,3,0.2,6,22,4,0.5172413793103449,0.6087990487514864,0.3656729972526395,0.3540969536431193,0.3.2,participant,,,,,,a5508b68efe858976affddc55ddec1d52be0d4e3724ba6ec227b70b4157f5ac0
BNCI2014-001,6,csp_lda,channel_dropout,all_channels,3,0.2,7,22,4,0.5862068965517242,0.6313912009512486,0.26337210964641533,0.17081054762385722,0.3.2,participant,,,,,,a5508b68efe858976affddc55ddec1d52be0d4e3724ba6ec227b70b4157f5ac0
BNCI2014-001,6,csp_lda,channel_dropout,all_channels,3,0.2,8,22,4,0.5,0.7657550535077289,0.4437913510856707,0.4601601385827532,0.3.2,participant,,,,,,a5508b68efe858976affddc55ddec1d52be0d4e3724ba6ec227b70b4157f5ac0
BNCI2014-001,6,csp_lda,channel_dropout,all_channels,3,0.2,9,22,4,0.5,0.6373365041617123,0.4996634307422236,0.49972766482606057,0.3.2,participant,,,,,,a5508b68efe858976affddc55ddec1d52be0d4e3724ba6ec227b70b4157f5ac0
BNCI2014-001,6,csp_lda,channel_dropout,all_channels,3,0.3,0,22,7,0.5,0.5743162901307967,0.4926164742540424,0.4944232937726054,0.3.2,participant,,,,,,a5508b68efe858976affddc55ddec1d52be0d4e3724ba6ec227b70b4157f5ac0
BNCI2014-001,6,csp_lda,channel_dropout,all_channels,3,0.3,1,22,7,0.5,0.6123662306777645,0.47106738298555706,0.4752663888843279,0.3.2,participant,,,,,,a5508b68efe858976affddc55ddec1d52be0d4e3724ba6ec227b70b4157f5ac0
BNCI2014-001,6,csp_lda,channel_dropout,all_channels,3,0.3,2,22,7,0.603448275862069,0.6587395957193817,0.27596887997898656,0.2208811938887231,0.3.2,participant,,,,,,a5508b68efe858976affddc55ddec1d52be0d4e3724ba6ec227b70b4157f5ac0
BNCI2014-001,6,csp_lda,channel_dropout,all_channels,3,0.3,3,22,7,0.5,0.6361474435196194,0.3341619523787523,0.30609005604585626,0.3.2,participant,,,,,,a5508b68efe858976affddc55ddec1d52be0d4e3724ba6ec227b70b4157f5ac0
BNCI2014-001,6,csp_lda,channel_dropout,all_channels,3,0.3,4,22,7,0.5,0.6290130796670631,0.45773988985677316,0.4605200583403166,0.3.2,participant,,,,,,a5508b68efe858976affddc55ddec1d52be0d4e3724ba6ec227b70b4157f5ac0
BNCI2014-001,6,csp_lda,channel_dropout,all_channels,3,0.3,5,22,7,0.5172413793103449,0.7693222354340071,0.36933498629762573,0.3949293515662213,0.3.2,participant,,,,,,a5508b68efe858976affddc55ddec1d52be0d4e3724ba6ec227b70b4157f5ac0
BNCI2014-001,6,csp_lda,channel_dropout,all_channels,3,0.3,6,22,7,0.5,0.6218787158145065,0.49990284671768476,0.49991045709664383,0.3.2,participant,,,,,,a5508b68efe858976affddc55ddec1d52be0d4e3724ba6ec227b70b4157f5ac0
BNCI2014-001,6,csp_lda,channel_dropout,all_channels,3,0.3,7,22,7,0.46551724137931033,0.4791914387633769,0.28545798409629247,0.18474555604145887,0.3.2,participant,,,,,,a5508b68efe858976affddc55ddec1d52be0d4e3724ba6ec227b70b4157f5ac0
BNCI2014-001,6,csp_lda,channel_dropout,all_channels,3,0.3,8,22,7,0.5,0.4720570749108205,0.49886461791670333,0.49890031194457685,0.3.2,participant,,,,,,a5508b68efe858976affddc55ddec1d52be0d4e3724ba6ec227b70b4157f5ac0
BNCI2014-001,6,csp_lda,channel_dropout,all_channels,3,0.3,9,22,7,0.5,0.5267538644470867,0.47169542250408597,0.48479329011531125,0.3.2,participant,,,,,,a5508b68efe858976affddc55ddec1d52be0d4e3724ba6ec227b70b4157f5ac0
BNCI2014-001,6,csp_lda,channel_dropout,all_channels,3,0.5,0,22,11,0.5172413793103449,0.573127229488704,0.3164347162082785,0.27726269626842265,0.3.2,participant,,,,,,a5508b68efe858976affddc55ddec1d52be0d4e3724ba6ec227b70b4157f5ac0
BNCI2014-001,6,csp_lda,channel_dropout,all_channels,3,0.5,1,22,11,0.5,0.5873959571938169,0.48462559480910744,0.48804743634805303,0.3.2,participant,,,,,,a5508b68efe858976affddc55ddec1d52be0d4e3724ba6ec227b70b4157f5ac0
BNCI2014-001,6,csp_lda,channel_dropout,all_channels,3,0.5,2,22,11,0.41379310344827586,0.4946492271105827,0.28606859805457197,0.23837615584388283,0.3.2,participant,,,,,,a5508b68efe858976affddc55ddec1d52be0d4e3724ba6ec227b70b4157f5ac0
BNCI2014-001,6,csp_lda,channel_dropout,all_channels,3,0.5,3,22,11,0.5172413793103449,0.6266349583828775,0.30557391845285037,0.2613027258716593,0.3.2,participant,,,,,,a5508b68efe858976affddc55ddec1d52be0d4e3724ba6ec227b70b4157f5ac0
BNCI2014-001,6,csp_lda,channel_dropout,all_channels,3,0.5,4,22,11,0.5,0.46016646848989295,0.4988660835967177,0.4989327534601923,0.3.2,participant,,,,,,a5508b68efe858976affddc55ddec1d52be0d4e3724ba6ec227b70b4157f5ac0
BNCI2014-001,6,csp_lda,channel_dropout,all_channels,3,0.5,5,22,11,0.5,0.4411414982164091,0.4996599666781193,0.49960213191482217,0.3.2,participant,,,,,,a5508b68efe858976affddc55ddec1d52be0d4e3724ba6ec227b70b4157f5ac0
BNCI2014-001,6,csp_lda,channel_dropout,all_channels,3,0.5,6,22,11,0.5,0.6730083234244947,0.49969173804772615,0.49973771684633117,0.3.2,participant,,,,,,a5508b68efe858976affddc55ddec1d52be0d4e3724ba6ec227b70b4157f5ac0
BNCI2014-001,6,csp_lda,channel_dropout,all_channels,3,0.5,7,22,11,0.5,0.37217598097502974,0.4686392015192523,0.4591851697239597,0.3.2,participant,,,,,,a5508b68efe858976affddc55ddec1d52be0d4e3724ba6ec227b70b4157f5ac0
BNCI2014-001,6,csp_lda,channel_dropout,all_channels,3,0.5,8,22,11,0.5862068965517242,0.5897740784780023,0.26218615681333274,0.21652500533173855,0.3.2,participant,,,,,,a5508b68efe858976affddc55ddec1d52be0d4e3724ba6ec227b70b4157f5ac0
BNCI2014-001,6,csp_lda,channel_dropout,all_channels,3,0.5,9,22,11,0.5,0.582639714625446,0.37546681451752656,0.3577146576777388,0.3.2,participant,,,,,,a5508b68efe858976affddc55ddec1d52be0d4e3724ba6ec227b70b4157f5ac0
BNCI2014-001,6,csp_lda,clean,all_channels,4,0.0,0,22,0,0.7173645320197044,0.8374384236453202,0.16208347869458445,0.14218309582522404,0.3.2,participant,,,,,,a5508b68efe858976affddc55ddec1d52be0d4e3724ba6ec227b70b4157f5ac0
BNCI2014-001,6,csp_lda,channel_dropout,all_channels,4,0.1,0,22,2,0.5,0.6342364532019704,0.489608086433819,0.4901028272312459,0.3.2,participant,,,,,,a5508b68efe858976affddc55ddec1d52be0d4e3724ba6ec227b70b4157f5ac0
BNCI2014-001,6,csp_lda,channel_dropout,all_channels,4,0.1,1,22,2,0.5,0.7216748768472906,0.48878991343607064,0.4897071753336357,0.3.2,participant,,,,,,a5508b68efe858976affddc55ddec1d52be0d4e3724ba6ec227b70b4157f5ac0
BNCI2014-001,6,csp_lda,channel_dropout,all_channels,4,0.1,2,22,2,0.5,0.6231527093596059,0.4795381481908347,0.487043376818106,0.3.2,participant,,,,,,a5508b68efe858976affddc55ddec1d52be0d4e3724ba6ec227b70b4157f5ac0
BNCI2014-001,6,csp_lda,channel_dropout,all_channels,4,0.1,3,22,2,0.5,0.7327586206896551,0.49094278285124615,0.49107588185280737,0.3.2,participant,,,,,,a5508b68efe858976affddc55ddec1d52be0d4e3724ba6ec227b70b4157f5ac0
BNCI2014-001,6,csp_lda,channel_dropout,all_channels,4,0.1,4,22,2,0.5,0.7105911330049262,0.48589122490968134,0.4880658630066469,0.3.2,participant,,,,,,a5508b68efe858976affddc55ddec1d52be0d4e3724ba6ec227b70b4157f5ac0
BNCI2014-001,6,csp_lda,channel_dropout,all_channels,4,0.1,5,22,2,0.5,0.6711822660098522,0.49026309917583194,0.49051834503523406,0.3.2,participant,,,,,,a5508b68efe858976affddc55ddec1d52be0d4e3724ba6ec227b70b4157f5ac0
BNCI2014-001,6,csp_lda,channel_dropout,all_channels,4,0.1,6,22,2,0.5905172413793103,0.6921182266009852,0.2623416794616751,0.19043382096207132,0.3.2,participant,,,,,,a5508b68efe858976affddc55ddec1d52be0d4e3724ba6ec227b70b4157f5ac0
BNCI2014-001,6,csp_lda,channel_dropout,all_channels,4,0.1,7,22,2,0.5,0.6711822660098522,0.4902258198421085,0.49057870520357305,0.3.2,participant,,,,,,a5508b68efe858976affddc55ddec1d52be0d4e3724ba6ec227b70b4157f5ac0
BNCI2014-001,6,csp_lda,channel_dropout,all_channels,4,0.1,8,22,2,0.49938423645320196,0.6613300492610836,0.3816347813957604,0.3841253667760397,0.3.2,participant,,,,,,a5508b68efe858976affddc55ddec1d52be0d4e3724ba6ec227b70b4157f5ac0
BNCI2014-001,6,csp_lda,channel_dropout,all_channels,4,0.1,9,22,2,0.5,0.7118226600985221,0.4897312944682835,0.4902154112141055,0.3.2,participant,,,,,,a5508b68efe858976affddc55ddec1d52be0d4e3724ba6ec227b70b4157f5ac0
BNCI2014-001,6,csp_lda,channel_dropout,all_channels,4,0.2,0,22,4,0.5160098522167488,0.6588669950738916,0.34425029284595865,0.3204438843353607,0.3.2,participant,,,,,,a5508b68efe858976affddc55ddec1d52be0d4e3724ba6ec227b70b4157f5ac0
BNCI2014-001,6,csp_lda,channel_dropout,all_channels,4,0.2,1,22,4,0.5,0.6022167487684729,0.4908712167749957,0.49096950159973607,0.3.2,participant,,,,,,a5508b68efe858976affddc55ddec1d52be0d4e3724ba6ec227b70b4157f5ac0
BNCI2014-001,6,csp_lda,channel_dropout,all_channels,4,0.2,2,22,4,0.5,0.603448275862069,0.4790781533633523,0.4802424533090228,0.3.2,participant,,,,,,a5508b68efe858976affddc55ddec1d52be0d4e3724ba6ec227b70b4157f5ac0
BNCI2014-001,6,csp_lda,channel_dropout,all_channels,4,0.2,3,22,4,0.5,0.646551724137931,0.4893667389956775,0.49010567448064557,0.3.2,participant,,,,,,a5508b68efe858976affddc55ddec1d52be0d4e3724ba6ec227b70b4157f5ac0
BNCI2014-001,6,csp_lda,channel_dropout,all_channels,4,0.2,4,22,4,0.5,0.5862068965517241,0.49122479113612183,0.49122526098252206,0.3.2,participant,,,,,,a5508b68efe858976affddc55ddec1d52be0d4e3724ba6ec227b70b4157f5ac0
BNCI2014-001,6,csp_lda,channel_dropout,all_channels,4,0.2,5,22,4,0.5,0.6268472906403941,0.49096790619867525,0.4910324582745492,0.3.2,participant,,,,,,a5508b68efe858976affddc55ddec1d52be0d4e3724ba6ec227b70b4157f5ac0
BNCI2014-001,6,csp_lda,channel_dropout,all_channels,4,0.2,6,22,4,0.6810344827586207,0.7413793103448276,0.21558878078998084,0.12284864609508483,0.3.2,participant,,,,,,a5508b68efe858976affddc55ddec1d52be0d4e3724ba6ec227b70b4157f5ac0
BNCI2014-001,6,csp_lda,channel_dropout,all_channels,4,0.2,7,22,4,0.5,0.7758620689655172,0.4898418167338048,0.49030082795766616,0.3.2,participant,,,,,,a5508b68efe858976affddc55ddec1d52be0d4e3724ba6ec227b70b4157f5ac0
BNCI2014-001,6,csp_lda,channel_dropout,all_channels,4,0.2,8,22,4,0.5,0.6490147783251231,0.4821753500279973,0.48522592851086555,0.3.2,participant,,,,,,a5508b68efe858976affddc55ddec1d52be0d4e3724ba6ec227b70b4157f5ac0
BNCI2014-001,6,csp_lda,channel_dropout,all_channels,4,0.2,9,22,4,0.5,0.625615763546798,0.48854034323956913,0.489434644101471,0.3.2,participant,,,,,,a5508b68efe858976affddc55ddec1d52be0d4e3724ba6ec227b70b4157f5ac0
BNCI2014-001,6,csp_lda,channel_dropout,all_channels,4,0.3,0,22,7,0.5899014778325123,0.7130541871921182,0.2769789676165595,0.252038821883095,0.3.2,participant,,,,,,a5508b68efe858976affddc55ddec1d52be0d4e3724ba6ec227b70b4157f5ac0
BNCI2014-001,6,csp_lda,channel_dropout,all_channels,4,0.3,1,22,7,0.5,0.6995073891625616,0.5055213090444068,0.506256956788924,0.3.2,participant,,,,,,a5508b68efe858976affddc55ddec1d52be0d4e3724ba6ec227b70b4157f5ac0
BNCI2014-001,6,csp_lda,channel_dropout,all_channels,4,0.3,2,22,7,0.5,0.5825123152709359,0.49122709138949494,0.4912271757454304,0.3.2,participant,,,,,,a5508b68efe858976affddc55ddec1d52be0d4e3724ba6ec227b70b4157f5ac0
BNCI2014-001,6,csp_lda,channel_dropout,all_channels,4,0.3,3,22,7,0.5,0.6133004926108374,0.4912004891851912,0.49120210144163934,0.3.2,participant,,,,,,a5508b68efe858976affddc55ddec1d52be0d4e3724ba6ec227b70b4157f5ac0
BNCI2014-001,6,csp_lda,channel_dropout,all_channels,4,0.3,4,22,7,0.5,0.6182266009852218,0.4910292737282898,0.49103614404019047,0.3.2,participant,,,,,,a5508b68efe858976affddc55ddec1d52be0d4e3724ba6ec227b70b4157f5ac0
BNCI2014-001,6,csp_lda,channel_dropout,all_channels,4,0.3,5,22,7,0.5,0.6822660098522167,0.490843307062588,0.4909256494985823,0.3.2,participant,,,,,,a5508b68efe858976affddc55ddec1d52be0d4e3724ba6ec227b70b4157f5ac0
BNCI2014-001,6,csp_lda,channel_dropout,all_channels,4,0.3,6,22,7,0.5714285714285714,0.6342364532019704,0.2878792090408564,0.24650937891961305,0.3.2,participant,,,,,,a5508b68efe858976affddc55ddec1d52be0d4e3724ba6ec227b70b4157f5ac0
BNCI2014-001,6,csp_lda,channel_dropout,all_channels,4,0.3,7,22,7,0.5,0.5923645320197044,0.4912082655499581,0.49120489557058544,0.3.2,participant,,,,,,a5508b68efe858976affddc55ddec1d52be0d4e3724ba6ec227b70b4157f5ac0
BNCI2014-001,6,csp_lda,channel_dropout,all_channels,4,0.3,8,22,7,0.5,0.46551724137931033,0.4912278145054536,0.491227802312616,0.3.2,participant,,,,,,a5508b68efe858976affddc55ddec1d52be0d4e3724ba6ec227b70b4157f5ac0
BNCI2014-001,6,csp_lda,channel_dropout,all_channels,4,0.3,9,22,7,0.5,0.689655172413793,0.5020419432385308,0.5036392823253906,0.3.2,participant,,,,,,a5508b68efe858976affddc55ddec1d52be0d4e3724ba6ec227b70b4157f5ac0
BNCI2014-001,6,csp_lda,channel_dropout,all_channels,4,0.5,0,22,11,0.5,0.6071428571428572,0.490055734790549,0.4948513027027527,0.3.2,participant,,,,,,a5508b68efe858976affddc55ddec1d52be0d4e3724ba6ec227b70b4157f5ac0
BNCI2014-001,6,csp_lda,channel_dropout,all_channels,4,0.5,1,22,11,0.5,0.6391625615763546,0.4910802293476008,0.4911160059575672,0.3.2,participant,,,,,,a5508b68efe858976affddc55ddec1d52be0d4e3724ba6ec227b70b4157f5ac0
BNCI2014-001,6,csp_lda,channel_dropout,all_channels,4,0.5,2,22,11,0.5603448275862069,0.5800492610837438,0.2776522028483851,0.1957986079397217,0.3.2,participant,,,,,,a5508b68efe858976affddc55ddec1d52be0d4e3724ba6ec227b70b4157f5ac0
BNCI2014-001,6,csp_lda,channel_dropout,all_channels,4,0.5,3,22,11,0.5172413793103449,0.7019704433497537,0.4612008858719758,0.4750557763362581,0.3.2,participant,,,,,,a5508b68efe858976affddc55ddec1d52be0d4e3724ba6ec227b70b4157f5ac0
BNCI2014-001,6,csp_lda,channel_dropout,all_channels,4,0.5,4,22,11,0.5843596059113301,0.6120689655172414,0.3118610263714963,0.2544357525443879,0.3.2,participant,,,,,,a5508b68efe858976affddc55ddec1d52be0d4e3724ba6ec227b70b4157f5ac0
BNCI2014-001,6,csp_lda,channel_dropout,all_channels,4,0.5,5,22,11,0.5,0.5862068965517242,0.47680178881999946,0.48095379586693,0.3.2,participant,,,,,,a5508b68efe858976affddc55ddec1d52be0d4e3724ba6ec227b70b4157f5ac0
BNCI2014-001,6,csp_lda,channel_dropout,all_channels,4,0.5,6,22,11,0.5,0.6527093596059114,0.4727409405979817,0.4804296786514539,0.3.2,participant,,,,,,a5508b68efe858976affddc55ddec1d52be0d4e3724ba6ec227b70b4157f5ac0
BNCI2014-001,6,csp_lda,channel_dropout,all_channels,4,0.5,7,22,11,0.5,0.541871921182266,0.48199529052680035,0.48324748091596414,0.3.2,participant,,,,,,a5508b68efe858976affddc55ddec1d52be0d4e3724ba6ec227b70b4157f5ac0
BNCI2014-001,6,csp_lda,channel_dropout,all_channels,4,0.5,8,22,11,0.5,0.6342364532019704,0.4912278071222191,0.49122787012028457,0.3.2,participant,,,,,,a5508b68efe858976affddc55ddec1d52be0d4e3724ba6ec227b70b4157f5ac0
BNCI2014-001,6,csp_lda,channel_dropout,all_channels,4,0.5,9,22,11,0.5,0.6539408866995073,0.49122771645543417,0.4912278104270933,0.3.2,participant,,,,,,a5508b68efe858976affddc55ddec1d52be0d4e3724ba6ec227b70b4157f5ac0
BNCI2014-001,6,csp_lda,clean,all_channels,5,0.0,0,22,0,0.8054187192118227,0.8633004926108374,0.1573392790609771,0.1441537892068256,0.3.2,participant,,,,,,a5508b68efe858976affddc55ddec1d52be0d4e3724ba6ec227b70b4157f5ac0
BNCI2014-001,6,csp_lda,channel_dropout,all_channels,5,0.1,0,22,2,0.7518472906403941,0.816502463054187,0.18670650731716196,0.16140853824131712,0.3.2,participant,,,,,,a5508b68efe858976affddc55ddec1d52be0d4e3724ba6ec227b70b4157f5ac0
BNCI2014-001,6,csp_lda,channel_dropout,all_channels,5,0.1,1,22,2,0.5,0.7093596059113301,0.41194150076033115,0.43428112805375796,0.3.2,participant,,,,,,a5508b68efe858976affddc55ddec1d52be0d4e3724ba6ec227b70b4157f5ac0
BNCI2014-001,6,csp_lda,channel_dropout,all_channels,5,0.1,2,22,2,0.5714285714285714,0.7660098522167488,0.3251083449630902,0.34526361275560175,0.3.2,participant,,,,,,a5508b68efe858976affddc55ddec1d52be0d4e3724ba6ec227b70b4157f5ac0
BNCI2014-001,6,csp_lda,channel_dropout,all_channels,5,0.1,3,22,2,0.5,0.5997536945812808,0.5086123187162825,0.5086689716951468,0.3.2,participant,,,,,,a5508b68efe858976affddc55ddec1d52be0d4e3724ba6ec227b70b4157f5ac0
BNCI2014-001,6,csp_lda,channel_dropout,all_channels,5,0.1,4,22,2,0.6311576354679802,0.7229064039408867,0.21827794863562716,0.14708913943594526,0.3.2,participant,,,,,,a5508b68efe858976affddc55ddec1d52be0d4e3724ba6ec227b70b4157f5ac0
BNCI2014-001,6,csp_lda,channel_dropout,all_channels,5,0.1,5,22,2,0.5178571428571429,0.6428571428571429,0.40271246062089316,0.41146401664821425,0.3.2,participant,,,,,,a5508b68efe858976affddc55ddec1d52be0d4e3724ba6ec227b70b4157f5ac0
BNCI2014-001,6,csp_lda,channel_dropout,all_channels,5,0.1,6,22,2,0.5344827586206896,0.7881773399014778,0.37248636037913224,0.39638632465869683,0.3.2,participant,,,,,,a5508b68efe858976affddc55ddec1d52be0d4e3724ba6ec227b70b4157f5ac0
BNCI2014-001,6,csp_lda,channel_dropout,all_channels,5,0.1,7,22,2,0.6847290640394088,0.7807881773399015,0.1988068516836683,0.13527925563788487,0.3.2,participant,,,,,,a5508b68efe858976affddc55ddec1d52be0d4e3724ba6ec227b70b4157f5ac0
BNCI2014-001,6,csp_lda,channel_dropout,all_channels,5,0.1,8,22,2,0.5,0.5738916256157635,0.4795385604551526,0.48487900847875914,0.3.2,participant,,,,,,a5508b68efe858976affddc55ddec1d52be0d4e3724ba6ec227b70b4157f5ac0
BNCI2014-001,6,csp_lda,channel_dropout,all_channels,5,0.1,9,22,2,0.5,0.6908866995073891,0.47793120216937773,0.489124137821717,0.3.2,participant,,,,,,a5508b68efe858976affddc55ddec1d52be0d4e3724ba6ec227b70b4157f5ac0
BNCI2014-001,6,csp_lda,channel_dropout,all_channels,5,0.2,0,22,4,0.5,0.46428571428571436,0.5087097602585783,0.5086892091199873,0.3.2,participant,,,,,,a5508b68efe858976affddc55ddec1d52be0d4e3724ba6ec227b70b4157f5ac0
BNCI2014-001,6,csp_lda,channel_dropout,all_channels,5,0.2,1,22,4,0.5172413793103449,0.6884236453201971,0.4027835057456052,0.4286658531227325,0.3.2,participant,,,,,,a5508b68efe858976affddc55ddec1d52be0d4e3724ba6ec227b70b4157f5ac0
BNCI2014-001,6,csp_lda,channel_dropout,all_channels,5,0.2,2,22,4,0.5,0.520935960591133,0.5058486631941471,0.5053631625967174,0.3.2,participant,,,,,,a5508b68efe858976affddc55ddec1d52be0d4e3724ba6ec227b70b4157f5ac0
BNCI2014-001,6,csp_lda,channel_dropout,all_channels,5,0.2,3,22,4,0.46120689655172414,0.5689655172413792,0.3161909448547039,0.3172773565206233,0.3.2,participant,,,,,,a5508b68efe858976affddc55ddec1d52be0d4e3724ba6ec227b70b4157f5ac0
BNCI2014-001,6,csp_lda,channel_dropout,all_channels,5,0.2,4,22,4,0.5172413793103449,0.46059113300492605,0.3433214176926185,0.27204000800224926,0.3.2,participant,,,,,,a5508b68efe858976affddc55ddec1d52be0d4e3724ba6ec227b70b4157f5ac0
BNCI2014-001,6,csp_lda,channel_dropout,all_channels,5,0.2,5,22,4,0.5948275862068966,0.6280788177339901,0.2730283214146147,0.17741769174305558,0.3.2,participant,,,,,,a5508b68efe858976affddc55ddec1d52be0d4e3724ba6ec227b70b4157f5ac0
BNCI2014-001,6,csp_lda,channel_dropout,all_channels,5,0.2,6,22,4,0.5129310344827587,0.5923645320197044,0.33696516618219985,0.31234744847178164,0.3.2,participant,,,,,,a5508b68efe858976affddc55ddec1d52be0d4e3724ba6ec227b70b4157f5ac0
BNCI2014-001,6,csp_lda,channel_dropout,all_channels,5,0.2,7,22,4,0.5,0.5578817733990148,0.5085480965961796,0.5086092462804763,0.3.2,participant,,,,,,a5508b68efe858976affddc55ddec1d52be0d4e3724ba6ec227b70b4157f5ac0
BNCI2014-001,6,csp_lda,channel_dropout,all_channels,5,0.2,8,22,4,0.518472906403941,0.48275862068965514,0.39777638250350844,0.3871414659605183,0.3.2,participant,,,,,,a5508b68efe858976affddc55ddec1d52be0d4e3724ba6ec227b70b4157f5ac0
BNCI2014-001,6,csp_lda,channel_dropout,all_channels,5,0.2,9,22,4,0.5,0.48891625615763545,0.4858365406548687,0.4864030943076908,0.3.2,participant,,,,,,a5508b68efe858976affddc55ddec1d52be0d4e3724ba6ec227b70b4157f5ac0
BNCI2014-001,6,csp_lda,channel_dropout,all_channels,5,0.3,0,22,7,0.5,0.43965517241379315,0.5081247943498914,0.5080229066569295,0.3.2,participant,,,,,,a5508b68efe858976affddc55ddec1d52be0d4e3724ba6ec227b70b4157f5ac0
BNCI2014-001,6,csp_lda,channel_dropout,all_channels,5,0.3,1,22,7,0.687807881773399,0.7179802955665024,0.23574634515216497,0.17228695826437107,0.3.2,participant,,,,,,a5508b68efe858976affddc55ddec1d52be0d4e3724ba6ec227b70b4157f5ac0
BNCI2014-001,6,csp_lda,channel_dropout,all_channels,5,0.3,2,22,7,0.5,0.4852216748768473,0.4621186139734108,0.46553630086760606,0.3.2,participant,,,,,,a5508b68efe858976affddc55ddec1d52be0d4e3724ba6ec227b70b4157f5ac0
BNCI2014-001,6,csp_lda,channel_dropout,all_channels,5,0.3,3,22,7,0.5,0.583743842364532,0.5087692469854017,0.5087697513292548,0.3.2,participant,,,,,,a5508b68efe858976affddc55ddec1d52be0d4e3724ba6ec227b70b4157f5ac0
BNCI2014-001,6,csp_lda,channel_dropout,all_channels,5,0.3,4,22,7,0.5,0.5073891625615763,0.5086350046526188,0.5086293171663153,0.3.2,participant,,,,,,a5508b68efe858976affddc55ddec1d52be0d4e3724ba6ec227b70b4157f5ac0
BNCI2014-001,6,csp_lda,channel_dropout,all_channels,5,0.3,5,22,7,0.5363300492610837,0.6514778325123154,0.39664157298633085,0.3933838142624003,0.3.2,participant,,,,,,a5508b68efe858976affddc55ddec1d52be0d4e3724ba6ec227b70b4157f5ac0
BNCI2014-001,6,csp_lda,channel_dropout,all_channels,5,0.3,6,22,7,0.5794334975369457,0.5504926108374384,0.294059544812889,0.33251369496866084,0.3.2,participant,,,,,,a5508b68efe858976affddc55ddec1d52be0d4e3724ba6ec227b70b4157f5ac0
BNCI2014-001,6,csp_lda,channel_dropout,all_channels,5,0.3,7,22,7,0.5,0.520935960591133,0.5087719063123161,0.5087719123182377,0.3.2,participant,,,,,,a5508b68efe858976affddc55ddec1d52be0d4e3724ba6ec227b70b4157f5ac0
BNCI2014-001,6,csp_lda,channel_dropout,all_channels,5,0.3,8,22,7,0.5,0.4716748768472907,0.508771399182788,0.5087715459262445,0.3.2,participant,,,,,,a5508b68efe858976affddc55ddec1d52be0d4e3724ba6ec227b70b4157f5ac0
BNCI2014-001,6,csp_lda,channel_dropout,all_channels,5,0.3,9,22,7,0.5,0.6133004926108374,0.5087714113744034,0.5087716335916416,0.3.2,participant,,,,,,a5508b68efe858976affddc55ddec1d52be0d4e3724ba6ec227b70b4157f5ac0
BNCI2014-001,6,csp_lda,channel_dropout,all_channels,5,0.5,0,22,11,0.5,0.5381773399014779,0.5087551266629388,0.5087579125089536,0.3.2,participant,,,,,,a5508b68efe858976affddc55ddec1d52be0d4e3724ba6ec227b70b4157f5ac0
BNCI2014-001,6,csp_lda,channel_dropout,all_channels,5,0.5,1,22,11,0.5584975369458128,0.5357142857142857,0.34023349687645743,0.3050774611949833,0.3.2,participant,,,,,,a5508b68efe858976affddc55ddec1d52be0d4e3724ba6ec227b70b4157f5ac0
BNCI2014-001,6,csp_lda,channel_dropout,all_channels,5,0.5,2,22,11,0.5,0.5899014778325123,0.5087699407807288,0.508770225852549,0.3.2,participant,,,,,,a5508b68efe858976affddc55ddec1d52be0d4e3724ba6ec227b70b4157f5ac0
BNCI2014-001,6,csp_lda,channel_dropout,all_channels,5,0.5,3,22,11,0.5,0.5307881773399015,0.5087442935177859,0.5087537341196205,0.3.2,participant,,,,,,a5508b68efe858976affddc55ddec1d52be0d4e3724ba6ec227b70b4157f5ac0
BNCI2014-001,6,csp_lda,channel_dropout,all_channels,5,0.5,4,22,11,0.5,0.6687192118226601,0.5087600874211481,0.5087647455492175,0.3.2,participant,,,,,,a5508b68efe858976affddc55ddec1d52be0d4e3724ba6ec227b70b4157f5ac0
BNCI2014-001,6,csp_lda,channel_dropout,all_channels,5,0.5,5,22,11,0.5,0.5800492610837438,0.5087712194041771,0.5087713730538442,0.3.2,participant,,,,,,a5508b68efe858976affddc55ddec1d52be0d4e3724ba6ec227b70b4157f5ac0
BNCI2014-001,6,csp_lda,channel_dropout,all_channels,5,0.5,6,22,11,0.5,0.5123152709359606,0.5087719298093203,0.508771929815196,0.3.2,participant,,,,,,a5508b68efe858976affddc55ddec1d52be0d4e3724ba6ec227b70b4157f5ac0
BNCI2014-001,6,csp_lda,channel_dropout,all_channels,5,0.5,7,22,11,0.5,0.5985221674876848,0.5085952194290041,0.5086410648298889,0.3.2,participant,,,,,,a5508b68efe858976affddc55ddec1d52be0d4e3724ba6ec227b70b4157f5ac0
BNCI2014-001,6,csp_lda,channel_dropout,all_channels,5,0.5,8,22,11,0.5,0.49014778325123154,0.508290737954519,0.5083748179939044,0.3.2,participant,,,,,,a5508b68efe858976affddc55ddec1d52be0d4e3724ba6ec227b70b4157f5ac0
BNCI2014-001,6,csp_lda,channel_dropout,all_channels,5,0.5,9,22,11,0.5,0.5665024630541872,0.5087696199556312,0.5087696879514024,0.3.2,participant,,,,,,a5508b68efe858976affddc55ddec1d52be0d4e3724ba6ec227b70b4157f5ac0
BNCI2014-001,6,csp_lda,reduced_montage,motor_core,1,0.0,0,3,0,0.6724137931034483,0.7598097502972652,0.19910018984752487,0.12419115160989966,0.3.2,not_applicable,"C3,Cz,C4",,,,,a5508b68efe858976affddc55ddec1d52be0d4e3724ba6ec227b70b4157f5ac0
BNCI2014-001,6,csp_lda,reduced_montage,motor_core,2,0.0,0,3,0,0.5689655172413793,0.6266349583828775,0.24541998914646188,0.10610214046469019,0.3.2,not_applicable,"C3,Cz,C4",,,,,a5508b68efe858976affddc55ddec1d52be0d4e3724ba6ec227b70b4157f5ac0
BNCI2014-001,6,csp_lda,reduced_montage,motor_core,3,0.0,0,3,0,0.6379310344827587,0.7431629013079667,0.21105516056392562,0.11799075795327876,0.3.2,not_applicable,"C3,Cz,C4",,,,,a5508b68efe858976affddc55ddec1d52be0d4e3724ba6ec227b70b4157f5ac0
BNCI2014-001,6,csp_lda,reduced_montage,motor_core,4,0.0,0,3,0,0.6496305418719213,0.6847290640394088,0.22228220273178506,0.09007094372761199,0.3.2,not_applicable,"C3,Cz,C4",,,,,a5508b68efe858976affddc55ddec1d52be0d4e3724ba6ec227b70b4157f5ac0
BNCI2014-001,6,csp_lda,reduced_montage,motor_core,5,0.0,0,3,0,0.5086206896551724,0.5763546798029556,0.27430351926752183,0.21365301437598103,0.3.2,not_applicable,"C3,Cz,C4",,,,,a5508b68efe858976affddc55ddec1d52be0d4e3724ba6ec227b70b4157f5ac0
BNCI2014-001,6,csp_lda,reduced_montage,motor_extended,1,0.0,0,9,0,0.7413793103448276,0.8049940546967895,0.18271595280549718,0.20112533104254174,0.3.2,not_applicable,"FC3,FCz,FC4,C3,Cz,C4,CP3,CPz,CP4",,,,,a5508b68efe858976affddc55ddec1d52be0d4e3724ba6ec227b70b4157f5ac0
BNCI2014-001,6,csp_lda,reduced_montage,motor_extended,2,0.0,0,9,0,0.6206896551724138,0.66230677764566,0.23482838475744838,0.12874638281861758,0.3.2,not_applicable,"FC3,FCz,FC4,C3,Cz,C4,CP3,CPz,CP4",,,,,a5508b68efe858976affddc55ddec1d52be0d4e3724ba6ec227b70b4157f5ac0
BNCI2014-001,6,csp_lda,reduced_montage,motor_extended,3,0.0,0,9,0,0.7413793103448276,0.826397146254459,0.16866487929798255,0.07338032839243032,0.3.2,not_applicable,"FC3,FCz,FC4,C3,Cz,C4,CP3,CPz,CP4",,,,,a5508b68efe858976affddc55ddec1d52be0d4e3724ba6ec227b70b4157f5ac0
BNCI2014-001,6,csp_lda,reduced_montage,motor_extended,4,0.0,0,9,0,0.6496305418719213,0.8004926108374384,0.18224909328921224,0.1528807337577182,0.3.2,not_applicable,"FC3,FCz,FC4,C3,Cz,C4,CP3,CPz,CP4",,,,,a5508b68efe858976affddc55ddec1d52be0d4e3724ba6ec227b70b4157f5ac0
BNCI2014-001,6,csp_lda,reduced_montage,motor_extended,5,0.0,0,9,0,0.5597290640394088,0.6736453201970444,0.25774680168568137,0.2471195538364756,0.3.2,not_applicable,"FC3,FCz,FC4,C3,Cz,C4,CP3,CPz,CP4",,,,,a5508b68efe858976affddc55ddec1d52be0d4e3724ba6ec227b70b4157f5ac0
BNCI2014-001,6,csp_lda,region_dropout,all_channels,1,0.3181818181818182,0,22,7,0.5,0.6611177170035671,0.4882626139017875,0.48813195741144355,0.3.2,not_applicable,,left_motor_strip,"FC3,FC1,C5,C3,C1,CP3,CP1",,,a5508b68efe858976affddc55ddec1d52be0d4e3724ba6ec227b70b4157f5ac0
BNCI2014-001,6,csp_lda,region_dropout,all_channels,1,0.13636363636363635,0,22,3,0.5,0.6361474435196195,0.4652979409103123,0.4750124711655234,0.3.2,not_applicable,,midline_motor_strip,"FCz,Cz,CPz",,,a5508b68efe858976affddc55ddec1d52be0d4e3724ba6ec227b70b4157f5ac0
BNCI2014-001,6,csp_lda,region_dropout,all_channels,1,0.3181818181818182,0,22,7,0.5,0.596908442330559,0.4814327891517689,0.484533762723954,0.3.2,not_applicable,,right_motor_strip,"FC2,FC4,C2,C4,C6,CP2,CP4",,,a5508b68efe858976affddc55ddec1d52be0d4e3724ba6ec227b70b4157f5ac0
BNCI2014-001,6,csp_lda,region_dropout,all_channels,2,0.3181818181818182,0,22,7,0.5,0.7158145065398335,0.460984149348909,0.4765078954226533,0.3.2,not_applicable,,left_motor_strip,"FC3,FC1,C5,C3,C1,CP3,CP1",,,a5508b68efe858976affddc55ddec1d52be0d4e3724ba6ec227b70b4157f5ac0
BNCI2014-001,6,csp_lda,region_dropout,all_channels,2,0.13636363636363635,0,22,3,0.5,0.6979785969084423,0.4821296565878579,0.4889472670145733,0.3.2,not_applicable,,midline_motor_strip,"FCz,Cz,CPz",,,a5508b68efe858976affddc55ddec1d52be0d4e3724ba6ec227b70b4157f5ac0
BNCI2014-001,6,csp_lda,region_dropout,all_channels,2,0.3181818181818182,0,22,7,0.5,0.6278240190249703,0.4984028685290386,0.49880588239029444,0.3.2,not_applicable,,right_motor_strip,"FC2,FC4,C2,C4,C6,CP2,CP4",,,a5508b68efe858976affddc55ddec1d52be0d4e3724ba6ec227b70b4157f5ac0
BNCI2014-001,6,csp_lda,region_dropout,all_channels,3,0.3181818181818182,0,22,7,0.5,0.5517241379310345,0.49411960341098493,0.4951467836931464,0.3.2,not_applicable,,left_motor_strip,"FC3,FC1,C5,C3,C1,CP3,CP1",,,a5508b68efe858976affddc55ddec1d52be0d4e3724ba6ec227b70b4157f5ac0
BNCI2014-001,6,csp_lda,region_dropout,all_channels,3,0.13636363636363635,0,22,3,0.5172413793103449,0.8014268727705113,0.3817746094930239,0.4108519876238045,0.3.2,not_applicable,,midline_motor_strip,"FCz,Cz,CPz",,,a5508b68efe858976affddc55ddec1d52be0d4e3724ba6ec227b70b4157f5ac0
BNCI2014-001,6,csp_lda,region_dropout,all_channels,3,0.3181818181818182,0,22,7,0.5,0.6087990487514864,0.4958168933617432,0.49591456269039347,0.3.2,not_applicable,,right_motor_strip,"FC2,FC4,C2,C4,C6,CP2,CP4",,,a5508b68efe858976affddc55ddec1d52be0d4e3724ba6ec227b70b4157f5ac0
BNCI2014-001,6,csp_lda,region_dropout,all_channels,4,0.3181818181818182,0,22,7,0.5,0.7179802955665026,0.5068220501678798,0.5073076497033328,0.3.2,not_applicable,,left_motor_strip,"FC3,FC1,C5,C3,C1,CP3,CP1",,,a5508b68efe858976affddc55ddec1d52be0d4e3724ba6ec227b70b4157f5ac0
BNCI2014-001,6,csp_lda,region_dropout,all_channels,4,0.13636363636363635,0,22,3,0.5,0.7007389162561577,0.47443520259745325,0.4811283268231472,0.3.2,not_applicable,,midline_motor_strip,"FCz,Cz,CPz",,,a5508b68efe858976affddc55ddec1d52be0d4e3724ba6ec227b70b4157f5ac0
BNCI2014-001,6,csp_lda,region_dropout,all_channels,4,0.3181818181818182,0,22,7,0.5,0.7253694581280788,0.4660770219378379,0.47576953288283796,0.3.2,not_applicable,,right_motor_strip,"FC2,FC4,C2,C4,C6,CP2,CP4",,,a5508b68efe858976affddc55ddec1d52be0d4e3724ba6ec227b70b4157f5ac0
BNCI2014-001,6,csp_lda,region_dropout,all_channels,5,0.3181818181818182,0,22,7,0.5,0.6416256157635468,0.3896510473014731,0.4022939379253889,0.3.2,not_applicable,,left_motor_strip,"FC3,FC1,C5,C3,C1,CP3,CP1",,,a5508b68efe858976affddc55ddec1d52be0d4e3724ba6ec227b70b4157f5ac0
BNCI2014-001,6,csp_lda,region_dropout,all_channels,5,0.13636363636363635,0,22,3,0.5,0.6428571428571429,0.49211611693139895,0.49678751661624915,0.3.2,not_applicable,,midline_motor_strip,"FCz,Cz,CPz",,,a5508b68efe858976affddc55ddec1d52be0d4e3724ba6ec227b70b4157f5ac0
BNCI2014-001,6,csp_lda,region_dropout,all_channels,5,0.3181818181818182,0,22,7,0.5,0.5775862068965517,0.5085133189160362,0.5085724073356874,0.3.2,not_applicable,,right_motor_strip,"FC2,FC4,C2,C4,C6,CP2,CP4",,,a5508b68efe858976affddc55ddec1d52be0d4e3724ba6ec227b70b4157f5ac0
BNCI2014-001,6,csp_lda,cross_session,all_channels,0,0.0,0,22,0,0.6319444444444444,0.7854938271604938,0.24931045256151377,0.23667763995330401,0.3.2,not_applicable,,,,0train,1test,a5508b68efe858976affddc55ddec1d52be0d4e3724ba6ec227b70b4157f5ac0
BNCI2014-001,7,csp_lda,clean,all_channels,1,0.0,0,22,0,0.8275862068965517,0.9357907253269916,0.10402812754809568,0.1272325598838148,0.3.2,participant,,,,,,a5508b68efe858976affddc55ddec1d52be0d4e3724ba6ec227b70b4157f5ac0
BNCI2014-001,7,csp_lda,channel_dropout,all_channels,1,0.1,0,22,2,0.603448275862069,0.7895362663495838,0.2853500755139432,0.3114085916958002,0.3.2,participant,,,,,,a5508b68efe858976affddc55ddec1d52be0d4e3724ba6ec227b70b4157f5ac0
BNCI2014-001,7,csp_lda,channel_dropout,all_channels,1,0.1,1,22,2,0.5,0.6456599286563615,0.4999941087841781,0.49999575580039535,0.3.2,participant,,,,,,a5508b68efe858976affddc55ddec1d52be0d4e3724ba6ec227b70b4157f5ac0
BNCI2014-001,7,csp_lda,channel_dropout,all_channels,1,0.1,2,22,2,0.7413793103448276,0.8097502972651605,0.1756719770584489,0.09162870425273573,0.3.2,participant,,,,,,a5508b68efe858976affddc55ddec1d52be0d4e3724ba6ec227b70b4157f5ac0
BNCI2014-001,7,csp_lda,channel_dropout,all_channels,1,0.1,3,22,2,0.7758620689655172,0.8252080856123662,0.16688627301401554,0.13445173605272315,0.3.2,participant,,,,,,a5508b68efe858976affddc55ddec1d52be0d4e3724ba6ec227b70b4157f5ac0
BNCI2014-001,7,csp_lda,channel_dropout,all_channels,1,0.1,4,22,2,0.603448275862069,0.8370986920332937,0.2643177750357054,0.3022120260778397,0.3.2,participant,,,,,,a5508b68efe858976affddc55ddec1d52be0d4e3724ba6ec227b70b4157f5ac0
BNCI2014-001,7,csp_lda,channel_dropout,all_channels,1,0.1,5,22,2,0.5,0.7717003567181926,0.4996772111108066,0.49980686423722265,0.3.2,participant,,,,,,a5508b68efe858976affddc55ddec1d52be0d4e3724ba6ec227b70b4157f5ac0
BNCI2014-001,7,csp_lda,channel_dropout,all_channels,1,0.1,6,22,2,0.7413793103448276,0.8846611177170036,0.1564118831253261,0.1527006255815468,0.3.2,participant,,,,,,a5508b68efe858976affddc55ddec1d52be0d4e3724ba6ec227b70b4157f5ac0
BNCI2014-001,7,csp_lda,channel_dropout,all_channels,1,0.1,7,22,2,0.5,0.906064209274673,0.49980325598038516,0.49989741639849183,0.3.2,participant,,,,,,a5508b68efe858976affddc55ddec1d52be0d4e3724ba6ec227b70b4157f5ac0
BNCI2014-001,7,csp_lda,channel_dropout,all_channels,1,0.1,8,22,2,0.7241379310344828,0.9131985731272294,0.22132285739207844,0.2686435599584531,0.3.2,participant,,,,,,a5508b68efe858976affddc55ddec1d52be0d4e3724ba6ec227b70b4157f5ac0
BNCI2014-001,7,csp_lda,channel_dropout,all_channels,1,0.1,9,22,2,0.5,0.6040428061831153,0.496549691922117,0.4974888533692301,0.3.2,participant,,,,,,a5508b68efe858976affddc55ddec1d52be0d4e3724ba6ec227b70b4157f5ac0
BNCI2014-001,7,csp_lda,channel_dropout,all_channels,1,0.2,0,22,4,0.6551724137931034,0.6682520808561236,0.24893813769108056,0.18464852098343423,0.3.2,participant,,,,,,a5508b68efe858976affddc55ddec1d52be0d4e3724ba6ec227b70b4157f5ac0
BNCI2014-001,7,csp_lda,channel_dropout,all_channels,1,0.2,1,22,4,0.5689655172413793,0.6420927467300832,0.31118206813810323,0.2863038912727896,0.3.2,participant,,,,,,a5508b68efe858976affddc55ddec1d52be0d4e3724ba6ec227b70b4157f5ac0
BNCI2014-001,7,csp_lda,channel_dropout,all_channels,1,0.2,2,22,4,0.5,0.7871581450653984,0.47312662424170765,0.4829681885553838,0.3.2,participant,,,,,,a5508b68efe858976affddc55ddec1d52be0d4e3724ba6ec227b70b4157f5ac0
BNCI2014-001,7,csp_lda,channel_dropout,all_channels,1,0.2,3,22,4,0.5,0.6278240190249704,0.4614869239791032,0.4657726719291163,0.3.2,participant,,,,,,a5508b68efe858976affddc55ddec1d52be0d4e3724ba6ec227b70b4157f5ac0
BNCI2014-001,7,csp_lda,channel_dropout,all_channels,1,0.2,4,22,4,0.5,0.7669441141498216,0.4249573552820287,0.4554397217206828,0.3.2,participant,,,,,,a5508b68efe858976affddc55ddec1d52be0d4e3724ba6ec227b70b4157f5ac0
BNCI2014-001,7,csp_lda,channel_dropout,all_channels,1,0.2,5,22,4,0.5,0.6480380499405469,0.4999999999999973,0.4999999999999981,0.3.2,participant,,,,,,a5508b68efe858976affddc55ddec1d52be0d4e3724ba6ec227b70b4157f5ac0
BNCI2014-001,7,csp_lda,channel_dropout,all_channels,1,0.2,6,22,4,0.5862068965517241,0.6492271105826397,0.27441569042447567,0.22887880286379922,0.3.2,participant,,,,,,a5508b68efe858976affddc55ddec1d52be0d4e3724ba6ec227b70b4157f5ac0
BNCI2014-001,7,csp_lda,channel_dropout,all_channels,1,0.2,7,22,4,0.5,0.8038049940546969,0.4996312064728178,0.49980550737370344,0.3.2,participant,,,,,,a5508b68efe858976affddc55ddec1d52be0d4e3724ba6ec227b70b4157f5ac0
BNCI2014-001,7,csp_lda,channel_dropout,all_channels,1,0.2,8,22,4,0.5862068965517242,0.6171224732461355,0.2989643726107072,0.2591167849988989,0.3.2,participant,,,,,,a5508b68efe858976affddc55ddec1d52be0d4e3724ba6ec227b70b4157f5ac0
BNCI2014-001,7,csp_lda,channel_dropout,all_channels,1,0.2,9,22,4,0.5,0.7431629013079667,0.4999997681882655,0.4999998021726717,0.3.2,participant,,,,,,a5508b68efe858976affddc55ddec1d52be0d4e3724ba6ec227b70b4157f5ac0
BNCI2014-001,7,csp_lda,channel_dropout,all_channels,1,0.3,0,22,7,0.5,0.6623067776456599,0.48508471115733076,0.4897646983572085,0.3.2,participant,,,,,,a5508b68efe858976affddc55ddec1d52be0d4e3724ba6ec227b70b4157f5ac0
BNCI2014-001,7,csp_lda,channel_dropout,all_channels,1,0.3,1,22,7,0.5,0.7110582639714625,0.46349529971159986,0.47101655769358053,0.3.2,participant,,,,,,a5508b68efe858976affddc55ddec1d52be0d4e3724ba6ec227b70b4157f5ac0
BNCI2014-001,7,csp_lda,channel_dropout,all_channels,1,0.3,2,22,7,0.46551724137931033,0.6825208085612366,0.32519637148730096,0.3340665415381365,0.3.2,participant,,,,,,a5508b68efe858976affddc55ddec1d52be0d4e3724ba6ec227b70b4157f5ac0
BNCI2014-001,7,csp_lda,channel_dropout,all_channels,1,0.3,3,22,7,0.4827586206896552,0.5695600475624257,0.3545296649223998,0.3407966442454097,0.3.2,participant,,,,,,a5508b68efe858976affddc55ddec1d52be0d4e3724ba6ec227b70b4157f5ac0
BNCI2014-001,7,csp_lda,channel_dropout,all_channels,1,0.3,4,22,7,0.5,0.6123662306777645,0.49999964063884783,0.49999979348037304,0.3.2,participant,,,,,,a5508b68efe858976affddc55ddec1d52be0d4e3724ba6ec227b70b4157f5ac0
BNCI2014-001,7,csp_lda,channel_dropout,all_channels,1,0.3,5,22,7,0.5,0.6349583828775268,0.49999997168497856,0.49999997507600324,0.3.2,participant,,,,,,a5508b68efe858976affddc55ddec1d52be0d4e3724ba6ec227b70b4157f5ac0
BNCI2014-001,7,csp_lda,channel_dropout,all_channels,1,0.3,6,22,7,0.5,0.6492271105826396,0.4999999988349932,0.49999999910833826,0.3.2,participant,,,,,,a5508b68efe858976affddc55ddec1d52be0d4e3724ba6ec227b70b4157f5ac0
BNCI2014-001,7,csp_lda,channel_dropout,all_channels,1,0.3,7,22,7,0.5,0.7110582639714625,0.46297239801240503,0.475240494730813,0.3.2,participant,,,,,,a5508b68efe858976affddc55ddec1d52be0d4e3724ba6ec227b70b4157f5ac0
BNCI2014-001,7,csp_lda,channel_dropout,all_channels,1,0.3,8,22,7,0.5,0.61474435196195,0.499993900857219,0.49999344211651553,0.3.2,participant,,,,,,a5508b68efe858976affddc55ddec1d52be0d4e3724ba6ec227b70b4157f5ac0
BNCI2014-001,7,csp_lda,channel_dropout,all_channels,1,0.3,9,22,7,0.5,0.83115338882283,0.4999999041283406,0.499999944077558,0.3.2,participant,,,,,,a5508b68efe858976affddc55ddec1d52be0d4e3724ba6ec227b70b4157f5ac0
BNCI2014-001,7,csp_lda,channel_dropout,all_channels,1,0.5,0,22,11,0.5,0.7336504161712246,0.49990578182794826,0.49992608426189933,0.3.2,participant,,,,,,a5508b68efe858976affddc55ddec1d52be0d4e3724ba6ec227b70b4157f5ac0
BNCI2014-001,7,csp_lda,channel_dropout,all_channels,1,0.5,1,22,11,0.5,0.6432818073721759,0.49999891972669613,0.49999907191632603,0.3.2,participant,,,,,,a5508b68efe858976affddc55ddec1d52be0d4e3724ba6ec227b70b4157f5ac0
BNCI2014-001,7,csp_lda,channel_dropout,all_channels,1,0.5,2,22,11,0.603448275862069,0.5992865636147443,0.274649467087846,0.2182920985511117,0.3.2,participant,,,,,,a5508b68efe858976affddc55ddec1d52be0d4e3724ba6ec227b70b4157f5ac0
BNCI2014-001,7,csp_lda,channel_dropout,all_channels,1,0.5,3,22,11,0.5,0.6860879904875149,0.49882450293254166,0.4991666072007612,0.3.2,participant,,,,,,a5508b68efe858976affddc55ddec1d52be0d4e3724ba6ec227b70b4157f5ac0
BNCI2014-001,7,csp_lda,channel_dropout,all_channels,1,0.5,4,22,11,0.5517241379310345,0.7122473246135552,0.340586727255325,0.3421456217284123,0.3.2,participant,,,,,,a5508b68efe858976affddc55ddec1d52be0d4e3724ba6ec227b70b4157f5ac0
BNCI2014-001,7,csp_lda,channel_dropout,all_channels,1,0.5,5,22,11,0.5,0.4577883472057075,0.49515655992595986,0.49647048953531536,0.3.2,participant,,,,,,a5508b68efe858976affddc55ddec1d52be0d4e3724ba6ec227b70b4157f5ac0
BNCI2014-001,7,csp_lda,channel_dropout,all_channels,1,0.5,6,22,11,0.5344827586206896,0.6456599286563615,0.40089330048845784,0.42378277884430404,0.3.2,participant,,,,,,a5508b68efe858976affddc55ddec1d52be0d4e3724ba6ec227b70b4157f5ac0
BNCI2014-001,7,csp_lda,channel_dropout,all_channels,1,0.5,7,22,11,0.5,0.6254458977407847,0.49938460588483646,0.4995623604703867,0.3.2,participant,,,,,,a5508b68efe858976affddc55ddec1d52be0d4e3724ba6ec227b70b4157f5ac0
BNCI2014-001,7,csp_lda,channel_dropout,all_channels,1,0.5,8,22,11,0.5,0.5671819262782403,0.4999993243358499,0.4999995209685644,0.3.2,participant,,,,,,a5508b68efe858976affddc55ddec1d52be0d4e3724ba6ec227b70b4157f5ac0
BNCI2014-001,7,csp_lda,channel_dropout,all_channels,1,0.5,9,22,11,0.5,0.41022592152199766,0.49999996197360425,0.4999999589569996,0.3.2,participant,,,,,,a5508b68efe858976affddc55ddec1d52be0d4e3724ba6ec227b70b4157f5ac0
BNCI2014-001,7,csp_lda,clean,all_channels,2,0.0,0,22,0,0.896551724137931,0.9690844233055886,0.07033879236200426,0.09578302872330623,0.3.2,participant,,,,,,a5508b68efe858976affddc55ddec1d52be0d4e3724ba6ec227b70b4157f5ac0
BNCI2014-001,7,csp_lda,channel_dropout,all_channels,2,0.1,0,22,2,0.5,0.7847800237812129,0.49999833005492755,0.499999141481037,0.3.2,participant,,,,,,a5508b68efe858976affddc55ddec1d52be0d4e3724ba6ec227b70b4157f5ac0
BNCI2014-001,7,csp_lda,channel_dropout,all_channels,2,0.1,1,22,2,0.5,0.8644470868014269,0.49999999999974787,0.499999999999872,0.3.2,participant,,,,,,a5508b68efe858976affddc55ddec1d52be0d4e3724ba6ec227b70b4157f5ac0
BNCI2014-001,7,csp_lda,channel_dropout,all_channels,2,0.1,2,22,2,0.5,0.8394768133174793,0.4999999654554863,0.49999998266261364,0.3.2,participant,,,,,,a5508b68efe858976affddc55ddec1d52be0d4e3724ba6ec227b70b4157f5ac0
BNCI2014-001,7,csp_lda,channel_dropout,all_channels,2,0.1,3,22,2,0.6551724137931034,0.9381688466111772,0.2823311068151877,0.341775085766884,0.3.2,participant,,,,,,a5508b68efe858976affddc55ddec1d52be0d4e3724ba6ec227b70b4157f5ac0
BNCI2014-001,7,csp_lda,channel_dropout,all_channels,2,0.1,4,22,2,0.5,0.9143876337693222,0.49911580705229414,0.4995229089778194,0.3.2,participant,,,,,,a5508b68efe858976affddc55ddec1d52be0d4e3724ba6ec227b70b4157f5ac0
BNCI2014-001,7,csp_lda,channel_dropout,all_channels,2,0.1,5,22,2,0.8275862068965517,0.9167657550535077,0.11810877612532818,0.05718052702455074,0.3.2,participant,,,,,,a5508b68efe858976affddc55ddec1d52be0d4e3724ba6ec227b70b4157f5ac0
BNCI2014-001,7,csp_lda,channel_dropout,all_channels,2,0.1,6,22,2,0.5,0.8632580261593341,0.49996392566087006,0.4999765914338478,0.3.2,participant,,,,,,a5508b68efe858976affddc55ddec1d52be0d4e3724ba6ec227b70b4157f5ac0
BNCI2014-001,7,csp_lda,channel_dropout,all_channels,2,0.1,7,22,2,0.5,0.7788347205707492,0.49999999958527563,0.49999999978038834,0.3.2,participant,,,,,,a5508b68efe858976affddc55ddec1d52be0d4e3724ba6ec227b70b4157f5ac0
BNCI2014-001,7,csp_lda,channel_dropout,all_channels,2,0.1,8,22,2,0.5,0.8668252080856124,0.49999998753860786,0.49999999368078796,0.3.2,participant,,,,,,a5508b68efe858976affddc55ddec1d52be0d4e3724ba6ec227b70b4157f5ac0
BNCI2014-001,7,csp_lda,channel_dropout,all_channels,2,0.1,9,22,2,0.5,0.8240190249702736,0.49977130947928317,0.4998749763645708,0.3.2,participant,,,,,,a5508b68efe858976affddc55ddec1d52be0d4e3724ba6ec227b70b4157f5ac0
BNCI2014-001,7,csp_lda,channel_dropout,all_channels,2,0.2,0,22,4,0.5,0.83115338882283,0.4977020885240802,0.4988077710378652,0.3.2,participant,,,,,,a5508b68efe858976affddc55ddec1d52be0d4e3724ba6ec227b70b4157f5ac0
BNCI2014-001,7,csp_lda,channel_dropout,all_channels,2,0.2,1,22,4,0.5,0.6730083234244947,0.4920105155218313,0.494419892933323,0.3.2,participant,,,,,,a5508b68efe858976affddc55ddec1d52be0d4e3724ba6ec227b70b4157f5ac0
BNCI2014-001,7,csp_lda,channel_dropout,all_channels,2,0.2,2,22,4,0.5,0.835909631391201,0.4999999885898715,0.49999999328262407,0.3.2,participant,,,,,,a5508b68efe858976affddc55ddec1d52be0d4e3724ba6ec227b70b4157f5ac0
BNCI2014-001,7,csp_lda,channel_dropout,all_channels,2,0.2,3,22,4,0.5,0.7027348394768134,0.4999999998810071,0.49999999992710686,0.3.2,participant,,,,,,a5508b68efe858976affddc55ddec1d52be0d4e3724ba6ec227b70b4157f5ac0
BNCI2014-001,7,csp_lda,channel_dropout,all_channels,2,0.2,4,22,4,0.5,0.7336504161712247,0.49904376461563815,0.49932512300582577,0.3.2,participant,,,,,,a5508b68efe858976affddc55ddec1d52be0d4e3724ba6ec227b70b4157f5ac0
BNCI2014-001,7,csp_lda,channel_dropout,all_channels,2,0.2,5,22,4,0.5,0.83115338882283,0.49997228414977907,0.49998089231682896,0.3.2,participant,,,,,,a5508b68efe858976affddc55ddec1d52be0d4e3724ba6ec227b70b4157f5ac0
BNCI2014-001,7,csp_lda,channel_dropout,all_channels,2,0.2,6,22,4,0.5172413793103449,0.8026159334126041,0.3303491959175697,0.35905288901039023,0.3.2,participant,,,,,,a5508b68efe858976affddc55ddec1d52be0d4e3724ba6ec227b70b4157f5ac0
BNCI2014-001,7,csp_lda,channel_dropout,all_channels,2,0.2,7,22,4,0.5,0.6706302021403091,0.4954861360963338,0.4968054497422604,0.3.2,participant,,,,,,a5508b68efe858976affddc55ddec1d52be0d4e3724ba6ec227b70b4157f5ac0
BNCI2014-001,7,csp_lda,channel_dropout,all_channels,2,0.2,8,22,4,0.5,0.7063020214030916,0.49999919130772696,0.49999951358087125,0.3.2,participant,,,,,,a5508b68efe858976affddc55ddec1d52be0d4e3724ba6ec227b70b4157f5ac0
BNCI2014-001,7,csp_lda,channel_dropout,all_channels,2,0.2,9,22,4,0.5,0.7027348394768134,0.46997080673701946,0.474722170475193,0.3.2,participant,,,,,,a5508b68efe858976affddc55ddec1d52be0d4e3724ba6ec227b70b4157f5ac0
BNCI2014-001,7,csp_lda,channel_dropout,all_channels,2,0.3,0,22,7,0.5,0.6064209274673008,0.3856119558550733,0.37152114574969003,0.3.2,participant,,,,,,a5508b68efe858976affddc55ddec1d52be0d4e3724ba6ec227b70b4157f5ac0
BNCI2014-001,7,csp_lda,channel_dropout,all_channels,2,0.3,1,22,7,0.7241379310344828,0.7883472057074911,0.19394400365541123,0.12218282817822936,0.3.2,participant,,,,,,a5508b68efe858976affddc55ddec1d52be0d4e3724ba6ec227b70b4157f5ac0
BNCI2014-001,7,csp_lda,channel_dropout,all_channels,2,0.3,2,22,7,0.5862068965517242,0.6468489892984542,0.2553126192710271,0.19657226386366528,0.3.2,participant,,,,,,a5508b68efe858976affddc55ddec1d52be0d4e3724ba6ec227b70b4157f5ac0
BNCI2014-001,7,csp_lda,channel_dropout,all_channels,2,0.3,3,22,7,0.5,0.6171224732461356,0.4999999821271134,0.49999998925106787,0.3.2,participant,,,,,,a5508b68efe858976affddc55ddec1d52be0d4e3724ba6ec227b70b4157f5ac0
BNCI2014-001,7,csp_lda,channel_dropout,all_channels,2,0.3,4,22,7,0.5,0.441141498216409,0.4999999582143441,0.4999999702268716,0.3.2,participant,,,,,,a5508b68efe858976affddc55ddec1d52be0d4e3724ba6ec227b70b4157f5ac0
BNCI2014-001,7,csp_lda,channel_dropout,all_channels,2,0.3,5,22,7,0.5,0.6385255648038051,0.47880233567204195,0.4825874871065423,0.3.2,participant,,,,,,a5508b68efe858976affddc55ddec1d52be0d4e3724ba6ec227b70b4157f5ac0
BNCI2014-001,7,csp_lda,channel_dropout,all_channels,2,0.3,6,22,7,0.5344827586206896,0.7479191438763377,0.35819035447080394,0.38392372203834196,0.3.2,participant,,,,,,a5508b68efe858976affddc55ddec1d52be0d4e3724ba6ec227b70b4157f5ac0
BNCI2014-001,7,csp_lda,channel_dropout,all_channels,2,0.3,7,22,7,0.5172413793103449,0.7277051129607609,0.46372534648803054,0.4730757289751382,0.3.2,participant,,,,,,a5508b68efe858976affddc55ddec1d52be0d4e3724ba6ec227b70b4157f5ac0
BNCI2014-001,7,csp_lda,channel_dropout,all_channels,2,0.3,8,22,7,0.5,0.7419738406658739,0.4991609510379008,0.4994738398259403,0.3.2,participant,,,,,,a5508b68efe858976affddc55ddec1d52be0d4e3724ba6ec227b70b4157f5ac0
BNCI2014-001,7,csp_lda,channel_dropout,all_channels,2,0.3,9,22,7,0.5,0.539833531510107,0.4999456039266273,0.4999455820496315,0.3.2,participant,,,,,,a5508b68efe858976affddc55ddec1d52be0d4e3724ba6ec227b70b4157f5ac0
BNCI2014-001,7,csp_lda,channel_dropout,all_channels,2,0.5,0,22,11,0.5,0.5909631391200951,0.4983694526055685,0.49815563603795066,0.3.2,participant,,,,,,a5508b68efe858976affddc55ddec1d52be0d4e3724ba6ec227b70b4157f5ac0
BNCI2014-001,7,csp_lda,channel_dropout,all_channels,2,0.5,1,22,11,0.5,0.6872770511296076,0.49971144659046696,0.49980341865328265,0.3.2,participant,,,,,,a5508b68efe858976affddc55ddec1d52be0d4e3724ba6ec227b70b4157f5ac0
BNCI2014-001,7,csp_lda,channel_dropout,all_channels,2,0.5,2,22,11,0.5,0.7205707491082045,0.4999705569258424,0.49998145322575105,0.3.2,participant,,,,,,a5508b68efe858976affddc55ddec1d52be0d4e3724ba6ec227b70b4157f5ac0
BNCI2014-001,7,csp_lda,channel_dropout,all_channels,2,0.5,3,22,11,0.5,0.5517241379310345,0.4991610408308789,0.4992209768367657,0.3.2,participant,,,,,,a5508b68efe858976affddc55ddec1d52be0d4e3724ba6ec227b70b4157f5ac0
BNCI2014-001,7,csp_lda,channel_dropout,all_channels,2,0.5,4,22,11,0.5,0.7360285374554102,0.49975679886008606,0.499826831547901,0.3.2,participant,,,,,,a5508b68efe858976affddc55ddec1d52be0d4e3724ba6ec227b70b4157f5ac0
BNCI2014-001,7,csp_lda,channel_dropout,all_channels,2,0.5,5,22,11,0.5,0.6908442330558859,0.499945407137509,0.4999541923974184,0.3.2,participant,,,,,,a5508b68efe858976affddc55ddec1d52be0d4e3724ba6ec227b70b4157f5ac0
BNCI2014-001,7,csp_lda,channel_dropout,all_channels,2,0.5,6,22,11,0.5,0.6123662306777645,0.496582298738295,0.4964260383263907,0.3.2,participant,,,,,,a5508b68efe858976affddc55ddec1d52be0d4e3724ba6ec227b70b4157f5ac0
BNCI2014-001,7,csp_lda,channel_dropout,all_channels,2,0.5,7,22,11,0.6551724137931034,0.72294887039239,0.25323781132118406,0.22283774541785534,0.3.2,participant,,,,,,a5508b68efe858976affddc55ddec1d52be0d4e3724ba6ec227b70b4157f5ac0
BNCI2014-001,7,csp_lda,channel_dropout,all_channels,2,0.5,8,22,11,0.5,0.6908442330558858,0.49993299354507437,0.499948943197298,0.3.2,participant,,,,,,a5508b68efe858976affddc55ddec1d52be0d4e3724ba6ec227b70b4157f5ac0
BNCI2014-001,7,csp_lda,channel_dropout,all_channels,2,0.5,9,22,11,0.5,0.43043995243757427,0.49949864380723613,0.49950394373986895,0.3.2,participant,,,,,,a5508b68efe858976affddc55ddec1d52be0d4e3724ba6ec227b70b4157f5ac0
BNCI2014-001,7,csp_lda,clean,all_channels,3,0.0,0,22,0,0.7931034482758621,0.9250891795481571,0.11547498089188361,0.1519108671873167,0.3.2,participant,,,,,,a5508b68efe858976affddc55ddec1d52be0d4e3724ba6ec227b70b4157f5ac0
BNCI2014-001,7,csp_lda,channel_dropout,all_channels,3,0.1,0,22,2,0.5,0.8858501783590963,0.4954011170641039,0.49762216738235626,0.3.2,participant,,,,,,a5508b68efe858976affddc55ddec1d52be0d4e3724ba6ec227b70b4157f5ac0
BNCI2014-001,7,csp_lda,channel_dropout,all_channels,3,0.1,1,22,2,0.5172413793103449,0.8620689655172413,0.444801972516834,0.46591643267164656,0.3.2,participant,,,,,,a5508b68efe858976affddc55ddec1d52be0d4e3724ba6ec227b70b4157f5ac0
BNCI2014-001,7,csp_lda,channel_dropout,all_channels,3,0.1,2,22,2,0.5,0.8335315101070154,0.49996176430498507,0.4999798133577768,0.3.2,participant,,,,,,a5508b68efe858976affddc55ddec1d52be0d4e3724ba6ec227b70b4157f5ac0
BNCI2014-001,7,csp_lda,channel_dropout,all_channels,3,0.1,3,22,2,0.5,0.7574316290130797,0.49999999999999967,0.49999999999999983,0.3.2,participant,,,,,,a5508b68efe858976affddc55ddec1d52be0d4e3724ba6ec227b70b4157f5ac0
BNCI2014-001,7,csp_lda,channel_dropout,all_channels,3,0.1,4,22,2,0.5689655172413793,0.8406658739595719,0.35503548443350763,0.36898426855853494,0.3.2,participant,,,,,,a5508b68efe858976affddc55ddec1d52be0d4e3724ba6ec227b70b4157f5ac0
BNCI2014-001,7,csp_lda,channel_dropout,all_channels,3,0.1,5,22,2,0.5,0.751486325802616,0.49998432633322293,0.49999117975564844,0.3.2,participant,,,,,,a5508b68efe858976affddc55ddec1d52be0d4e3724ba6ec227b70b4157f5ac0
BNCI2014-001,7,csp_lda,channel_dropout,all_channels,3,0.1,6,22,2,0.5,0.751486325802616,0.4995550713852259,0.49974713472224636,0.3.2,participant,,,,,,a5508b68efe858976affddc55ddec1d52be0d4e3724ba6ec227b70b4157f5ac0
BNCI2014-001,7,csp_lda,channel_dropout,all_channels,3,0.1,7,22,2,0.603448275862069,0.906064209274673,0.3095025629985714,0.3483964007469062,0.3.2,participant,,,,,,a5508b68efe858976affddc55ddec1d52be0d4e3724ba6ec227b70b4157f5ac0
BNCI2014-001,7,csp_lda,channel_dropout,all_channels,3,0.1,8,22,2,0.5,0.6920332936979787,0.49860316848387637,0.4990620126757874,0.3.2,participant,,,,,,a5508b68efe858976affddc55ddec1d52be0d4e3724ba6ec227b70b4157f5ac0
BNCI2014-001,7,csp_lda,channel_dropout,all_channels,3,0.1,9,22,2,0.5,0.915576694411415,0.4988867131024539,0.49936498414340413,0.3.2,participant,,,,,,a5508b68efe858976affddc55ddec1d52be0d4e3724ba6ec227b70b4157f5ac0
BNCI2014-001,7,csp_lda,channel_dropout,all_channels,3,0.2,0,22,4,0.5172413793103449,0.6623067776456599,0.41185249955931946,0.4340569775960709,0.3.2,participant,,,,,,a5508b68efe858976affddc55ddec1d52be0d4e3724ba6ec227b70b4157f5ac0
BNCI2014-001,7,csp_lda,channel_dropout,all_channels,3,0.2,1,22,4,0.5,0.7110582639714625,0.459023705590172,0.47699928050767554,0.3.2,participant,,,,,,a5508b68efe858976affddc55ddec1d52be0d4e3724ba6ec227b70b4157f5ac0
BNCI2014-001,7,csp_lda,channel_dropout,all_channels,3,0.2,2,22,4,0.5,0.8240190249702735,0.4998977656024443,0.49993529587175545,0.3.2,participant,,,,,,a5508b68efe858976affddc55ddec1d52be0d4e3724ba6ec227b70b4157f5ac0
BNCI2014-001,7,csp_lda,channel_dropout,all_channels,3,0.2,3,22,4,0.5,0.7966706302021402,0.49996044677223056,0.4999784259455005,0.3.2,participant,,,,,,a5508b68efe858976affddc55ddec1d52be0d4e3724ba6ec227b70b4157f5ac0
BNCI2014-001,7,csp_lda,channel_dropout,all_channels,3,0.2,4,22,4,0.5,0.8299643281807372,0.4999999946879594,0.499999997015774,0.3.2,participant,,,,,,a5508b68efe858976affddc55ddec1d52be0d4e3724ba6ec227b70b4157f5ac0
BNCI2014-001,7,csp_lda,channel_dropout,all_channels,3,0.2,5,22,4,0.5,0.8085612366230678,0.4433657637053901,0.4592377746271557,0.3.2,participant,,,,,,a5508b68efe858976affddc55ddec1d52be0d4e3724ba6ec227b70b4157f5ac0
BNCI2014-001,7,csp_lda,channel_dropout,all_channels,3,0.2,6,22,4,0.5,0.8787158145065399,0.4999979549305111,0.49999879529839464,0.3.2,participant,,,,,,a5508b68efe858976affddc55ddec1d52be0d4e3724ba6ec227b70b4157f5ac0
BNCI2014-001,7,csp_lda,channel_dropout,all_channels,3,0.2,7,22,4,0.5862068965517241,0.6480380499405469,0.28437444033406967,0.27621876514640464,0.3.2,participant,,,,,,a5508b68efe858976affddc55ddec1d52be0d4e3724ba6ec227b70b4157f5ac0
BNCI2014-001,7,csp_lda,channel_dropout,all_channels,3,0.2,8,22,4,0.5,0.6111771700356718,0.4999895953248036,0.49999234935905407,0.3.2,participant,,,,,,a5508b68efe858976affddc55ddec1d52be0d4e3724ba6ec227b70b4157f5ac0
BNCI2014-001,7,csp_lda,channel_dropout,all_channels,3,0.2,9,22,4,0.5,0.7621878715814506,0.4999997181090683,0.49999985364605487,0.3.2,participant,,,,,,a5508b68efe858976affddc55ddec1d52be0d4e3724ba6ec227b70b4157f5ac0
BNCI2014-001,7,csp_lda,channel_dropout,all_channels,3,0.3,0,22,7,0.5,0.7824019024970273,0.4999999999294021,0.499999999952923,0.3.2,participant,,,,,,a5508b68efe858976affddc55ddec1d52be0d4e3724ba6ec227b70b4157f5ac0
BNCI2014-001,7,csp_lda,channel_dropout,all_channels,3,0.3,1,22,7,0.5,0.5802615933412605,0.4955393992087221,0.49685611603075697,0.3.2,participant,,,,,,a5508b68efe858976affddc55ddec1d52be0d4e3724ba6ec227b70b4157f5ac0
BNCI2014-001,7,csp_lda,channel_dropout,all_channels,3,0.3,2,22,7,0.5,0.7669441141498218,0.4991272576353239,0.4993422592229597,0.3.2,participant,,,,,,a5508b68efe858976affddc55ddec1d52be0d4e3724ba6ec227b70b4157f5ac0
BNCI2014-001,7,csp_lda,channel_dropout,all_channels,3,0.3,3,22,7,0.5,0.72294887039239,0.4168948300968967,0.4266637093735968,0.3.2,participant,,,,,,a5508b68efe858976affddc55ddec1d52be0d4e3724ba6ec227b70b4157f5ac0
BNCI2014-001,7,csp_lda,channel_dropout,all_channels,3,0.3,4,22,7,0.5,0.6599286563614745,0.49993685330273074,0.49993487055287034,0.3.2,participant,,,,,,a5508b68efe858976affddc55ddec1d52be0d4e3724ba6ec227b70b4157f5ac0
BNCI2014-001,7,csp_lda,channel_dropout,all_channels,3,0.3,5,22,7,0.5,0.6385255648038051,0.49999999999988487,0.49999999999993483,0.3.2,participant,,,,,,a5508b68efe858976affddc55ddec1d52be0d4e3724ba6ec227b70b4157f5ac0
BNCI2014-001,7,csp_lda,channel_dropout,all_channels,3,0.3,6,22,7,0.5,0.6587395957193817,0.4999999996822371,0.4999999998194156,0.3.2,participant,,,,,,a5508b68efe858976affddc55ddec1d52be0d4e3724ba6ec227b70b4157f5ac0
BNCI2014-001,7,csp_lda,channel_dropout,all_channels,3,0.3,7,22,7,0.5,0.689655172413793,0.49882068452256934,0.49914520192892176,0.3.2,participant,,,,,,a5508b68efe858976affddc55ddec1d52be0d4e3724ba6ec227b70b4157f5ac0
BNCI2014-001,7,csp_lda,channel_dropout,all_channels,3,0.3,8,22,7,0.603448275862069,0.6801426872770512,0.23105540196665336,0.10507943627240865,0.3.2,participant,,,,,,a5508b68efe858976affddc55ddec1d52be0d4e3724ba6ec227b70b4157f5ac0
BNCI2014-001,7,csp_lda,channel_dropout,all_channels,3,0.3,9,22,7,0.5,0.8561236623067776,0.49999999651716537,0.49999999808893997,0.3.2,participant,,,,,,a5508b68efe858976affddc55ddec1d52be0d4e3724ba6ec227b70b4157f5ac0
BNCI2014-001,7,csp_lda,channel_dropout,all_channels,3,0.5,0,22,11,0.5,0.7574316290130797,0.4999997767212523,0.499999864093157,0.3.2,participant,,,,,,a5508b68efe858976affddc55ddec1d52be0d4e3724ba6ec227b70b4157f5ac0
BNCI2014-001,7,csp_lda,channel_dropout,all_channels,3,0.5,1,22,11,0.5,0.8739595719381689,0.47468681436183113,0.48478673254040167,0.3.2,participant,,,,,,a5508b68efe858976affddc55ddec1d52be0d4e3724ba6ec227b70b4157f5ac0
BNCI2014-001,7,csp_lda,channel_dropout,all_channels,3,0.5,2,22,11,0.5,0.6872770511296077,0.4998621319699713,0.49991026927883725,0.3.2,participant,,,,,,a5508b68efe858976affddc55ddec1d52be0d4e3724ba6ec227b70b4157f5ac0
BNCI2014-001,7,csp_lda,channel_dropout,all_channels,3,0.5,3,22,11,0.5,0.7015457788347206,0.4809635471142113,0.4863886389498358,0.3.2,participant,,,,,,a5508b68efe858976affddc55ddec1d52be0d4e3724ba6ec227b70b4157f5ac0
BNCI2014-001,7,csp_lda,channel_dropout,all_channels,3,0.5,4,22,11,0.5344827586206896,0.6789536266349584,0.40045788482103717,0.4109753996115133,0.3.2,participant,,,,,,a5508b68efe858976affddc55ddec1d52be0d4e3724ba6ec227b70b4157f5ac0
BNCI2014-001,7,csp_lda,channel_dropout,all_channels,3,0.5,5,22,11,0.5,0.7764565992865636,0.49782576452516863,0.4984776358777746,0.3.2,participant,,,,,,a5508b68efe858976affddc55ddec1d52be0d4e3724ba6ec227b70b4157f5ac0
BNCI2014-001,7,csp_lda,channel_dropout,all_channels,3,0.5,6,22,11,0.5862068965517242,0.7954815695600476,0.34839947023746803,0.37754713970858056,0.3.2,participant,,,,,,a5508b68efe858976affddc55ddec1d52be0d4e3724ba6ec227b70b4157f5ac0
BNCI2014-001,7,csp_lda,channel_dropout,all_channels,3,0.5,7,22,11,0.5,0.6682520808561236,0.4999921301756537,0.4999959150786586,0.3.2,participant,,,,,,a5508b68efe858976affddc55ddec1d52be0d4e3724ba6ec227b70b4157f5ac0
BNCI2014-001,7,csp_lda,channel_dropout,all_channels,3,0.5,8,22,11,0.5,0.46135552913198574,0.49999973767501804,0.4999998064421637,0.3.2,participant,,,,,,a5508b68efe858976affddc55ddec1d52be0d4e3724ba6ec227b70b4157f5ac0
BNCI2014-001,7,csp_lda,channel_dropout,all_channels,3,0.5,9,22,11,0.5,0.5755053507728894,0.43935187896813177,0.441026814279932,0.3.2,participant,,,,,,a5508b68efe858976affddc55ddec1d52be0d4e3724ba6ec227b70b4157f5ac0
BNCI2014-001,7,csp_lda,clean,all_channels,4,0.0,0,22,0,0.9476600985221675,0.9864532019704433,0.04713644766107183,0.05775519245583703,0.3.2,participant,,,,,,a5508b68efe858976affddc55ddec1d52be0d4e3724ba6ec227b70b4157f5ac0
BNCI2014-001,7,csp_lda,channel_dropout,all_channels,4,0.1,0,22,2,0.5548029556650246,0.727832512315271,0.34695001739499876,0.36961911217139437,0.3.2,participant,,,,,,a5508b68efe858976affddc55ddec1d52be0d4e3724ba6ec227b70b4157f5ac0
BNCI2014-001,7,csp_lda,channel_dropout,all_channels,4,0.1,1,22,2,0.5,0.8189655172413793,0.508771922674519,0.5087719258687476,0.3.2,participant,,,,,,a5508b68efe858976affddc55ddec1d52be0d4e3724ba6ec227b70b4157f5ac0
BNCI2014-001,7,csp_lda,channel_dropout,all_channels,4,0.1,2,22,2,0.5862068965517242,0.9642857142857142,0.33708259732429857,0.39602862413402484,0.3.2,participant,,,,,,a5508b68efe858976affddc55ddec1d52be0d4e3724ba6ec227b70b4157f5ac0
BNCI2014-001,7,csp_lda,channel_dropout,all_channels,4,0.1,3,22,2,0.5714285714285714,0.8830049261083744,0.33211407602711424,0.3693010121721342,0.3.2,participant,,,,,,a5508b68efe858976affddc55ddec1d52be0d4e3724ba6ec227b70b4157f5ac0
BNCI2014-001,7,csp_lda,channel_dropout,all_channels,4,0.1,4,22,2,0.5,0.6157635467980296,0.49122806992614954,0.4912280700060948,0.3.2,participant,,,,,,a5508b68efe858976affddc55ddec1d52be0d4e3724ba6ec227b70b4157f5ac0
BNCI2014-001,7,csp_lda,channel_dropout,all_channels,4,0.1,5,22,2,0.5480295566502463,0.6896551724137931,0.3170783326087589,0.3198008271285742,0.3.2,participant,,,,,,a5508b68efe858976affddc55ddec1d52be0d4e3724ba6ec227b70b4157f5ac0
BNCI2014-001,7,csp_lda,channel_dropout,all_channels,4,0.1,6,22,2,0.5178571428571429,0.5738916256157636,0.41499061712902463,0.42699943858070155,0.3.2,participant,,,,,,a5508b68efe858976affddc55ddec1d52be0d4e3724ba6ec227b70b4157f5ac0
BNCI2014-001,7,csp_lda,channel_dropout,all_channels,4,0.1,7,22,2,0.5,0.603448275862069,0.49122788279229235,0.49122790864708454,0.3.2,participant,,,,,,a5508b68efe858976affddc55ddec1d52be0d4e3724ba6ec227b70b4157f5ac0
BNCI2014-001,7,csp_lda,channel_dropout,all_channels,4,0.1,8,22,2,0.5,0.7807881773399015,0.4912280673886444,0.4912280686947201,0.3.2,participant,,,,,,a5508b68efe858976affddc55ddec1d52be0d4e3724ba6ec227b70b4157f5ac0
BNCI2014-001,7,csp_lda,channel_dropout,all_channels,4,0.1,9,22,2,0.5714285714285714,0.8596059113300493,0.31768888043692267,0.3528601792507231,0.3.2,participant,,,,,,a5508b68efe858976affddc55ddec1d52be0d4e3724ba6ec227b70b4157f5ac0
BNCI2014-001,7,csp_lda,channel_dropout,all_channels,4,0.2,0,22,4,0.49384236453201974,0.6440886699507389,0.32128640586329416,0.32030299079506036,0.3.2,participant,,,,,,a5508b68efe858976affddc55ddec1d52be0d4e3724ba6ec227b70b4157f5ac0
BNCI2014-001,7,csp_lda,channel_dropout,all_channels,4,0.2,1,22,4,0.5,0.8423645320197044,0.49111674588802684,0.49117130431128214,0.3.2,participant,,,,,,a5508b68efe858976affddc55ddec1d52be0d4e3724ba6ec227b70b4157f5ac0
BNCI2014-001,7,csp_lda,channel_dropout,all_channels,4,0.2,2,22,4,0.5,0.6551724137931033,0.491183063433697,0.4911893958129388,0.3.2,participant,,,,,,a5508b68efe858976affddc55ddec1d52be0d4e3724ba6ec227b70b4157f5ac0
BNCI2014-001,7,csp_lda,channel_dropout,all_channels,4,0.2,3,22,4,0.5,0.645320197044335,0.4912280628136542,0.49122806388314244,0.3.2,participant,,,,,,a5508b68efe858976affddc55ddec1d52be0d4e3724ba6ec227b70b4157f5ac0
BNCI2014-001,7,csp_lda,channel_dropout,all_channels,4,0.2,4,22,4,0.5172413793103449,0.665024630541872,0.42075274231929766,0.4166220803908813,0.3.2,participant,,,,,,a5508b68efe858976affddc55ddec1d52be0d4e3724ba6ec227b70b4157f5ac0
BNCI2014-001,7,csp_lda,channel_dropout,all_channels,4,0.2,5,22,4,0.5,0.6268472906403941,0.4912280198784271,0.4912280242989915,0.3.2,participant,,,,,,a5508b68efe858976affddc55ddec1d52be0d4e3724ba6ec227b70b4157f5ac0
BNCI2014-001,7,csp_lda,channel_dropout,all_channels,4,0.2,6,22,4,0.5,0.5086206896551724,0.5087708004526821,0.5087709968923255,0.3.2,participant,,,,,,a5508b68efe858976affddc55ddec1d52be0d4e3724ba6ec227b70b4157f5ac0
BNCI2014-001,7,csp_lda,channel_dropout,all_channels,4,0.2,7,22,4,0.5905172413793103,0.8004926108374384,0.25660699983708246,0.26088019658116013,0.3.2,participant,,,,,,a5508b68efe858976affddc55ddec1d52be0d4e3724ba6ec227b70b4157f5ac0
BNCI2014-001,7,csp_lda,channel_dropout,all_channels,4,0.2,8,22,4,0.5,0.6995073891625616,0.4912279662210518,0.4912280026893973,0.3.2,participant,,,,,,a5508b68efe858976affddc55ddec1d52be0d4e3724ba6ec227b70b4157f5ac0
BNCI2014-001,7,csp_lda,channel_dropout,all_channels,4,0.2,9,22,4,0.5818965517241379,0.5443349753694582,0.34891491153181997,0.35207503324555284,0.3.2,participant,,,,,,a5508b68efe858976affddc55ddec1d52be0d4e3724ba6ec227b70b4157f5ac0
BNCI2014-001,7,csp_lda,channel_dropout,all_channels,4,0.3,0,22,7,0.5,0.6699507389162562,0.4912280701706084,0.4912280701720195,0.3.2,participant,,,,,,a5508b68efe858976affddc55ddec1d52be0d4e3724ba6ec227b70b4157f5ac0
BNCI2014-001,7,csp_lda,channel_dropout,all_channels,4,0.3,1,22,7,0.5,0.5886699507389163,0.5069423196114241,0.5062350555458881,0.3.2,participant,,,,,,a5508b68efe858976affddc55ddec1d52be0d4e3724ba6ec227b70b4157f5ac0
BNCI2014-001,7,csp_lda,channel_dropout,all_channels,4,0.3,2,22,7,0.5,0.6724137931034484,0.49118077039921704,0.49118689730999565,0.3.2,participant,,,,,,a5508b68efe858976affddc55ddec1d52be0d4e3724ba6ec227b70b4157f5ac0
BNCI2014-001,7,csp_lda,channel_dropout,all_channels,4,0.3,3,22,7,0.5,0.6871921182266011,0.39290555981826203,0.3970311697364481,0.3.2,participant,,,,,,a5508b68efe858976affddc55ddec1d52be0d4e3724ba6ec227b70b4157f5ac0
BNCI2014-001,7,csp_lda,channel_dropout,all_channels,4,0.3,4,22,7,0.5,0.6206896551724137,0.49122803328228715,0.4912280493757027,0.3.2,participant,,,,,,a5508b68efe858976affddc55ddec1d52be0d4e3724ba6ec227b70b4157f5ac0
BNCI2014-001,7,csp_lda,channel_dropout,all_channels,4,0.3,5,22,7,0.5,0.49014778325123154,0.5039161401560209,0.5031021316832971,0.3.2,participant,,,,,,a5508b68efe858976affddc55ddec1d52be0d4e3724ba6ec227b70b4157f5ac0
BNCI2014-001,7,csp_lda,channel_dropout,all_channels,4,0.3,6,22,7,0.5658866995073891,0.6219211822660099,0.324518101890247,0.3072872089134837,0.3.2,participant,,,,,,a5508b68efe858976affddc55ddec1d52be0d4e3724ba6ec227b70b4157f5ac0
BNCI2014-001,7,csp_lda,channel_dropout,all_channels,4,0.3,7,22,7,0.5652709359605912,0.6022167487684729,0.3629032052761773,0.36043161018862113,0.3.2,participant,,,,,,a5508b68efe858976affddc55ddec1d52be0d4e3724ba6ec227b70b4157f5ac0
BNCI2014-001,7,csp_lda,channel_dropout,all_channels,4,0.3,8,22,7,0.5,0.6453201970443351,0.5026393727536308,0.5072893007547067,0.3.2,participant,,,,,,a5508b68efe858976affddc55ddec1d52be0d4e3724ba6ec227b70b4157f5ac0
BNCI2014-001,7,csp_lda,channel_dropout,all_channels,4,0.3,9,22,7,0.5,0.5935960591133004,0.49040515505364146,0.49060084572862844,0.3.2,participant,,,,,,a5508b68efe858976affddc55ddec1d52be0d4e3724ba6ec227b70b4157f5ac0
BNCI2014-001,7,csp_lda,channel_dropout,all_channels,4,0.5,0,22,11,0.5,0.5431034482758621,0.4912280083727273,0.4912280095969229,0.3.2,participant,,,,,,a5508b68efe858976affddc55ddec1d52be0d4e3724ba6ec227b70b4157f5ac0
BNCI2014-001,7,csp_lda,channel_dropout,all_channels,4,0.5,1,22,11,0.5067733990147784,0.4655172413793104,0.33562415755605407,0.24289306480175776,0.3.2,participant,,,,,,a5508b68efe858976affddc55ddec1d52be0d4e3724ba6ec227b70b4157f5ac0
BNCI2014-001,7,csp_lda,channel_dropout,all_channels,4,0.5,2,22,11,0.5,0.5923645320197044,0.5087677283959164,0.5087674047763329,0.3.2,participant,,,,,,a5508b68efe858976affddc55ddec1d52be0d4e3724ba6ec227b70b4157f5ac0
BNCI2014-001,7,csp_lda,channel_dropout,all_channels,4,0.5,3,22,11,0.5172413793103449,0.39532019704433496,0.4837383290723984,0.483780914835115,0.3.2,participant,,,,,,a5508b68efe858976affddc55ddec1d52be0d4e3724ba6ec227b70b4157f5ac0
BNCI2014-001,7,csp_lda,channel_dropout,all_channels,4,0.5,4,22,11,0.5658866995073891,0.4938423645320197,0.32463157696703354,0.30824026242964064,0.3.2,participant,,,,,,a5508b68efe858976affddc55ddec1d52be0d4e3724ba6ec227b70b4157f5ac0
BNCI2014-001,7,csp_lda,channel_dropout,all_channels,4,0.5,5,22,11,0.5,0.5431034482758621,0.4676736816705599,0.47145259891894153,0.3.2,participant,,,,,,a5508b68efe858976affddc55ddec1d52be0d4e3724ba6ec227b70b4157f5ac0
BNCI2014-001,7,csp_lda,channel_dropout,all_channels,4,0.5,6,22,11,0.5,0.5726600985221675,0.48986033120470773,0.4900045360798092,0.3.2,participant,,,,,,a5508b68efe858976affddc55ddec1d52be0d4e3724ba6ec227b70b4157f5ac0
BNCI2014-001,7,csp_lda,channel_dropout,all_channels,4,0.5,7,22,11,0.5812807881773399,0.5775862068965517,0.28097686087114393,0.16803977171449444,0.3.2,participant,,,,,,a5508b68efe858976affddc55ddec1d52be0d4e3724ba6ec227b70b4157f5ac0
BNCI2014-001,7,csp_lda,channel_dropout,all_channels,4,0.5,8,22,11,0.5,0.5394088669950738,0.508771929255898,0.5087719292928533,0.3.2,participant,,,,,,a5508b68efe858976affddc55ddec1d52be0d4e3724ba6ec227b70b4157f5ac0
BNCI2014-001,7,csp_lda,channel_dropout,all_channels,4,0.5,9,22,11,0.5,0.6256157635467982,0.4911910326089883,0.49119788543464515,0.3.2,participant,,,,,,a5508b68efe858976affddc55ddec1d52be0d4e3724ba6ec227b70b4157f5ac0
BNCI2014-001,7,csp_lda,clean,all_channels,5,0.0,0,22,0,0.7549261083743842,0.8682266009852218,0.1682489781665528,0.13623174664762094,0.3.2,participant,,,,,,a5508b68efe858976affddc55ddec1d52be0d4e3724ba6ec227b70b4157f5ac0
BNCI2014-001,7,csp_lda,channel_dropout,all_channels,5,0.1,0,22,2,0.5714285714285714,0.8041871921182266,0.3496386400578824,0.37699899319873187,0.3.2,participant,,,,,,a5508b68efe858976affddc55ddec1d52be0d4e3724ba6ec227b70b4157f5ac0
BNCI2014-001,7,csp_lda,channel_dropout,all_channels,5,0.1,1,22,2,0.5,0.7635467980295567,0.4912242989762485,0.49122467274626347,0.3.2,participant,,,,,,a5508b68efe858976affddc55ddec1d52be0d4e3724ba6ec227b70b4157f5ac0
BNCI2014-001,7,csp_lda,channel_dropout,all_channels,5,0.1,2,22,2,0.5,0.4852216748768473,0.5087717497796828,0.5087717942195331,0.3.2,participant,,,,,,a5508b68efe858976affddc55ddec1d52be0d4e3724ba6ec227b70b4157f5ac0
BNCI2014-001,7,csp_lda,channel_dropout,all_channels,5,0.1,3,22,2,0.5,0.7783251231527094,0.5087575694374782,0.5087646759208119,0.3.2,participant,,,,,,a5508b68efe858976affddc55ddec1d52be0d4e3724ba6ec227b70b4157f5ac0
BNCI2014-001,7,csp_lda,channel_dropout,all_channels,5,0.1,4,22,2,0.5,0.6896551724137931,0.5087719298237794,0.5087719298241512,0.3.2,participant,,,,,,a5508b68efe858976affddc55ddec1d52be0d4e3724ba6ec227b70b4157f5ac0
BNCI2014-001,7,csp_lda,channel_dropout,all_channels,5,0.1,5,22,2,0.5,0.7339901477832512,0.4755419163876362,0.4799461706027486,0.3.2,participant,,,,,,a5508b68efe858976affddc55ddec1d52be0d4e3724ba6ec227b70b4157f5ac0
BNCI2014-001,7,csp_lda,channel_dropout,all_channels,5,0.1,6,22,2,0.5,0.7438423645320197,0.5087719291827997,0.5087719294789936,0.3.2,participant,,,,,,a5508b68efe858976affddc55ddec1d52be0d4e3724ba6ec227b70b4157f5ac0
BNCI2014-001,7,csp_lda,channel_dropout,all_channels,5,0.1,7,22,2,0.518472906403941,0.7943349753694581,0.4132550520763347,0.4330149257675079,0.3.2,participant,,,,,,a5508b68efe858976affddc55ddec1d52be0d4e3724ba6ec227b70b4157f5ac0
BNCI2014-001,7,csp_lda,channel_dropout,all_channels,5,0.1,8,22,2,0.5,0.8140394088669951,0.5064724168915676,0.5075123471020969,0.3.2,participant,,,,,,a5508b68efe858976affddc55ddec1d52be0d4e3724ba6ec227b70b4157f5ac0
BNCI2014-001,7,csp_lda,channel_dropout,all_channels,5,0.1,9,22,2,0.7198275862068966,0.8091133004926109,0.18453618532131844,0.13995439939814944,0.3.2,participant,,,,,,a5508b68efe858976affddc55ddec1d52be0d4e3724ba6ec227b70b4157f5ac0
BNCI2014-001,7,csp_lda,channel_dropout,all_channels,5,0.2,0,22,4,0.5,0.5135467980295566,0.5072349815919288,0.5073931404619071,0.3.2,participant,,,,,,a5508b68efe858976affddc55ddec1d52be0d4e3724ba6ec227b70b4157f5ac0
BNCI2014-001,7,csp_lda,channel_dropout,all_channels,5,0.2,1,22,4,0.5,0.7376847290640394,0.4776031436589687,0.48971339109662965,0.3.2,participant,,,,,,a5508b68efe858976affddc55ddec1d52be0d4e3724ba6ec227b70b4157f5ac0
BNCI2014-001,7,csp_lda,channel_dropout,all_channels,5,0.2,2,22,4,0.5,0.7426108374384237,0.5085679276629365,0.5086653022150588,0.3.2,participant,,,,,,a5508b68efe858976affddc55ddec1d52be0d4e3724ba6ec227b70b4157f5ac0
BNCI2014-001,7,csp_lda,channel_dropout,all_channels,5,0.2,3,22,4,0.5,0.5652709359605912,0.5087434853579579,0.5087500150138263,0.3.2,participant,,,,,,a5508b68efe858976affddc55ddec1d52be0d4e3724ba6ec227b70b4157f5ac0
BNCI2014-001,7,csp_lda,channel_dropout,all_channels,5,0.2,4,22,4,0.5,0.6342364532019704,0.491228070153579,0.49122807016124714,0.3.2,participant,,,,,,a5508b68efe858976affddc55ddec1d52be0d4e3724ba6ec227b70b4157f5ac0
BNCI2014-001,7,csp_lda,channel_dropout,all_channels,5,0.2,5,22,4,0.6828817733990147,0.708128078817734,0.23711386973275791,0.1928818149270793,0.3.2,participant,,,,,,a5508b68efe858976affddc55ddec1d52be0d4e3724ba6ec227b70b4157f5ac0
BNCI2014-001,7,csp_lda,channel_dropout,all_channels,5,0.2,6,22,4,0.5,0.7746305418719213,0.4906511338330492,0.49085347314816885,0.3.2,participant,,,,,,a5508b68efe858976affddc55ddec1d52be0d4e3724ba6ec227b70b4157f5ac0
BNCI2014-001,7,csp_lda,channel_dropout,all_channels,5,0.2,7,22,4,0.5,0.7118226600985222,0.4912220190480111,0.49122356824712265,0.3.2,participant,,,,,,a5508b68efe858976affddc55ddec1d52be0d4e3724ba6ec227b70b4157f5ac0
BNCI2014-001,7,csp_lda,channel_dropout,all_channels,5,0.2,8,22,4,0.5,0.5899014778325123,0.5083460474329167,0.5084332853414417,0.3.2,participant,,,,,,a5508b68efe858976affddc55ddec1d52be0d4e3724ba6ec227b70b4157f5ac0
BNCI2014-001,7,csp_lda,channel_dropout,all_channels,5,0.2,9,22,4,0.6206896551724138,0.7007389162561576,0.33324120824716796,0.350880759855769,0.3.2,participant,,,,,,a5508b68efe858976affddc55ddec1d52be0d4e3724ba6ec227b70b4157f5ac0
BNCI2014-001,7,csp_lda,channel_dropout,all_channels,5,0.3,0,22,7,0.5172413793103449,0.7820197044334976,0.4048432341261299,0.44046180315791905,0.3.2,participant,,,,,,a5508b68efe858976affddc55ddec1d52be0d4e3724ba6ec227b70b4157f5ac0
BNCI2014-001,7,csp_lda,channel_dropout,all_channels,5,0.3,1,22,7,0.5,0.7438423645320197,0.48756217626169684,0.4890491982329529,0.3.2,participant,,,,,,a5508b68efe858976affddc55ddec1d52be0d4e3724ba6ec227b70b4157f5ac0
BNCI2014-001,7,csp_lda,channel_dropout,all_channels,5,0.3,2,22,7,0.5,0.5036945812807883,0.508767151968195,0.5087670444349522,0.3.2,participant,,,,,,a5508b68efe858976affddc55ddec1d52be0d4e3724ba6ec227b70b4157f5ac0
BNCI2014-001,7,csp_lda,channel_dropout,all_channels,5,0.3,3,22,7,0.5,0.7204433497536945,0.5087661887996687,0.5087685854931803,0.3.2,participant,,,,,,a5508b68efe858976affddc55ddec1d52be0d4e3724ba6ec227b70b4157f5ac0
BNCI2014-001,7,csp_lda,channel_dropout,all_channels,5,0.3,4,22,7,0.6200738916256158,0.6502463054187192,0.32412359977301913,0.3078491796232968,0.3.2,participant,,,,,,a5508b68efe858976affddc55ddec1d52be0d4e3724ba6ec227b70b4157f5ac0
BNCI2014-001,7,csp_lda,channel_dropout,all_channels,5,0.3,5,22,7,0.5,0.6600985221674877,0.5087719294012232,0.5087719295625469,0.3.2,participant,,,,,,a5508b68efe858976affddc55ddec1d52be0d4e3724ba6ec227b70b4157f5ac0
BNCI2014-001,7,csp_lda,channel_dropout,all_channels,5,0.3,6,22,7,0.5,0.5763546798029557,0.50432781232495,0.5062804578780058,0.3.2,participant,,,,,,a5508b68efe858976affddc55ddec1d52be0d4e3724ba6ec227b70b4157f5ac0
BNCI2014-001,7,csp_lda,channel_dropout,all_channels,5,0.3,7,22,7,0.5,0.7130541871921183,0.49120446896828135,0.49120350020723547,0.3.2,participant,,,,,,a5508b68efe858976affddc55ddec1d52be0d4e3724ba6ec227b70b4157f5ac0
BNCI2014-001,7,csp_lda,channel_dropout,all_channels,5,0.3,8,22,7,0.5,0.5147783251231527,0.5087719098736998,0.5087719174501721,0.3.2,participant,,,,,,a5508b68efe858976affddc55ddec1d52be0d4e3724ba6ec227b70b4157f5ac0
BNCI2014-001,7,csp_lda,channel_dropout,all_channels,5,0.3,9,22,7,0.5,0.7697044334975369,0.49122761582445074,0.49122774193572627,0.3.2,participant,,,,,,a5508b68efe858976affddc55ddec1d52be0d4e3724ba6ec227b70b4157f5ac0
BNCI2014-001,7,csp_lda,channel_dropout,all_channels,5,0.5,0,22,11,0.4088669950738916,0.458128078817734,0.3731284446496204,0.36204664185342733,0.3.2,participant,,,,,,a5508b68efe858976affddc55ddec1d52be0d4e3724ba6ec227b70b4157f5ac0
BNCI2014-001,7,csp_lda,channel_dropout,all_channels,5,0.5,1,22,11,0.5,0.4950738916256158,0.4540312486035194,0.4598993625557882,0.3.2,participant,,,,,,a5508b68efe858976affddc55ddec1d52be0d4e3724ba6ec227b70b4157f5ac0
BNCI2014-001,7,csp_lda,channel_dropout,all_channels,5,0.5,2,22,11,0.5,0.5800492610837438,0.491225067251253,0.49122517213360317,0.3.2,participant,,,,,,a5508b68efe858976affddc55ddec1d52be0d4e3724ba6ec227b70b4157f5ac0
BNCI2014-001,7,csp_lda,channel_dropout,all_channels,5,0.5,3,22,11,0.5,0.6847290640394089,0.50877192982098,0.5087719298220398,0.3.2,participant,,,,,,a5508b68efe858976affddc55ddec1d52be0d4e3724ba6ec227b70b4157f5ac0
BNCI2014-001,7,csp_lda,channel_dropout,all_channels,5,0.5,4,22,11,0.5,0.7241379310344829,0.5086536732086154,0.5087048506912737,0.3.2,participant,,,,,,a5508b68efe858976affddc55ddec1d52be0d4e3724ba6ec227b70b4157f5ac0
BNCI2014-001,7,csp_lda,channel_dropout,all_channels,5,0.5,5,22,11,0.5,0.7019704433497537,0.49122806790136875,0.4912280686029825,0.3.2,participant,,,,,,a5508b68efe858976affddc55ddec1d52be0d4e3724ba6ec227b70b4157f5ac0
BNCI2014-001,7,csp_lda,channel_dropout,all_channels,5,0.5,6,22,11,0.5,0.5344827586206897,0.4912280678004958,0.4912280681103738,0.3.2,participant,,,,,,a5508b68efe858976affddc55ddec1d52be0d4e3724ba6ec227b70b4157f5ac0
BNCI2014-001,7,csp_lda,channel_dropout,all_channels,5,0.5,7,22,11,0.5,0.6761083743842364,0.48134318693455175,0.4872266504947484,0.3.2,participant,,,,,,a5508b68efe858976affddc55ddec1d52be0d4e3724ba6ec227b70b4157f5ac0
BNCI2014-001,7,csp_lda,channel_dropout,all_channels,5,0.5,8,22,11,0.6533251231527094,0.6970443349753693,0.2574053538668309,0.27344009875580316,0.3.2,participant,,,,,,a5508b68efe858976affddc55ddec1d52be0d4e3724ba6ec227b70b4157f5ac0
BNCI2014-001,7,csp_lda,channel_dropout,all_channels,5,0.5,9,22,11,0.5,0.6342364532019705,0.49122757666657396,0.49122770962614426,0.3.2,participant,,,,,,a5508b68efe858976affddc55ddec1d52be0d4e3724ba6ec227b70b4157f5ac0
BNCI2014-001,7,csp_lda,reduced_montage,motor_core,1,0.0,0,3,0,0.7068965517241379,0.7681331747919143,0.1996087567569875,0.08825045907738184,0.3.2,not_applicable,"C3,Cz,C4",,,,,a5508b68efe858976affddc55ddec1d52be0d4e3724ba6ec227b70b4157f5ac0
BNCI2014-001,7,csp_lda,reduced_montage,motor_core,2,0.0,0,3,0,0.6551724137931034,0.7479191438763377,0.20402414163605653,0.11588777055551053,0.3.2,not_applicable,"C3,Cz,C4",,,,,a5508b68efe858976affddc55ddec1d52be0d4e3724ba6ec227b70b4157f5ac0
BNCI2014-001,7,csp_lda,reduced_montage,motor_core,3,0.0,0,3,0,0.6379310344827587,0.6682520808561238,0.22929068159232702,0.12911913101082007,0.3.2,not_applicable,"C3,Cz,C4",,,,,a5508b68efe858976affddc55ddec1d52be0d4e3724ba6ec227b70b4157f5ac0
BNCI2014-001,7,csp_lda,reduced_montage,motor_core,4,0.0,0,3,0,0.5788177339901477,0.6182266009852218,0.23735158262635223,0.1216295474674735,0.3.2,not_applicable,"C3,Cz,C4",,,,,a5508b68efe858976affddc55ddec1d52be0d4e3724ba6ec227b70b4157f5ac0
BNCI2014-001,7,csp_lda,reduced_montage,motor_core,5,0.0,0,3,0,0.5972906403940887,0.6625615763546797,0.23406425941960454,0.1351477367555606,0.3.2,not_applicable,"C3,Cz,C4",,,,,a5508b68efe858976affddc55ddec1d52be0d4e3724ba6ec227b70b4157f5ac0
BNCI2014-001,7,csp_lda,reduced_montage,motor_extended,1,0.0,0,9,0,0.7413793103448276,0.7681331747919143,0.1944196560863911,0.12540602460478417,0.3.2,not_applicable,"FC3,FCz,FC4,C3,Cz,C4,CP3,CPz,CP4",,,,,a5508b68efe858976affddc55ddec1d52be0d4e3724ba6ec227b70b4157f5ac0
BNCI2014-001,7,csp_lda,reduced_montage,motor_extended,2,0.0,0,9,0,0.7413793103448276,0.8537455410225921,0.162897126227852,0.1411817561556829,0.3.2,not_applicable,"FC3,FCz,FC4,C3,Cz,C4,CP3,CPz,CP4",,,,,a5508b68efe858976affddc55ddec1d52be0d4e3724ba6ec227b70b4157f5ac0
BNCI2014-001,7,csp_lda,reduced_montage,motor_extended,3,0.0,0,9,0,0.6551724137931034,0.7312722948870393,0.20409937201211434,0.12083753284239684,0.3.2,not_applicable,"FC3,FCz,FC4,C3,Cz,C4,CP3,CPz,CP4",,,,,a5508b68efe858976affddc55ddec1d52be0d4e3724ba6ec227b70b4157f5ac0
BNCI2014-001,7,csp_lda,reduced_montage,motor_extended,4,0.0,0,9,0,0.7013546798029557,0.7647783251231528,0.19651932705205313,0.10361931065695835,0.3.2,not_applicable,"FC3,FCz,FC4,C3,Cz,C4,CP3,CPz,CP4",,,,,a5508b68efe858976affddc55ddec1d52be0d4e3724ba6ec227b70b4157f5ac0
BNCI2014-001,7,csp_lda,reduced_montage,motor_extended,5,0.0,0,9,0,0.6508620689655172,0.6699507389162562,0.24062228501961136,0.14057021325663482,0.3.2,not_applicable,"FC3,FCz,FC4,C3,Cz,C4,CP3,CPz,CP4",,,,,a5508b68efe858976affddc55ddec1d52be0d4e3724ba6ec227b70b4157f5ac0
BNCI2014-001,7,csp_lda,region_dropout,all_channels,1,0.3181818181818182,0,22,7,0.5,0.7598097502972652,0.48567797722042333,0.48830883048308593,0.3.2,not_applicable,,left_motor_strip,"FC3,FC1,C5,C3,C1,CP3,CP1",,,a5508b68efe858976affddc55ddec1d52be0d4e3724ba6ec227b70b4157f5ac0
BNCI2014-001,7,csp_lda,region_dropout,all_channels,1,0.13636363636363635,0,22,3,0.5,0.8466111771700358,0.4950993410363517,0.49729735785905294,0.3.2,not_applicable,,midline_motor_strip,"FCz,Cz,CPz",,,a5508b68efe858976affddc55ddec1d52be0d4e3724ba6ec227b70b4157f5ac0
BNCI2014-001,7,csp_lda,region_dropout,all_channels,1,0.3181818181818182,0,22,7,0.5172413793103449,0.5838287752675386,0.3435354650853012,0.31687391496825196,0.3.2,not_applicable,,right_motor_strip,"FC2,FC4,C2,C4,C6,CP2,CP4",,,a5508b68efe858976affddc55ddec1d52be0d4e3724ba6ec227b70b4157f5ac0
BNCI2014-001,7,csp_lda,region_dropout,all_channels,2,0.3181818181818182,0,22,7,0.5,0.8442330558858502,0.45145410798890806,0.46652159112125313,0.3.2,not_applicable,,left_motor_strip,"FC3,FC1,C5,C3,C1,CP3,CP1",,,a5508b68efe858976affddc55ddec1d52be0d4e3724ba6ec227b70b4157f5ac0
BNCI2014-001,7,csp_lda,region_dropout,all_channels,2,0.13636363636363635,0,22,3,0.5,0.8894173602853745,0.4992316538014726,0.4995955669359191,0.3.2,not_applicable,,midline_motor_strip,"FCz,Cz,CPz",,,a5508b68efe858976affddc55ddec1d52be0d4e3724ba6ec227b70b4157f5ac0
BNCI2014-001,7,csp_lda,region_dropout,all_channels,2,0.3181818181818182,0,22,7,0.5172413793103449,0.6551724137931034,0.3848709778236257,0.3963238115303708,0.3.2,not_applicable,,right_motor_strip,"FC2,FC4,C2,C4,C6,CP2,CP4",,,a5508b68efe858976affddc55ddec1d52be0d4e3724ba6ec227b70b4157f5ac0
BNCI2014-001,7,csp_lda,region_dropout,all_channels,3,0.3181818181818182,0,22,7,0.5689655172413793,0.6218787158145065,0.24337765093011454,0.137894230776063,0.3.2,not_applicable,,left_motor_strip,"FC3,FC1,C5,C3,C1,CP3,CP1",,,a5508b68efe858976affddc55ddec1d52be0d4e3724ba6ec227b70b4157f5ac0
BNCI2014-001,7,csp_lda,region_dropout,all_channels,3,0.13636363636363635,0,22,3,0.5,0.826397146254459,0.4108007499773002,0.4470195743717816,0.3.2,not_applicable,,midline_motor_strip,"FCz,Cz,CPz",,,a5508b68efe858976affddc55ddec1d52be0d4e3724ba6ec227b70b4157f5ac0
BNCI2014-001,7,csp_lda,region_dropout,all_channels,3,0.3181818181818182,0,22,7,0.5,0.7193816884661117,0.4671418634704262,0.4805657699738755,0.3.2,not_applicable,,right_motor_strip,"FC2,FC4,C2,C4,C6,CP2,CP4",,,a5508b68efe858976affddc55ddec1d52be0d4e3724ba6ec227b70b4157f5ac0
BNCI2014-001,7,csp_lda,region_dropout,all_channels,4,0.3181818181818182,0,22,7,0.5,0.7450738916256158,0.489591452232933,0.490035691637101,0.3.2,not_applicable,,left_motor_strip,"FC3,FC1,C5,C3,C1,CP3,CP1",,,a5508b68efe858976affddc55ddec1d52be0d4e3724ba6ec227b70b4157f5ac0
BNCI2014-001,7,csp_lda,region_dropout,all_channels,4,0.13636363636363635,0,22,3,0.5,0.9655172413793104,0.5068814513513666,0.5078086768575202,0.3.2,not_applicable,,midline_motor_strip,"FCz,Cz,CPz",,,a5508b68efe858976affddc55ddec1d52be0d4e3724ba6ec227b70b4157f5ac0
BNCI2014-001,7,csp_lda,region_dropout,all_channels,4,0.3181818181818182,0,22,7,0.5911330049261083,0.666256157635468,0.2687561847247093,0.24285576126857988,0.3.2,not_applicable,,right_motor_strip,"FC2,FC4,C2,C4,C6,CP2,CP4",,,a5508b68efe858976affddc55ddec1d52be0d4e3724ba6ec227b70b4157f5ac0
BNCI2014-001,7,csp_lda,region_dropout,all_channels,5,0.3181818181818182,0,22,7,0.5,0.7142857142857142,0.4899856813666574,0.49027613852974716,0.3.2,not_applicable,,left_motor_strip,"FC3,FC1,C5,C3,C1,CP3,CP1",,,a5508b68efe858976affddc55ddec1d52be0d4e3724ba6ec227b70b4157f5ac0
BNCI2014-001,7,csp_lda,region_dropout,all_channels,5,0.13636363636363635,0,22,3,0.5714285714285714,0.8669950738916256,0.3944646038721098,0.4187363708107488,0.3.2,not_applicable,,midline_motor_strip,"FCz,Cz,CPz",,,a5508b68efe858976affddc55ddec1d52be0d4e3724ba6ec227b70b4157f5ac0
BNCI2014-001,7,csp_lda,region_dropout,all_channels,5,0.3181818181818182,0,22,7,0.5,0.6403940886699507,0.5080201016116664,0.5083143904404097,0.3.2,not_applicable,,right_motor_strip,"FC2,FC4,C2,C4,C6,CP2,CP4",,,a5508b68efe858976affddc55ddec1d52be0d4e3724ba6ec227b70b4157f5ac0
BNCI2014-001,7,csp_lda,cross_session,all_channels,0,0.0,0,22,0,0.7430555555555556,0.8981481481481481,0.18306355964805482,0.19512989135351108,0.3.2,not_applicable,,,,0train,1test,a5508b68efe858976affddc55ddec1d52be0d4e3724ba6ec227b70b4157f5ac0
BNCI2014-001,8,csp_lda,clean,all_channels,1,0.0,0,22,0,0.9827586206896552,0.9988109393579073,0.01699663725213387,0.023765114468420237,0.3.2,participant,,,,,,a5508b68efe858976affddc55ddec1d52be0d4e3724ba6ec227b70b4157f5ac0
BNCI2014-001,8,csp_lda,channel_dropout,all_channels,1,0.1,0,22,2,0.5,0.9286563614744352,0.4999997157707967,0.4999998578275988,0.3.2,participant,,,,,,a5508b68efe858976affddc55ddec1d52be0d4e3724ba6ec227b70b4157f5ac0
BNCI2014-001,8,csp_lda,channel_dropout,all_channels,1,0.1,1,22,2,0.5172413793103449,0.9738406658739596,0.4493382853485792,0.46720093445082217,0.3.2,participant,,,,,,a5508b68efe858976affddc55ddec1d52be0d4e3724ba6ec227b70b4157f5ac0
BNCI2014-001,8,csp_lda,channel_dropout,all_channels,1,0.1,2,22,2,0.9482758620689655,0.9881093935790726,0.05418785823317214,0.08351131232114942,0.3.2,participant,,,,,,a5508b68efe858976affddc55ddec1d52be0d4e3724ba6ec227b70b4157f5ac0
BNCI2014-001,8,csp_lda,channel_dropout,all_channels,1,0.1,3,22,2,0.5,0.8156956004756242,0.44933636787659936,0.4697921263303564,0.3.2,participant,,,,,,a5508b68efe858976affddc55ddec1d52be0d4e3724ba6ec227b70b4157f5ac0
BNCI2014-001,8,csp_lda,channel_dropout,all_channels,1,0.1,4,22,2,0.5517241379310345,0.9988109393579073,0.4318636264305289,0.45256703482441324,0.3.2,participant,,,,,,a5508b68efe858976affddc55ddec1d52be0d4e3724ba6ec227b70b4157f5ac0
BNCI2014-001,8,csp_lda,channel_dropout,all_channels,1,0.1,5,22,2,0.5862068965517242,0.9869203329369798,0.3423350387349583,0.3861643017055269,0.3.2,participant,,,,,,a5508b68efe858976affddc55ddec1d52be0d4e3724ba6ec227b70b4157f5ac0
BNCI2014-001,8,csp_lda,channel_dropout,all_channels,1,0.1,6,22,2,0.9655172413793103,0.9964328180737217,0.027422322488941834,0.05154701187135871,0.3.2,participant,,,,,,a5508b68efe858976affddc55ddec1d52be0d4e3724ba6ec227b70b4157f5ac0
BNCI2014-001,8,csp_lda,channel_dropout,all_channels,1,0.1,7,22,2,0.5,0.7942925089179548,0.49814122531900235,0.4990119364915264,0.3.2,participant,,,,,,a5508b68efe858976affddc55ddec1d52be0d4e3724ba6ec227b70b4157f5ac0
BNCI2014-001,8,csp_lda,channel_dropout,all_channels,1,0.1,8,22,2,0.5,0.9726516052318669,0.4999925075966558,0.4999962407366957,0.3.2,participant,,,,,,a5508b68efe858976affddc55ddec1d52be0d4e3724ba6ec227b70b4157f5ac0
BNCI2014-001,8,csp_lda,channel_dropout,all_channels,1,0.1,9,22,2,0.5,0.8596908442330559,0.4999999964630694,0.4999999982191957,0.3.2,participant,,,,,,a5508b68efe858976affddc55ddec1d52be0d4e3724ba6ec227b70b4157f5ac0
BNCI2014-001,8,csp_lda,channel_dropout,all_channels,1,0.2,0,22,4,0.5,0.9548156956004756,0.4999999999337745,0.4999999999667142,0.3.2,participant,,,,,,a5508b68efe858976affddc55ddec1d52be0d4e3724ba6ec227b70b4157f5ac0
BNCI2014-001,8,csp_lda,channel_dropout,all_channels,1,0.2,1,22,4,0.5,0.5689655172413793,0.49999999999999994,0.5,0.3.2,participant,,,,,,a5508b68efe858976affddc55ddec1d52be0d4e3724ba6ec227b70b4157f5ac0
BNCI2014-001,8,csp_lda,channel_dropout,all_channels,1,0.2,2,22,4,0.5,0.8002378121284185,0.49999985936274466,0.49999992897264045,0.3.2,participant,,,,,,a5508b68efe858976affddc55ddec1d52be0d4e3724ba6ec227b70b4157f5ac0
BNCI2014-001,8,csp_lda,channel_dropout,all_channels,1,0.2,3,22,4,0.5172413793103449,0.4661117717003567,0.46782243111338334,0.47464456526790194,0.3.2,participant,,,,,,a5508b68efe858976affddc55ddec1d52be0d4e3724ba6ec227b70b4157f5ac0
BNCI2014-001,8,csp_lda,channel_dropout,all_channels,1,0.2,4,22,4,0.603448275862069,0.7146254458977409,0.30818312979646434,0.32609041856095455,0.3.2,participant,,,,,,a5508b68efe858976affddc55ddec1d52be0d4e3724ba6ec227b70b4157f5ac0
BNCI2014-001,8,csp_lda,channel_dropout,all_channels,1,0.2,5,22,4,0.5,0.9274673008323425,0.49907936164877204,0.499534282985829,0.3.2,participant,,,,,,a5508b68efe858976affddc55ddec1d52be0d4e3724ba6ec227b70b4157f5ac0
BNCI2014-001,8,csp_lda,channel_dropout,all_channels,1,0.2,6,22,4,0.5,0.8382877526753865,0.4853823574206054,0.49214953887719376,0.3.2,participant,,,,,,a5508b68efe858976affddc55ddec1d52be0d4e3724ba6ec227b70b4157f5ac0
BNCI2014-001,8,csp_lda,channel_dropout,all_channels,1,0.2,7,22,4,0.5,0.9595719381688466,0.4999999992638379,0.49999999963024266,0.3.2,participant,,,,,,a5508b68efe858976affddc55ddec1d52be0d4e3724ba6ec227b70b4157f5ac0
BNCI2014-001,8,csp_lda,channel_dropout,all_channels,1,0.2,8,22,4,0.8448275862068966,0.8620689655172413,0.14172003207920958,0.1597723942053647,0.3.2,participant,,,,,,a5508b68efe858976affddc55ddec1d52be0d4e3724ba6ec227b70b4157f5ac0
BNCI2014-001,8,csp_lda,channel_dropout,all_channels,1,0.2,9,22,4,0.5,0.9447086801426873,0.4999999999906897,0.49999999999529476,0.3.2,participant,,,,,,a5508b68efe858976affddc55ddec1d52be0d4e3724ba6ec227b70b4157f5ac0
BNCI2014-001,8,csp_lda,channel_dropout,all_channels,1,0.3,0,22,7,0.5,0.7348394768133174,0.49999980947085176,0.49999988210039925,0.3.2,participant,,,,,,a5508b68efe858976affddc55ddec1d52be0d4e3724ba6ec227b70b4157f5ac0
BNCI2014-001,8,csp_lda,channel_dropout,all_channels,1,0.3,1,22,7,0.5172413793103449,0.7812128418549346,0.40892226530811826,0.4371452405540147,0.3.2,participant,,,,,,a5508b68efe858976affddc55ddec1d52be0d4e3724ba6ec227b70b4157f5ac0
BNCI2014-001,8,csp_lda,channel_dropout,all_channels,1,0.3,2,22,7,0.5,0.72294887039239,0.4999878094532063,0.49999319171916534,0.3.2,participant,,,,,,a5508b68efe858976affddc55ddec1d52be0d4e3724ba6ec227b70b4157f5ac0
BNCI2014-001,8,csp_lda,channel_dropout,all_channels,1,0.3,3,22,7,0.5,0.9167657550535078,0.499998712250903,0.4999993515024007,0.3.2,participant,,,,,,a5508b68efe858976affddc55ddec1d52be0d4e3724ba6ec227b70b4157f5ac0
BNCI2014-001,8,csp_lda,channel_dropout,all_channels,1,0.3,4,22,7,0.5,0.8156956004756243,0.4999999999996702,0.4999999999998326,0.3.2,participant,,,,,,a5508b68efe858976affddc55ddec1d52be0d4e3724ba6ec227b70b4157f5ac0
BNCI2014-001,8,csp_lda,channel_dropout,all_channels,1,0.3,5,22,7,0.5172413793103449,0.8763376932223544,0.42094918116542784,0.4512018009617007,0.3.2,participant,,,,,,a5508b68efe858976affddc55ddec1d52be0d4e3724ba6ec227b70b4157f5ac0
BNCI2014-001,8,csp_lda,channel_dropout,all_channels,1,0.3,6,22,7,0.5,0.920332936979786,0.48989977291159303,0.49457471484755966,0.3.2,participant,,,,,,a5508b68efe858976affddc55ddec1d52be0d4e3724ba6ec227b70b4157f5ac0
BNCI2014-001,8,csp_lda,channel_dropout,all_channels,1,0.3,7,22,7,0.5,0.8275862068965517,0.3740461612964097,0.3966327242987605,0.3.2,participant,,,,,,a5508b68efe858976affddc55ddec1d52be0d4e3724ba6ec227b70b4157f5ac0
BNCI2014-001,8,csp_lda,channel_dropout,all_channels,1,0.3,8,22,7,0.5,0.61474435196195,0.4999996984411151,0.499999814799589,0.3.2,participant,,,,,,a5508b68efe858976affddc55ddec1d52be0d4e3724ba6ec227b70b4157f5ac0
BNCI2014-001,8,csp_lda,channel_dropout,all_channels,1,0.3,9,22,7,0.5517241379310345,0.5291319857312724,0.3327235820475968,0.30773347037856125,0.3.2,participant,,,,,,a5508b68efe858976affddc55ddec1d52be0d4e3724ba6ec227b70b4157f5ac0
BNCI2014-001,8,csp_lda,channel_dropout,all_channels,1,0.5,0,22,11,0.5,0.8180737217598097,0.47335868164987116,0.4847488325923478,0.3.2,participant,,,,,,a5508b68efe858976affddc55ddec1d52be0d4e3724ba6ec227b70b4157f5ac0
BNCI2014-001,8,csp_lda,channel_dropout,all_channels,1,0.5,1,22,11,0.5172413793103449,0.8953626634958383,0.38269823545869275,0.4230574852601659,0.3.2,participant,,,,,,a5508b68efe858976affddc55ddec1d52be0d4e3724ba6ec227b70b4157f5ac0
BNCI2014-001,8,csp_lda,channel_dropout,all_channels,1,0.5,2,22,11,0.5,0.6230677764565993,0.49895003195676996,0.4990808655633232,0.3.2,participant,,,,,,a5508b68efe858976affddc55ddec1d52be0d4e3724ba6ec227b70b4157f5ac0
BNCI2014-001,8,csp_lda,channel_dropout,all_channels,1,0.5,3,22,11,0.5,0.6147443519619501,0.4509835557054527,0.46852743381836004,0.3.2,participant,,,,,,a5508b68efe858976affddc55ddec1d52be0d4e3724ba6ec227b70b4157f5ac0
BNCI2014-001,8,csp_lda,channel_dropout,all_channels,1,0.5,4,22,11,0.5,0.7003567181926278,0.45526239197644675,0.4730148642361269,0.3.2,participant,,,,,,a5508b68efe858976affddc55ddec1d52be0d4e3724ba6ec227b70b4157f5ac0
BNCI2014-001,8,csp_lda,channel_dropout,all_channels,1,0.5,5,22,11,0.5,0.7003567181926278,0.4999999973031394,0.4999999983229624,0.3.2,participant,,,,,,a5508b68efe858976affddc55ddec1d52be0d4e3724ba6ec227b70b4157f5ac0
BNCI2014-001,8,csp_lda,channel_dropout,all_channels,1,0.5,6,22,11,0.5,0.7491082045184304,0.49999999020187047,0.49999999459529587,0.3.2,participant,,,,,,a5508b68efe858976affddc55ddec1d52be0d4e3724ba6ec227b70b4157f5ac0
BNCI2014-001,8,csp_lda,channel_dropout,all_channels,1,0.5,7,22,11,0.5,0.6302021403091557,0.499964404041073,0.4999773544366162,0.3.2,participant,,,,,,a5508b68efe858976affddc55ddec1d52be0d4e3724ba6ec227b70b4157f5ac0
BNCI2014-001,8,csp_lda,channel_dropout,all_channels,1,0.5,8,22,11,0.6379310344827587,0.6587395957193817,0.27923803637093614,0.2306294243032322,0.3.2,participant,,,,,,a5508b68efe858976affddc55ddec1d52be0d4e3724ba6ec227b70b4157f5ac0
BNCI2014-001,8,csp_lda,channel_dropout,all_channels,1,0.5,9,22,11,0.5,0.6444708680142688,0.499999910985662,0.49999993045799607,0.3.2,participant,,,,,,a5508b68efe858976affddc55ddec1d52be0d4e3724ba6ec227b70b4157f5ac0
BNCI2014-001,8,csp_lda,clean,all_channels,2,0.0,0,22,0,0.9655172413793103,0.995243757431629,0.03936651080604008,0.05960062866273423,0.3.2,participant,,,,,,a5508b68efe858976affddc55ddec1d52be0d4e3724ba6ec227b70b4157f5ac0
BNCI2014-001,8,csp_lda,channel_dropout,all_channels,2,0.1,0,22,2,0.7758620689655172,0.9239001189060643,0.1478970605707551,0.150541413080139,0.3.2,participant,,,,,,a5508b68efe858976affddc55ddec1d52be0d4e3724ba6ec227b70b4157f5ac0
BNCI2014-001,8,csp_lda,channel_dropout,all_channels,2,0.1,1,22,2,0.5,0.9108204518430439,0.4984372543607946,0.49920226546513125,0.3.2,participant,,,,,,a5508b68efe858976affddc55ddec1d52be0d4e3724ba6ec227b70b4157f5ac0
BNCI2014-001,8,csp_lda,channel_dropout,all_channels,2,0.1,2,22,2,0.5,0.9667063020214031,0.4991014642228376,0.4995460546552619,0.3.2,participant,,,,,,a5508b68efe858976affddc55ddec1d52be0d4e3724ba6ec227b70b4157f5ac0
BNCI2014-001,8,csp_lda,channel_dropout,all_channels,2,0.1,3,22,2,0.5,0.8715814506539833,0.49999999999838896,0.499999999999185,0.3.2,participant,,,,,,a5508b68efe858976affddc55ddec1d52be0d4e3724ba6ec227b70b4157f5ac0
BNCI2014-001,8,csp_lda,channel_dropout,all_channels,2,0.1,4,22,2,0.8620689655172413,0.985731272294887,0.12449006726295249,0.16184153548006586,0.3.2,participant,,,,,,a5508b68efe858976affddc55ddec1d52be0d4e3724ba6ec227b70b4157f5ac0
BNCI2014-001,8,csp_lda,channel_dropout,all_channels,2,0.1,5,22,2,0.5,0.8799048751486326,0.49999999990911675,0.4999999999545517,0.3.2,participant,,,,,,a5508b68efe858976affddc55ddec1d52be0d4e3724ba6ec227b70b4157f5ac0
BNCI2014-001,8,csp_lda,channel_dropout,all_channels,2,0.1,6,22,2,0.5,0.9607609988109395,0.49984300685820443,0.4999213216411118,0.3.2,participant,,,,,,a5508b68efe858976affddc55ddec1d52be0d4e3724ba6ec227b70b4157f5ac0
BNCI2014-001,8,csp_lda,channel_dropout,all_channels,2,0.1,7,22,2,0.5,0.8799048751486326,0.49999999990911675,0.4999999999545517,0.3.2,participant,,,,,,a5508b68efe858976affddc55ddec1d52be0d4e3724ba6ec227b70b4157f5ac0
BNCI2014-001,8,csp_lda,channel_dropout,all_channels,2,0.1,8,22,2,0.8620689655172413,0.9881093935790726,0.09495778484851283,0.12202976962388995,0.3.2,participant,,,,,,a5508b68efe858976affddc55ddec1d52be0d4e3724ba6ec227b70b4157f5ac0
BNCI2014-001,8,csp_lda,channel_dropout,all_channels,2,0.1,9,22,2,0.5,0.7170035671819263,0.4999796255666264,0.49998653760721673,0.3.2,participant,,,,,,a5508b68efe858976affddc55ddec1d52be0d4e3724ba6ec227b70b4157f5ac0
BNCI2014-001,8,csp_lda,channel_dropout,all_channels,2,0.2,0,22,4,0.5,0.3103448275862069,0.4968562879922718,0.49595859324559344,0.3.2,participant,,,,,,a5508b68efe858976affddc55ddec1d52be0d4e3724ba6ec227b70b4157f5ac0
BNCI2014-001,8,csp_lda,channel_dropout,all_channels,2,0.2,1,22,4,0.5,0.6444708680142687,0.4999999999992374,0.49999999999957123,0.3.2,participant,,,,,,a5508b68efe858976affddc55ddec1d52be0d4e3724ba6ec227b70b4157f5ac0
BNCI2014-001,8,csp_lda,channel_dropout,all_channels,2,0.2,2,22,4,0.5,0.8941736028537455,0.4994713056118885,0.49973288817075256,0.3.2,participant,,,,,,a5508b68efe858976affddc55ddec1d52be0d4e3724ba6ec227b70b4157f5ac0
BNCI2014-001,8,csp_lda,channel_dropout,all_channels,2,0.2,3,22,4,0.5,0.9643281807372176,0.4999977359736337,0.4999988669132879,0.3.2,participant,,,,,,a5508b68efe858976affddc55ddec1d52be0d4e3724ba6ec227b70b4157f5ac0
BNCI2014-001,8,csp_lda,channel_dropout,all_channels,2,0.2,4,22,4,0.5172413793103449,0.7336504161712247,0.4313349571403982,0.45438209740515706,0.3.2,participant,,,,,,a5508b68efe858976affddc55ddec1d52be0d4e3724ba6ec227b70b4157f5ac0
BNCI2014-001,8,csp_lda,channel_dropout,all_channels,2,0.2,5,22,4,0.5,0.8418549346016647,0.4999939342303279,0.4999969422911268,0.3.2,participant,,,,,,a5508b68efe858976affddc55ddec1d52be0d4e3724ba6ec227b70b4157f5ac0
BNCI2014-001,8,csp_lda,channel_dropout,all_channels,2,0.2,6,22,4,0.5344827586206896,0.6575505350772889,0.34933371949394676,0.3476595568552614,0.3.2,participant,,,,,,a5508b68efe858976affddc55ddec1d52be0d4e3724ba6ec227b70b4157f5ac0
BNCI2014-001,8,csp_lda,channel_dropout,all_channels,2,0.2,7,22,4,0.5,0.7348394768133174,0.4999984131450241,0.49999919158143896,0.3.2,participant,,,,,,a5508b68efe858976affddc55ddec1d52be0d4e3724ba6ec227b70b4157f5ac0
BNCI2014-001,8,csp_lda,channel_dropout,all_channels,2,0.2,8,22,4,0.5,0.9785969084423306,0.49999999997828276,0.4999999999891404,0.3.2,participant,,,,,,a5508b68efe858976affddc55ddec1d52be0d4e3724ba6ec227b70b4157f5ac0
BNCI2014-001,8,csp_lda,channel_dropout,all_channels,2,0.2,9,22,4,0.5,0.9369797859690845,0.49999996155409093,0.49999998074911056,0.3.2,participant,,,,,,a5508b68efe858976affddc55ddec1d52be0d4e3724ba6ec227b70b4157f5ac0
BNCI2014-001,8,csp_lda,channel_dropout,all_channels,2,0.3,0,22,7,0.5344827586206897,0.6658739595719382,0.3420096218216256,0.34342018303335753,0.3.2,participant,,,,,,a5508b68efe858976affddc55ddec1d52be0d4e3724ba6ec227b70b4157f5ac0
BNCI2014-001,8,csp_lda,channel_dropout,all_channels,2,0.3,1,22,7,0.5,0.7241379310344828,0.4992444815143415,0.49958261288677774,0.3.2,participant,,,,,,a5508b68efe858976affddc55ddec1d52be0d4e3724ba6ec227b70b4157f5ac0
BNCI2014-001,8,csp_lda,channel_dropout,all_channels,2,0.3,2,22,7,0.5,0.9036860879904876,0.4999515507404077,0.49997527692999233,0.3.2,participant,,,,,,a5508b68efe858976affddc55ddec1d52be0d4e3724ba6ec227b70b4157f5ac0
BNCI2014-001,8,csp_lda,channel_dropout,all_channels,2,0.3,3,22,7,0.5,0.7717003567181927,0.49995377220943854,0.49997591027965016,0.3.2,participant,,,,,,a5508b68efe858976affddc55ddec1d52be0d4e3724ba6ec227b70b4157f5ac0
BNCI2014-001,8,csp_lda,channel_dropout,all_channels,2,0.3,4,22,7,0.5,0.8834720570749108,0.42970037817540996,0.4597462561182093,0.3.2,participant,,,,,,a5508b68efe858976affddc55ddec1d52be0d4e3724ba6ec227b70b4157f5ac0
BNCI2014-001,8,csp_lda,channel_dropout,all_channels,2,0.3,5,22,7,0.6724137931034483,0.7586206896551724,0.24306855372550185,0.2312455620388692,0.3.2,participant,,,,,,a5508b68efe858976affddc55ddec1d52be0d4e3724ba6ec227b70b4157f5ac0
BNCI2014-001,8,csp_lda,channel_dropout,all_channels,2,0.3,6,22,7,0.5,0.72294887039239,0.4999999999986909,0.4999999999993098,0.3.2,participant,,,,,,a5508b68efe858976affddc55ddec1d52be0d4e3724ba6ec227b70b4157f5ac0
BNCI2014-001,8,csp_lda,channel_dropout,all_channels,2,0.3,7,22,7,0.5517241379310345,0.7919143876337693,0.3882946362758858,0.40813963280827587,0.3.2,participant,,,,,,a5508b68efe858976affddc55ddec1d52be0d4e3724ba6ec227b70b4157f5ac0
BNCI2014-001,8,csp_lda,channel_dropout,all_channels,2,0.3,8,22,7,0.5,0.9024970273483948,0.4371494653207013,0.4631369796646358,0.3.2,participant,,,,,,a5508b68efe858976affddc55ddec1d52be0d4e3724ba6ec227b70b4157f5ac0
BNCI2014-001,8,csp_lda,channel_dropout,all_channels,2,0.3,9,22,7,0.5172413793103449,0.9560047562425684,0.46768217136717344,0.48034387588785493,0.3.2,participant,,,,,,a5508b68efe858976affddc55ddec1d52be0d4e3724ba6ec227b70b4157f5ac0
BNCI2014-001,8,csp_lda,channel_dropout,all_channels,2,0.5,0,22,11,0.5,0.8061831153388822,0.4978499009498396,0.49865145759819446,0.3.2,participant,,,,,,a5508b68efe858976affddc55ddec1d52be0d4e3724ba6ec227b70b4157f5ac0
BNCI2014-001,8,csp_lda,channel_dropout,all_channels,2,0.5,1,22,11,0.5,0.7455410225921522,0.4999999968093833,0.4999999983383813,0.3.2,participant,,,,,,a5508b68efe858976affddc55ddec1d52be0d4e3724ba6ec227b70b4157f5ac0
BNCI2014-001,8,csp_lda,channel_dropout,all_channels,2,0.5,2,22,11,0.5,0.7241379310344827,0.4999998526499762,0.4999999153806132,0.3.2,participant,,,,,,a5508b68efe858976affddc55ddec1d52be0d4e3724ba6ec227b70b4157f5ac0
BNCI2014-001,8,csp_lda,channel_dropout,all_channels,2,0.5,3,22,11,0.5172413793103449,0.9405469678953627,0.4554913812968756,0.472461502636723,0.3.2,participant,,,,,,a5508b68efe858976affddc55ddec1d52be0d4e3724ba6ec227b70b4157f5ac0
BNCI2014-001,8,csp_lda,channel_dropout,all_channels,2,0.5,4,22,11,0.5,0.7205707491082045,0.49963372822420277,0.49974533309983504,0.3.2,participant,,,,,,a5508b68efe858976affddc55ddec1d52be0d4e3724ba6ec227b70b4157f5ac0
BNCI2014-001,8,csp_lda,channel_dropout,all_channels,2,0.5,5,22,11,0.5,0.6884661117717004,0.49999980035011776,0.49999989656873517,0.3.2,participant,,,,,,a5508b68efe858976affddc55ddec1d52be0d4e3724ba6ec227b70b4157f5ac0
BNCI2014-001,8,csp_lda,channel_dropout,all_channels,2,0.5,6,22,11,0.5,0.8775267538644471,0.49999999999996425,0.4999999999999812,0.3.2,participant,,,,,,a5508b68efe858976affddc55ddec1d52be0d4e3724ba6ec227b70b4157f5ac0
BNCI2014-001,8,csp_lda,channel_dropout,all_channels,2,0.5,7,22,11,0.5344827586206896,0.6397146254458977,0.4104802894287514,0.4185333408429798,0.3.2,participant,,,,,,a5508b68efe858976affddc55ddec1d52be0d4e3724ba6ec227b70b4157f5ac0
BNCI2014-001,8,csp_lda,channel_dropout,all_channels,2,0.5,8,22,11,0.5,0.7800237812128419,0.4999999975648654,0.4999999987486623,0.3.2,participant,,,,,,a5508b68efe858976affddc55ddec1d52be0d4e3724ba6ec227b70b4157f5ac0
BNCI2014-001,8,csp_lda,channel_dropout,all_channels,2,0.5,9,22,11,0.5172413793103449,0.7003567181926278,0.4106557901578616,0.4288729086994864,0.3.2,participant,,,,,,a5508b68efe858976affddc55ddec1d52be0d4e3724ba6ec227b70b4157f5ac0
BNCI2014-001,8,csp_lda,clean,all_channels,3,0.0,0,22,0,0.9655172413793103,0.9976218787158145,0.029453312953607213,0.05404356707900939,0.3.2,participant,,,,,,a5508b68efe858976affddc55ddec1d52be0d4e3724ba6ec227b70b4157f5ac0
BNCI2014-001,8,csp_lda,channel_dropout,all_channels,3,0.1,0,22,2,0.5,0.9892984542211652,0.4999917086278228,0.4999958538426298,0.3.2,participant,,,,,,a5508b68efe858976affddc55ddec1d52be0d4e3724ba6ec227b70b4157f5ac0
BNCI2014-001,8,csp_lda,channel_dropout,all_channels,3,0.1,1,22,2,0.8275862068965517,0.9892984542211652,0.1405805345237571,0.1862439601298836,0.3.2,participant,,,,,,a5508b68efe858976affddc55ddec1d52be0d4e3724ba6ec227b70b4157f5ac0
BNCI2014-001,8,csp_lda,channel_dropout,all_channels,3,0.1,2,22,2,0.5,0.7502972651605231,0.4999945450060187,0.4999972054092395,0.3.2,participant,,,,,,a5508b68efe858976affddc55ddec1d52be0d4e3724ba6ec227b70b4157f5ac0
BNCI2014-001,8,csp_lda,channel_dropout,all_channels,3,0.1,3,22,2,0.5,0.9464922711058265,0.49999999448809657,0.4999999972431365,0.3.2,participant,,,,,,a5508b68efe858976affddc55ddec1d52be0d4e3724ba6ec227b70b4157f5ac0
BNCI2014-001,8,csp_lda,channel_dropout,all_channels,3,0.1,4,22,2,0.5,0.7657550535077289,0.49990623836068004,0.49995275017542495,0.3.2,participant,,,,,,a5508b68efe858976affddc55ddec1d52be0d4e3724ba6ec227b70b4157f5ac0
BNCI2014-001,8,csp_lda,channel_dropout,all_channels,3,0.1,5,22,2,0.8793103448275863,0.9690844233055886,0.09226063972047595,0.12204937195673621,0.3.2,participant,,,,,,a5508b68efe858976affddc55ddec1d52be0d4e3724ba6ec227b70b4157f5ac0
BNCI2014-001,8,csp_lda,channel_dropout,all_channels,3,0.1,6,22,2,0.5,0.9619500594530321,0.49999471037272314,0.4999973550485389,0.3.2,participant,,,,,,a5508b68efe858976affddc55ddec1d52be0d4e3724ba6ec227b70b4157f5ac0
BNCI2014-001,8,csp_lda,channel_dropout,all_channels,3,0.1,7,22,2,0.5172413793103449,0.8133174791914388,0.47864539333562284,0.48626892596282983,0.3.2,participant,,,,,,a5508b68efe858976affddc55ddec1d52be0d4e3724ba6ec227b70b4157f5ac0
BNCI2014-001,8,csp_lda,channel_dropout,all_channels,3,0.1,8,22,2,0.5,0.6765755053507729,0.49996429795043157,0.4999768691815258,0.3.2,participant,,,,,,a5508b68efe858976affddc55ddec1d52be0d4e3724ba6ec227b70b4157f5ac0
BNCI2014-001,8,csp_lda,channel_dropout,all_channels,3,0.1,9,22,2,0.5172413793103449,0.9869203329369798,0.4608118570539218,0.4715968710944559,0.3.2,participant,,,,,,a5508b68efe858976affddc55ddec1d52be0d4e3724ba6ec227b70b4157f5ac0
BNCI2014-001,8,csp_lda,channel_dropout,all_channels,3,0.2,0,22,4,0.5,0.7800237812128419,0.4999466664643704,0.49997145874251725,0.3.2,participant,,,,,,a5508b68efe858976affddc55ddec1d52be0d4e3724ba6ec227b70b4157f5ac0
BNCI2014-001,8,csp_lda,channel_dropout,all_channels,3,0.2,1,22,4,0.5,0.9619500594530321,0.4999902363457358,0.4999951164450571,0.3.2,participant,,,,,,a5508b68efe858976affddc55ddec1d52be0d4e3724ba6ec227b70b4157f5ac0
BNCI2014-001,8,csp_lda,channel_dropout,all_channels,3,0.2,2,22,4,0.5,0.7146254458977407,0.49999446301433376,0.4999972283775022,0.3.2,participant,,,,,,a5508b68efe858976affddc55ddec1d52be0d4e3724ba6ec227b70b4157f5ac0
BNCI2014-001,8,csp_lda,channel_dropout,all_channels,3,0.2,3,22,4,0.5,0.8929845422116528,0.49326437554182806,0.49641206883360695,0.3.2,participant,,,,,,a5508b68efe858976affddc55ddec1d52be0d4e3724ba6ec227b70b4157f5ac0
BNCI2014-001,8,csp_lda,channel_dropout,all_channels,3,0.2,4,22,4,0.5172413793103449,0.7360285374554102,0.481897886988466,0.4848382938186268,0.3.2,participant,,,,,,a5508b68efe858976affddc55ddec1d52be0d4e3724ba6ec227b70b4157f5ac0
BNCI2014-001,8,csp_lda,channel_dropout,all_channels,3,0.2,5,22,4,0.5,0.6183115338882282,0.4985179271565736,0.49904386432366477,0.3.2,participant,,,,,,a5508b68efe858976affddc55ddec1d52be0d4e3724ba6ec227b70b4157f5ac0
BNCI2014-001,8,csp_lda,channel_dropout,all_channels,3,0.2,6,22,4,0.5,0.8549346016646848,0.49999248993021783,0.49999624404942256,0.3.2,participant,,,,,,a5508b68efe858976affddc55ddec1d52be0d4e3724ba6ec227b70b4157f5ac0
BNCI2014-001,8,csp_lda,channel_dropout,all_channels,3,0.2,7,22,4,0.5,0.6932223543400713,0.49409372124006495,0.4963537154613177,0.3.2,participant,,,,,,a5508b68efe858976affddc55ddec1d52be0d4e3724ba6ec227b70b4157f5ac0
BNCI2014-001,8,csp_lda,channel_dropout,all_channels,3,0.2,8,22,4,0.5,0.5184304399524376,0.4999999832346351,0.4999999809345623,0.3.2,participant,,,,,,a5508b68efe858976affddc55ddec1d52be0d4e3724ba6ec227b70b4157f5ac0
BNCI2014-001,8,csp_lda,channel_dropout,all_channels,3,0.2,9,22,4,0.5689655172413793,0.9643281807372176,0.40246569616690675,0.4339969379557093,0.3.2,participant,,,,,,a5508b68efe858976affddc55ddec1d52be0d4e3724ba6ec227b70b4157f5ac0
BNCI2014-001,8,csp_lda,channel_dropout,all_channels,3,0.3,0,22,7,0.5,0.6539833531510106,0.49875714205847815,0.49929642148228615,0.3.2,participant,,,,,,a5508b68efe858976affddc55ddec1d52be0d4e3724ba6ec227b70b4157f5ac0
BNCI2014-001,8,csp_lda,channel_dropout,all_channels,3,0.3,1,22,7,0.5,0.8026159334126041,0.4999999359092833,0.49999996587057494,0.3.2,participant,,,,,,a5508b68efe858976affddc55ddec1d52be0d4e3724ba6ec227b70b4157f5ac0
BNCI2014-001,8,csp_lda,channel_dropout,all_channels,3,0.3,2,22,7,0.5,0.8787158145065399,0.4879515268592514,0.4934124119736589,0.3.2,participant,,,,,,a5508b68efe858976affddc55ddec1d52be0d4e3724ba6ec227b70b4157f5ac0
BNCI2014-001,8,csp_lda,channel_dropout,all_channels,3,0.3,3,22,7,0.5,0.8133174791914387,0.4999999925553148,0.499999996128784,0.3.2,participant,,,,,,a5508b68efe858976affddc55ddec1d52be0d4e3724ba6ec227b70b4157f5ac0
BNCI2014-001,8,csp_lda,channel_dropout,all_channels,3,0.3,4,22,7,0.5,0.7051129607609987,0.4993944510946631,0.49967354889881005,0.3.2,participant,,,,,,a5508b68efe858976affddc55ddec1d52be0d4e3724ba6ec227b70b4157f5ac0
BNCI2014-001,8,csp_lda,channel_dropout,all_channels,3,0.3,5,22,7,0.5,0.5291319857312723,0.4784329777229833,0.48980058834380474,0.3.2,participant,,,,,,a5508b68efe858976affddc55ddec1d52be0d4e3724ba6ec227b70b4157f5ac0
BNCI2014-001,8,csp_lda,channel_dropout,all_channels,3,0.3,6,22,7,0.5,0.6242568370986921,0.4999999922692394,0.49999999539303264,0.3.2,participant,,,,,,a5508b68efe858976affddc55ddec1d52be0d4e3724ba6ec227b70b4157f5ac0
BNCI2014-001,8,csp_lda,channel_dropout,all_channels,3,0.3,7,22,7,0.5,0.7170035671819263,0.4996370555484799,0.49979556696189065,0.3.2,participant,,,,,,a5508b68efe858976affddc55ddec1d52be0d4e3724ba6ec227b70b4157f5ac0
BNCI2014-001,8,csp_lda,channel_dropout,all_channels,3,0.3,8,22,7,0.5,0.9096313912009513,0.473894520231722,0.4840736577650107,0.3.2,participant,,,,,,a5508b68efe858976affddc55ddec1d52be0d4e3724ba6ec227b70b4157f5ac0
BNCI2014-001,8,csp_lda,channel_dropout,all_channels,3,0.3,9,22,7,0.5344827586206896,0.5612366230677764,0.4005576293807215,0.41374022153583595,0.3.2,participant,,,,,,a5508b68efe858976affddc55ddec1d52be0d4e3724ba6ec227b70b4157f5ac0
BNCI2014-001,8,csp_lda,channel_dropout,all_channels,3,0.5,0,22,11,0.5,0.6450653983353151,0.4999999999992615,0.4999999999995335,0.3.2,participant,,,,,,a5508b68efe858976affddc55ddec1d52be0d4e3724ba6ec227b70b4157f5ac0
BNCI2014-001,8,csp_lda,channel_dropout,all_channels,3,0.5,1,22,11,0.5,0.7812128418549346,0.49999999958968333,0.49999999976286724,0.3.2,participant,,,,,,a5508b68efe858976affddc55ddec1d52be0d4e3724ba6ec227b70b4157f5ac0
BNCI2014-001,8,csp_lda,channel_dropout,all_channels,3,0.5,2,22,11,0.5,0.7063020214030916,0.49938893811227936,0.4995820714128598,0.3.2,participant,,,,,,a5508b68efe858976affddc55ddec1d52be0d4e3724ba6ec227b70b4157f5ac0
BNCI2014-001,8,csp_lda,channel_dropout,all_channels,3,0.5,3,22,11,0.5172413793103449,0.4946492271105827,0.4220705386472899,0.43076366822002105,0.3.2,participant,,,,,,a5508b68efe858976affddc55ddec1d52be0d4e3724ba6ec227b70b4157f5ac0
BNCI2014-001,8,csp_lda,channel_dropout,all_channels,3,0.5,4,22,11,0.5,0.7824019024970272,0.4999999999999857,0.4999999999999929,0.3.2,participant,,,,,,a5508b68efe858976affddc55ddec1d52be0d4e3724ba6ec227b70b4157f5ac0
BNCI2014-001,8,csp_lda,channel_dropout,all_channels,3,0.5,5,22,11,0.5,0.5671819262782402,0.49999999999158296,0.4999999999933282,0.3.2,participant,,,,,,a5508b68efe858976affddc55ddec1d52be0d4e3724ba6ec227b70b4157f5ac0
BNCI2014-001,8,csp_lda,channel_dropout,all_channels,3,0.5,6,22,11,0.5,0.5386444708680143,0.4999881065792538,0.49999238605862506,0.3.2,participant,,,,,,a5508b68efe858976affddc55ddec1d52be0d4e3724ba6ec227b70b4157f5ac0
BNCI2014-001,8,csp_lda,channel_dropout,all_channels,3,0.5,7,22,11,0.5,0.558858501783591,0.49934842350875724,0.4993697311675689,0.3.2,participant,,,,,,a5508b68efe858976affddc55ddec1d52be0d4e3724ba6ec227b70b4157f5ac0
BNCI2014-001,8,csp_lda,channel_dropout,all_channels,3,0.5,8,22,11,0.5,0.7419738406658739,0.4999999999579366,0.499999999972885,0.3.2,participant,,,,,,a5508b68efe858976affddc55ddec1d52be0d4e3724ba6ec227b70b4157f5ac0
BNCI2014-001,8,csp_lda,channel_dropout,all_channels,3,0.5,9,22,11,0.5517241379310345,0.6349583828775267,0.39400030890424764,0.3913144234278698,0.3.2,participant,,,,,,a5508b68efe858976affddc55ddec1d52be0d4e3724ba6ec227b70b4157f5ac0
BNCI2014-001,8,csp_lda,clean,all_channels,4,0.0,0,22,0,0.9649014778325123,0.998768472906404,0.019443154712991528,0.025406109219849028,0.3.2,participant,,,,,,a5508b68efe858976affddc55ddec1d52be0d4e3724ba6ec227b70b4157f5ac0
BNCI2014-001,8,csp_lda,channel_dropout,all_channels,4,0.1,0,22,2,0.5,0.9051724137931034,0.5087719277970111,0.508771928805208,0.3.2,participant,,,,,,a5508b68efe858976affddc55ddec1d52be0d4e3724ba6ec227b70b4157f5ac0
BNCI2014-001,8,csp_lda,channel_dropout,all_channels,4,0.1,1,22,2,0.5862068965517242,0.9618226600985222,0.39626676006397793,0.43020993141695396,0.3.2,participant,,,,,,a5508b68efe858976affddc55ddec1d52be0d4e3724ba6ec227b70b4157f5ac0
BNCI2014-001,8,csp_lda,channel_dropout,all_channels,4,0.1,2,22,2,0.5,0.9211822660098522,0.5087241283519897,0.5087471413588098,0.3.2,participant,,,,,,a5508b68efe858976affddc55ddec1d52be0d4e3724ba6ec227b70b4157f5ac0
BNCI2014-001,8,csp_lda,channel_dropout,all_channels,4,0.1,3,22,2,0.5,0.7524630541871922,0.4912265224005004,0.49122721419867477,0.3.2,participant,,,,,,a5508b68efe858976affddc55ddec1d52be0d4e3724ba6ec227b70b4157f5ac0
BNCI2014-001,8,csp_lda,channel_dropout,all_channels,4,0.1,4,22,2,0.5,0.8645320197044335,0.49122807017422604,0.4912280701748276,0.3.2,participant,,,,,,a5508b68efe858976affddc55ddec1d52be0d4e3724ba6ec227b70b4157f5ac0
BNCI2014-001,8,csp_lda,channel_dropout,all_channels,4,0.1,5,22,2,0.5,0.6514778325123153,0.5085977221089183,0.5086445238715387,0.3.2,participant,,,,,,a5508b68efe858976affddc55ddec1d52be0d4e3724ba6ec227b70b4157f5ac0
BNCI2014-001,8,csp_lda,channel_dropout,all_channels,4,0.1,6,22,2,0.6964285714285714,0.9839901477832513,0.24238064614853172,0.29358629413893744,0.3.2,participant,,,,,,a5508b68efe858976affddc55ddec1d52be0d4e3724ba6ec227b70b4157f5ac0
BNCI2014-001,8,csp_lda,channel_dropout,all_channels,4,0.1,7,22,2,0.5,0.7733990147783251,0.49122805691015714,0.4912280629703399,0.3.2,participant,,,,,,a5508b68efe858976affddc55ddec1d52be0d4e3724ba6ec227b70b4157f5ac0
BNCI2014-001,8,csp_lda,channel_dropout,all_channels,4,0.1,8,22,2,0.5862068965517242,0.9618226600985222,0.39626676006397793,0.43020993141695396,0.3.2,participant,,,,,,a5508b68efe858976affddc55ddec1d52be0d4e3724ba6ec227b70b4157f5ac0
BNCI2014-001,8,csp_lda,channel_dropout,all_channels,4,0.1,9,22,2,0.5,0.8817733990147784,0.49122807017543363,0.491228070175436,0.3.2,participant,,,,,,a5508b68efe858976affddc55ddec1d52be0d4e3724ba6ec227b70b4157f5ac0
BNCI2014-001,8,csp_lda,channel_dropout,all_channels,4,0.2,0,22,4,0.5,0.9704433497536946,0.507087099920266,0.5079204978692424,0.3.2,participant,,,,,,a5508b68efe858976affddc55ddec1d52be0d4e3724ba6ec227b70b4157f5ac0
BNCI2014-001,8,csp_lda,channel_dropout,all_channels,4,0.2,1,22,4,0.5,0.7820197044334976,0.4702752137472573,0.4771246814308607,0.3.2,participant,,,,,,a5508b68efe858976affddc55ddec1d52be0d4e3724ba6ec227b70b4157f5ac0
BNCI2014-001,8,csp_lda,channel_dropout,all_channels,4,0.2,2,22,4,0.5,0.8214285714285714,0.49122807017542913,0.49122807017543363,0.3.2,participant,,,,,,a5508b68efe858976affddc55ddec1d52be0d4e3724ba6ec227b70b4157f5ac0
BNCI2014-001,8,csp_lda,channel_dropout,all_channels,4,0.2,3,22,4,0.5,0.9002463054187192,0.5087678424482486,0.5087697980218182,0.3.2,participant,,,,,,a5508b68efe858976affddc55ddec1d52be0d4e3724ba6ec227b70b4157f5ac0
BNCI2014-001,8,csp_lda,channel_dropout,all_channels,4,0.2,4,22,4,0.5,0.7832512315270935,0.4898300494725414,0.4904599563999781,0.3.2,participant,,,,,,a5508b68efe858976affddc55ddec1d52be0d4e3724ba6ec227b70b4157f5ac0
BNCI2014-001,8,csp_lda,channel_dropout,all_channels,4,0.2,5,22,4,0.5,0.8891625615763548,0.5087719295857402,0.5087719296971609,0.3.2,participant,,,,,,a5508b68efe858976affddc55ddec1d52be0d4e3724ba6ec227b70b4157f5ac0
BNCI2014-001,8,csp_lda,channel_dropout,all_channels,4,0.2,6,22,4,0.6366995073891626,0.8645320197044336,0.26439647836471714,0.2839620455655854,0.3.2,participant,,,,,,a5508b68efe858976affddc55ddec1d52be0d4e3724ba6ec227b70b4157f5ac0
BNCI2014-001,8,csp_lda,channel_dropout,all_channels,4,0.2,7,22,4,0.5172413793103449,0.6847290640394089,0.3924260631954856,0.40805370378619543,0.3.2,participant,,,,,,a5508b68efe858976affddc55ddec1d52be0d4e3724ba6ec227b70b4157f5ac0
BNCI2014-001,8,csp_lda,channel_dropout,all_channels,4,0.2,8,22,4,0.6791871921182266,0.8571428571428571,0.25957406884778955,0.2953419769003557,0.3.2,participant,,,,,,a5508b68efe858976affddc55ddec1d52be0d4e3724ba6ec227b70b4157f5ac0
BNCI2014-001,8,csp_lda,channel_dropout,all_channels,4,0.2,9,22,4,0.5,0.9347290640394089,0.5005680226211202,0.504523310229267,0.3.2,participant,,,,,,a5508b68efe858976affddc55ddec1d52be0d4e3724ba6ec227b70b4157f5ac0
BNCI2014-001,8,csp_lda,channel_dropout,all_channels,4,0.3,0,22,7,0.5,0.852216748768473,0.4912253080731998,0.49122654577829966,0.3.2,participant,,,,,,a5508b68efe858976affddc55ddec1d52be0d4e3724ba6ec227b70b4157f5ac0
BNCI2014-001,8,csp_lda,channel_dropout,all_channels,4,0.3,1,22,7,0.5,0.9199507389162561,0.508429019586979,0.5085908962652419,0.3.2,participant,,,,,,a5508b68efe858976affddc55ddec1d52be0d4e3724ba6ec227b70b4157f5ac0
BNCI2014-001,8,csp_lda,channel_dropout,all_channels,4,0.3,2,22,7,0.5,0.812807881773399,0.49122807001651997,0.49122807009563657,0.3.2,participant,,,,,,a5508b68efe858976affddc55ddec1d52be0d4e3724ba6ec227b70b4157f5ac0
BNCI2014-001,8,csp_lda,channel_dropout,all_channels,4,0.3,3,22,7,0.5,0.8004926108374385,0.5087202091131113,0.5087137812575823,0.3.2,participant,,,,,,a5508b68efe858976affddc55ddec1d52be0d4e3724ba6ec227b70b4157f5ac0
BNCI2014-001,8,csp_lda,channel_dropout,all_channels,4,0.3,4,22,7,0.5,0.9716748768472906,0.4911648425563301,0.49119637138794525,0.3.2,participant,,,,,,a5508b68efe858976affddc55ddec1d52be0d4e3724ba6ec227b70b4157f5ac0
BNCI2014-001,8,csp_lda,channel_dropout,all_channels,4,0.3,5,22,7,0.6028325123152709,0.9495073891625616,0.33560979591243556,0.37343178247855247,0.3.2,participant,,,,,,a5508b68efe858976affddc55ddec1d52be0d4e3724ba6ec227b70b4157f5ac0
BNCI2014-001,8,csp_lda,channel_dropout,all_channels,4,0.3,6,22,7,0.5,0.6785714285714286,0.49117438081298664,0.49115195963712255,0.3.2,participant,,,,,,a5508b68efe858976affddc55ddec1d52be0d4e3724ba6ec227b70b4157f5ac0
BNCI2014-001,8,csp_lda,channel_dropout,all_channels,4,0.3,7,22,7,0.5,0.6219211822660099,0.4908285206132464,0.4909812636587273,0.3.2,participant,,,,,,a5508b68efe858976affddc55ddec1d52be0d4e3724ba6ec227b70b4157f5ac0
BNCI2014-001,8,csp_lda,channel_dropout,all_channels,4,0.3,8,22,7,0.5,0.6514778325123153,0.4909000058019225,0.49105914181222526,0.3.2,participant,,,,,,a5508b68efe858976affddc55ddec1d52be0d4e3724ba6ec227b70b4157f5ac0
BNCI2014-001,8,csp_lda,channel_dropout,all_channels,4,0.3,9,22,7,0.6139162561576355,0.7278325123152709,0.21995245499094038,0.16947132317272845,0.3.2,participant,,,,,,a5508b68efe858976affddc55ddec1d52be0d4e3724ba6ec227b70b4157f5ac0
BNCI2014-001,8,csp_lda,channel_dropout,all_channels,4,0.5,0,22,11,0.5,0.6330049261083746,0.5087718926250766,0.5087718840269869,0.3.2,participant,,,,,,a5508b68efe858976affddc55ddec1d52be0d4e3724ba6ec227b70b4157f5ac0
BNCI2014-001,8,csp_lda,channel_dropout,all_channels,4,0.5,1,22,11,0.5,0.708128078817734,0.5087660639024809,0.5087658744203387,0.3.2,participant,,,,,,a5508b68efe858976affddc55ddec1d52be0d4e3724ba6ec227b70b4157f5ac0
BNCI2014-001,8,csp_lda,channel_dropout,all_channels,4,0.5,2,22,11,0.5,0.9051724137931034,0.5087719275618363,0.5087719284062827,0.3.2,participant,,,,,,a5508b68efe858976affddc55ddec1d52be0d4e3724ba6ec227b70b4157f5ac0
BNCI2014-001,8,csp_lda,channel_dropout,all_channels,4,0.5,3,22,11,0.5,0.5652709359605911,0.49077645979087453,0.49071532438200655,0.3.2,participant,,,,,,a5508b68efe858976affddc55ddec1d52be0d4e3724ba6ec227b70b4157f5ac0
BNCI2014-001,8,csp_lda,channel_dropout,all_channels,4,0.5,4,22,11,0.5,0.6551724137931035,0.4902380905088311,0.49046078043001423,0.3.2,participant,,,,,,a5508b68efe858976affddc55ddec1d52be0d4e3724ba6ec227b70b4157f5ac0
BNCI2014-001,8,csp_lda,channel_dropout,all_channels,4,0.5,5,22,11,0.6816502463054187,0.7229064039408868,0.23345215091659105,0.22019971478269834,0.3.2,participant,,,,,,a5508b68efe858976affddc55ddec1d52be0d4e3724ba6ec227b70b4157f5ac0
BNCI2014-001,8,csp_lda,channel_dropout,all_channels,4,0.5,6,22,11,0.5,0.977832512315271,0.46468339300561523,0.4831291293184331,0.3.2,participant,,,,,,a5508b68efe858976affddc55ddec1d52be0d4e3724ba6ec227b70b4157f5ac0
BNCI2014-001,8,csp_lda,channel_dropout,all_channels,4,0.5,7,22,11,0.5,0.5972906403940886,0.4416577327239649,0.4652137897329798,0.3.2,participant,,,,,,a5508b68efe858976affddc55ddec1d52be0d4e3724ba6ec227b70b4157f5ac0
BNCI2014-001,8,csp_lda,channel_dropout,all_channels,4,0.5,8,22,11,0.5,0.7598522167487685,0.5087123191809817,0.5087165334866532,0.3.2,participant,,,,,,a5508b68efe858976affddc55ddec1d52be0d4e3724ba6ec227b70b4157f5ac0
BNCI2014-001,8,csp_lda,channel_dropout,all_channels,4,0.5,9,22,11,0.5,0.7302955665024631,0.49122598154498154,0.4912268532051396,0.3.2,participant,,,,,,a5508b68efe858976affddc55ddec1d52be0d4e3724ba6ec227b70b4157f5ac0
BNCI2014-001,8,csp_lda,clean,all_channels,5,0.0,0,22,0,0.9642857142857143,1.0,0.017772266939545405,0.04049527364554958,0.3.2,participant,,,,,,a5508b68efe858976affddc55ddec1d52be0d4e3724ba6ec227b70b4157f5ac0
BNCI2014-001,8,csp_lda,channel_dropout,all_channels,5,0.1,0,22,2,0.5,0.8288177339901478,0.5086961168778836,0.5087339655501258,0.3.2,participant,,,,,,a5508b68efe858976affddc55ddec1d52be0d4e3724ba6ec227b70b4157f5ac0
BNCI2014-001,8,csp_lda,channel_dropout,all_channels,5,0.1,1,22,2,0.5,0.833743842364532,0.50877192954099,0.5087719296827437,0.3.2,participant,,,,,,a5508b68efe858976affddc55ddec1d52be0d4e3724ba6ec227b70b4157f5ac0
BNCI2014-001,8,csp_lda,channel_dropout,all_channels,5,0.1,2,22,2,0.5344827586206896,1.0,0.4184073914072488,0.44727643075941026,0.3.2,participant,,,,,,a5508b68efe858976affddc55ddec1d52be0d4e3724ba6ec227b70b4157f5ac0
BNCI2014-001,8,csp_lda,channel_dropout,all_channels,5,0.1,3,22,2,0.75,0.9889162561576355,0.210247484950536,0.25143073480830547,0.3.2,participant,,,,,,a5508b68efe858976affddc55ddec1d52be0d4e3724ba6ec227b70b4157f5ac0
BNCI2014-001,8,csp_lda,channel_dropout,all_channels,5,0.1,4,22,2,0.5,0.5,0.49122807017543857,0.49122807017543857,0.3.2,participant,,,,,,a5508b68efe858976affddc55ddec1d52be0d4e3724ba6ec227b70b4157f5ac0
BNCI2014-001,8,csp_lda,channel_dropout,all_channels,5,0.1,5,22,2,0.5517241379310345,0.8399014778325123,0.44498628906968624,0.46499117794355715,0.3.2,participant,,,,,,a5508b68efe858976affddc55ddec1d52be0d4e3724ba6ec227b70b4157f5ac0
BNCI2014-001,8,csp_lda,channel_dropout,all_channels,5,0.1,6,22,2,0.9649014778325123,0.9987684729064039,0.030904800604977193,0.054174510003451824,0.3.2,participant,,,,,,a5508b68efe858976affddc55ddec1d52be0d4e3724ba6ec227b70b4157f5ac0
BNCI2014-001,8,csp_lda,channel_dropout,all_channels,5,0.1,7,22,2,0.5,0.9125615763546797,0.49122807016714265,0.49122807017123105,0.3.2,participant,,,,,,a5508b68efe858976affddc55ddec1d52be0d4e3724ba6ec227b70b4157f5ac0
BNCI2014-001,8,csp_lda,channel_dropout,all_channels,5,0.1,8,22,2,0.9464285714285714,0.9926108374384237,0.05047621414815925,0.0869564890070338,0.3.2,participant,,,,,,a5508b68efe858976affddc55ddec1d52be0d4e3724ba6ec227b70b4157f5ac0
BNCI2014-001,8,csp_lda,channel_dropout,all_channels,5,0.1,9,22,2,0.5,0.5178571428571428,0.49122807017543857,0.49122807017543857,0.3.2,participant,,,,,,a5508b68efe858976affddc55ddec1d52be0d4e3724ba6ec227b70b4157f5ac0
BNCI2014-001,8,csp_lda,channel_dropout,all_channels,5,0.2,0,22,4,0.5,0.5862068965517241,0.5016087789481373,0.504310514653123,0.3.2,participant,,,,,,a5508b68efe858976affddc55ddec1d52be0d4e3724ba6ec227b70b4157f5ac0
BNCI2014-001,8,csp_lda,channel_dropout,all_channels,5,0.2,1,22,4,0.5862068965517242,0.8029556650246306,0.3963490851337567,0.4118400281539106,0.3.2,participant,,,,,,a5508b68efe858976affddc55ddec1d52be0d4e3724ba6ec227b70b4157f5ac0
BNCI2014-001,8,csp_lda,channel_dropout,all_channels,5,0.2,2,22,4,0.5,0.8263546798029556,0.4912087917361996,0.4912182466296743,0.3.2,participant,,,,,,a5508b68efe858976affddc55ddec1d52be0d4e3724ba6ec227b70b4157f5ac0
BNCI2014-001,8,csp_lda,channel_dropout,all_channels,5,0.2,3,22,4,0.5,0.9113300492610837,0.479763598153095,0.485033805368303,0.3.2,participant,,,,,,a5508b68efe858976affddc55ddec1d52be0d4e3724ba6ec227b70b4157f5ac0
BNCI2014-001,8,csp_lda,channel_dropout,all_channels,5,0.2,4,22,4,0.5,0.8793103448275862,0.4912280698982055,0.49122807003167945,0.3.2,participant,,,,,,a5508b68efe858976affddc55ddec1d52be0d4e3724ba6ec227b70b4157f5ac0
BNCI2014-001,8,csp_lda,channel_dropout,all_channels,5,0.2,5,22,4,0.5,0.8399014778325123,0.5087719282731853,0.5087719290472346,0.3.2,participant,,,,,,a5508b68efe858976affddc55ddec1d52be0d4e3724ba6ec227b70b4157f5ac0
BNCI2014-001,8,csp_lda,channel_dropout,all_channels,5,0.2,6,22,4,0.5,0.854679802955665,0.48679589012603397,0.4887167873899746,0.3.2,participant,,,,,,a5508b68efe858976affddc55ddec1d52be0d4e3724ba6ec227b70b4157f5ac0
BNCI2014-001,8,csp_lda,channel_dropout,all_channels,5,0.2,7,22,4,0.5,0.8830049261083744,0.4912280644258442,0.49122806722055423,0.3.2,participant,,,,,,a5508b68efe858976affddc55ddec1d52be0d4e3724ba6ec227b70b4157f5ac0
BNCI2014-001,8,csp_lda,channel_dropout,all_channels,5,0.2,8,22,4,0.5,0.687192118226601,0.4912277078262481,0.49122786942402574,0.3.2,participant,,,,,,a5508b68efe858976affddc55ddec1d52be0d4e3724ba6ec227b70b4157f5ac0
BNCI2014-001,8,csp_lda,channel_dropout,all_channels,5,0.2,9,22,4,0.43472906403940886,0.45197044334975367,0.40627672556818967,0.3871069413770853,0.3.2,participant,,,,,,a5508b68efe858976affddc55ddec1d52be0d4e3724ba6ec227b70b4157f5ac0
BNCI2014-001,8,csp_lda,channel_dropout,all_channels,5,0.3,0,22,7,0.7142857142857143,0.9716748768472907,0.2385643503420685,0.28728785124354445,0.3.2,participant,,,,,,a5508b68efe858976affddc55ddec1d52be0d4e3724ba6ec227b70b4157f5ac0
BNCI2014-001,8,csp_lda,channel_dropout,all_channels,5,0.3,1,22,7,0.5,0.9532019704433498,0.4912174153322175,0.49122273964971586,0.3.2,participant,,,,,,a5508b68efe858976affddc55ddec1d52be0d4e3724ba6ec227b70b4157f5ac0
BNCI2014-001,8,csp_lda,channel_dropout,all_channels,5,0.3,2,22,7,0.5,0.5307881773399016,0.49096297692892726,0.4909821718652483,0.3.2,participant,,,,,,a5508b68efe858976affddc55ddec1d52be0d4e3724ba6ec227b70b4157f5ac0
BNCI2014-001,8,csp_lda,channel_dropout,all_channels,5,0.3,3,22,7,0.5541871921182266,0.6958128078817735,0.3397065918557191,0.34038349674683077,0.3.2,participant,,,,,,a5508b68efe858976affddc55ddec1d52be0d4e3724ba6ec227b70b4157f5ac0
BNCI2014-001,8,csp_lda,channel_dropout,all_channels,5,0.3,4,22,7,0.5,0.8423645320197044,0.5085062851759784,0.5086306759959506,0.3.2,participant,,,,,,a5508b68efe858976affddc55ddec1d52be0d4e3724ba6ec227b70b4157f5ac0
BNCI2014-001,8,csp_lda,channel_dropout,all_channels,5,0.3,5,22,7,0.5,0.6206896551724138,0.4912280691040492,0.49122806951983455,0.3.2,participant,,,,,,a5508b68efe858976affddc55ddec1d52be0d4e3724ba6ec227b70b4157f5ac0
BNCI2014-001,8,csp_lda,channel_dropout,all_channels,5,0.3,6,22,7,0.5,0.8879310344827587,0.49122807016525816,0.4912280701700038,0.3.2,participant,,,,,,a5508b68efe858976affddc55ddec1d52be0d4e3724ba6ec227b70b4157f5ac0
BNCI2014-001,8,csp_lda,channel_dropout,all_channels,5,0.3,7,22,7,0.5,0.6551724137931034,0.49120376734885146,0.4912126298303351,0.3.2,participant,,,,,,a5508b68efe858976affddc55ddec1d52be0d4e3724ba6ec227b70b4157f5ac0
BNCI2014-001,8,csp_lda,channel_dropout,all_channels,5,0.3,8,22,7,0.5,0.979064039408867,0.49121553464693596,0.49122180134686444,0.3.2,participant,,,,,,a5508b68efe858976affddc55ddec1d52be0d4e3724ba6ec227b70b4157f5ac0
BNCI2014-001,8,csp_lda,channel_dropout,all_channels,5,0.3,9,22,7,0.5,0.9088669950738916,0.49120021304231093,0.49121359346933313,0.3.2,participant,,,,,,a5508b68efe858976affddc55ddec1d52be0d4e3724ba6ec227b70b4157f5ac0
BNCI2014-001,8,csp_lda,channel_dropout,all_channels,5,0.5,0,22,11,0.7370689655172413,0.8288177339901478,0.17116661624184232,0.1451628744676421,0.3.2,participant,,,,,,a5508b68efe858976affddc55ddec1d52be0d4e3724ba6ec227b70b4157f5ac0
BNCI2014-001,8,csp_lda,channel_dropout,all_channels,5,0.5,1,22,11,0.7863300492610837,0.9334975369458127,0.14689713654360328,0.16957578903219397,0.3.2,participant,,,,,,a5508b68efe858976affddc55ddec1d52be0d4e3724ba6ec227b70b4157f5ac0
BNCI2014-001,8,csp_lda,channel_dropout,all_channels,5,0.5,2,22,11,0.5,0.8780788177339901,0.4850562107663719,0.4879175865938231,0.3.2,participant,,,,,,a5508b68efe858976affddc55ddec1d52be0d4e3724ba6ec227b70b4157f5ac0
BNCI2014-001,8,csp_lda,channel_dropout,all_channels,5,0.5,3,22,11,0.5,0.7869458128078818,0.49122690990629386,0.4912274853090933,0.3.2,participant,,,,,,a5508b68efe858976affddc55ddec1d52be0d4e3724ba6ec227b70b4157f5ac0
BNCI2014-001,8,csp_lda,channel_dropout,all_channels,5,0.5,4,22,11,0.5,0.58128078817734,0.48920062097854494,0.4895405881475776,0.3.2,participant,,,,,,a5508b68efe858976affddc55ddec1d52be0d4e3724ba6ec227b70b4157f5ac0
BNCI2014-001,8,csp_lda,channel_dropout,all_channels,5,0.5,5,22,11,0.5,0.9051724137931034,0.4912213906224565,0.49122405635004185,0.3.2,participant,,,,,,a5508b68efe858976affddc55ddec1d52be0d4e3724ba6ec227b70b4157f5ac0
BNCI2014-001,8,csp_lda,channel_dropout,all_channels,5,0.5,6,22,11,0.5,0.5036945812807883,0.4663888750305005,0.468425412280052,0.3.2,participant,,,,,,a5508b68efe858976affddc55ddec1d52be0d4e3724ba6ec227b70b4157f5ac0
BNCI2014-001,8,csp_lda,channel_dropout,all_channels,5,0.5,7,22,11,0.5357142857142857,0.8177339901477833,0.41989985514729017,0.4436032200451893,0.3.2,participant,,,,,,a5508b68efe858976affddc55ddec1d52be0d4e3724ba6ec227b70b4157f5ac0
BNCI2014-001,8,csp_lda,channel_dropout,all_channels,5,0.5,8,22,11,0.5,0.7894088669950738,0.4995562245975417,0.50359241818939,0.3.2,participant,,,,,,a5508b68efe858976affddc55ddec1d52be0d4e3724ba6ec227b70b4157f5ac0
BNCI2014-001,8,csp_lda,channel_dropout,all_channels,5,0.5,9,22,11,0.5,0.8879310344827587,0.4912275433680792,0.49122780641519836,0.3.2,participant,,,,,,a5508b68efe858976affddc55ddec1d52be0d4e3724ba6ec227b70b4157f5ac0
BNCI2014-001,8,csp_lda,reduced_montage,motor_core,1,0.0,0,3,0,0.8793103448275862,0.9595719381688466,0.0862860398751841,0.10160925752631754,0.3.2,not_applicable,"C3,Cz,C4",,,,,a5508b68efe858976affddc55ddec1d52be0d4e3724ba6ec227b70b4157f5ac0
BNCI2014-001,8,csp_lda,reduced_montage,motor_core,2,0.0,0,3,0,0.7758620689655172,0.9120095124851367,0.13283925884920614,0.13779789217428573,0.3.2,not_applicable,"C3,Cz,C4",,,,,a5508b68efe858976affddc55ddec1d52be0d4e3724ba6ec227b70b4157f5ac0
BNCI2014-001,8,csp_lda,reduced_montage,motor_core,3,0.0,0,3,0,0.8793103448275862,0.9476813317479191,0.09439074805632931,0.09655643952430515,0.3.2,not_applicable,"C3,Cz,C4",,,,,a5508b68efe858976affddc55ddec1d52be0d4e3724ba6ec227b70b4157f5ac0
BNCI2014-001,8,csp_lda,reduced_montage,motor_core,4,0.0,0,3,0,0.8423645320197044,0.9285714285714286,0.10389040827323687,0.12662020898540952,0.3.2,not_applicable,"C3,Cz,C4",,,,,a5508b68efe858976affddc55ddec1d52be0d4e3724ba6ec227b70b4157f5ac0
BNCI2014-001,8,csp_lda,reduced_montage,motor_core,5,0.0,0,3,0,0.8940886699507389,0.9532019704433498,0.08923062989660797,0.11148421677941525,0.3.2,not_applicable,"C3,Cz,C4",,,,,a5508b68efe858976affddc55ddec1d52be0d4e3724ba6ec227b70b4157f5ac0
BNCI2014-001,8,csp_lda,reduced_montage,motor_extended,1,0.0,0,9,0,1.0,1.0,0.0054273147748654885,0.0299792149060863,0.3.2,not_applicable,"FC3,FCz,FC4,C3,Cz,C4,CP3,CPz,CP4",,,,,a5508b68efe858976affddc55ddec1d52be0d4e3724ba6ec227b70b4157f5ac0
BNCI2014-001,8,csp_lda,reduced_montage,motor_extended,2,0.0,0,9,0,0.896551724137931,0.9667063020214031,0.07272455764796086,0.07849405482030632,0.3.2,not_applicable,"FC3,FCz,FC4,C3,Cz,C4,CP3,CPz,CP4",,,,,a5508b68efe858976affddc55ddec1d52be0d4e3724ba6ec227b70b4157f5ac0
BNCI2014-001,8,csp_lda,reduced_montage,motor_extended,3,0.0,0,9,0,0.8793103448275862,0.9833531510107015,0.06542777698720184,0.07162929577543686,0.3.2,not_applicable,"FC3,FCz,FC4,C3,Cz,C4,CP3,CPz,CP4",,,,,a5508b68efe858976affddc55ddec1d52be0d4e3724ba6ec227b70b4157f5ac0
BNCI2014-001,8,csp_lda,reduced_montage,motor_extended,4,0.0,0,9,0,0.9642857142857143,0.998768472906404,0.023470867417298293,0.049130937917080966,0.3.2,not_applicable,"FC3,FCz,FC4,C3,Cz,C4,CP3,CPz,CP4",,,,,a5508b68efe858976affddc55ddec1d52be0d4e3724ba6ec227b70b4157f5ac0
BNCI2014-001,8,csp_lda,reduced_montage,motor_extended,5,0.0,0,9,0,0.9470443349753694,0.9852216748768473,0.03532688274173999,0.05475277102048644,0.3.2,not_applicable,"FC3,FCz,FC4,C3,Cz,C4,CP3,CPz,CP4",,,,,a5508b68efe858976affddc55ddec1d52be0d4e3724ba6ec227b70b4157f5ac0
BNCI2014-001,8,csp_lda,region_dropout,all_channels,1,0.3181818181818182,0,22,7,0.5,0.8585017835909632,0.4999998027377605,0.4999999013003972,0.3.2,not_applicable,,left_motor_strip,"FC3,FC1,C5,C3,C1,CP3,CP1",,,a5508b68efe858976affddc55ddec1d52be0d4e3724ba6ec227b70b4157f5ac0
BNCI2014-001,8,csp_lda,region_dropout,all_channels,1,0.13636363636363635,0,22,3,0.9310344827586207,0.9952437574316291,0.04294841849533054,0.08283890525380222,0.3.2,not_applicable,,midline_motor_strip,"FCz,Cz,CPz",,,a5508b68efe858976affddc55ddec1d52be0d4e3724ba6ec227b70b4157f5ac0
BNCI2014-001,8,csp_lda,region_dropout,all_channels,1,0.3181818181818182,0,22,7,0.5,0.8668252080856124,0.4999999470538518,0.499999973509902,0.3.2,not_applicable,,right_motor_strip,"FC2,FC4,C2,C4,C6,CP2,CP4",,,a5508b68efe858976affddc55ddec1d52be0d4e3724ba6ec227b70b4157f5ac0
BNCI2014-001,8,csp_lda,region_dropout,all_channels,2,0.3181818181818182,0,22,7,0.5,0.8751486325802617,0.49999999648024834,0.4999999982191856,0.3.2,not_applicable,,left_motor_strip,"FC3,FC1,C5,C3,C1,CP3,CP1",,,a5508b68efe858976affddc55ddec1d52be0d4e3724ba6ec227b70b4157f5ac0
BNCI2014-001,8,csp_lda,region_dropout,all_channels,2,0.13636363636363635,0,22,3,0.5344827586206896,0.9643281807372175,0.42545180711621283,0.4487715678584754,0.3.2,not_applicable,,midline_motor_strip,"FCz,Cz,CPz",,,a5508b68efe858976affddc55ddec1d52be0d4e3724ba6ec227b70b4157f5ac0
BNCI2014-001,8,csp_lda,region_dropout,all_channels,2,0.3181818181818182,0,22,7,0.5,0.8382877526753865,0.49999999484338375,0.49999999741018775,0.3.2,not_applicable,,right_motor_strip,"FC2,FC4,C2,C4,C6,CP2,CP4",,,a5508b68efe858976affddc55ddec1d52be0d4e3724ba6ec227b70b4157f5ac0
BNCI2014-001,8,csp_lda,region_dropout,all_channels,3,0.3181818181818182,0,22,7,0.5,0.751486325802616,0.4999837995632066,0.49999173014452836,0.3.2,not_applicable,,left_motor_strip,"FC3,FC1,C5,C3,C1,CP3,CP1",,,a5508b68efe858976affddc55ddec1d52be0d4e3724ba6ec227b70b4157f5ac0
BNCI2014-001,8,csp_lda,region_dropout,all_channels,3,0.13636363636363635,0,22,3,0.7931034482758621,0.9952437574316291,0.15358205149087126,0.19534629897662545,0.3.2,not_applicable,,midline_motor_strip,"FCz,Cz,CPz",,,a5508b68efe858976affddc55ddec1d52be0d4e3724ba6ec227b70b4157f5ac0
BNCI2014-001,8,csp_lda,region_dropout,all_channels,3,0.3181818181818182,0,22,7,0.5,0.868014268727705,0.4999999999934889,0.49999999999674416,0.3.2,not_applicable,,right_motor_strip,"FC2,FC4,C2,C4,C6,CP2,CP4",,,a5508b68efe858976affddc55ddec1d52be0d4e3724ba6ec227b70b4157f5ac0
BNCI2014-001,8,csp_lda,region_dropout,all_channels,4,0.3181818181818182,0,22,7,0.5,0.8731527093596059,0.4912280605912298,0.49122806532138097,0.3.2,not_applicable,,left_motor_strip,"FC3,FC1,C5,C3,C1,CP3,CP1",,,a5508b68efe858976affddc55ddec1d52be0d4e3724ba6ec227b70b4157f5ac0
BNCI2014-001,8,csp_lda,region_dropout,all_channels,4,0.13636363636363635,0,22,3,0.6071428571428571,0.9963054187192119,0.3318639653419581,0.38077421143112644,0.3.2,not_applicable,,midline_motor_strip,"FCz,Cz,CPz",,,a5508b68efe858976affddc55ddec1d52be0d4e3724ba6ec227b70b4157f5ac0
BNCI2014-001,8,csp_lda,region_dropout,all_channels,4,0.3181818181818182,0,22,7,0.5,0.9211822660098523,0.508771915220423,0.5087719225017346,0.3.2,not_applicable,,right_motor_strip,"FC2,FC4,C2,C4,C6,CP2,CP4",,,a5508b68efe858976affddc55ddec1d52be0d4e3724ba6ec227b70b4157f5ac0
BNCI2014-001,8,csp_lda,region_dropout,all_channels,5,0.3181818181818182,0,22,7,0.5,0.854679802955665,0.5086107023004249,0.5086911388211697,0.3.2,not_applicable,,left_motor_strip,"FC3,FC1,C5,C3,C1,CP3,CP1",,,a5508b68efe858976affddc55ddec1d52be0d4e3724ba6ec227b70b4157f5ac0
BNCI2014-001,8,csp_lda,region_dropout,all_channels,5,0.13636363636363635,0,22,3,0.8435960591133005,0.9753694581280788,0.094477558841199,0.13852015985489444,0.3.2,not_applicable,,midline_motor_strip,"FCz,Cz,CPz",,,a5508b68efe858976affddc55ddec1d52be0d4e3724ba6ec227b70b4157f5ac0
BNCI2014-001,8,csp_lda,region_dropout,all_channels,5,0.3181818181818182,0,22,7,0.5,0.9064039408866995,0.49122807013424497,0.49122807015455283,0.3.2,not_applicable,,right_motor_strip,"FC2,FC4,C2,C4,C6,CP2,CP4",,,a5508b68efe858976affddc55ddec1d52be0d4e3724ba6ec227b70b4157f5ac0
BNCI2014-001,8,csp_lda,cross_session,all_channels,0,0.0,0,22,0,0.9583333333333333,0.9928626543209877,0.03773791450796455,0.037100594820928263,0.3.2,not_applicable,,,,0train,1test,a5508b68efe858976affddc55ddec1d52be0d4e3724ba6ec227b70b4157f5ac0
BNCI2014-001,9,csp_lda,clean,all_channels,1,0.0,0,22,0,0.7931034482758621,0.8894173602853747,0.13562837006408546,0.09908502166512181,0.3.2,participant,,,,,,a5508b68efe858976affddc55ddec1d52be0d4e3724ba6ec227b70b4157f5ac0
BNCI2014-001,9,csp_lda,channel_dropout,all_channels,1,0.1,0,22,2,0.5,0.48513674197384066,0.4999048446781155,0.4999247692038684,0.3.2,participant,,,,,,a5508b68efe858976affddc55ddec1d52be0d4e3724ba6ec227b70b4157f5ac0
BNCI2014-001,9,csp_lda,channel_dropout,all_channels,1,0.1,1,22,2,0.5,0.6361474435196195,0.49992421073280485,0.49995679807337623,0.3.2,participant,,,,,,a5508b68efe858976affddc55ddec1d52be0d4e3724ba6ec227b70b4157f5ac0
BNCI2014-001,9,csp_lda,channel_dropout,all_channels,1,0.1,2,22,2,0.603448275862069,0.8727705112960761,0.30834794742946753,0.365965691421309,0.3.2,participant,,,,,,a5508b68efe858976affddc55ddec1d52be0d4e3724ba6ec227b70b4157f5ac0
BNCI2014-001,9,csp_lda,channel_dropout,all_channels,1,0.1,3,22,2,0.5,0.6967895362663497,0.49762101405616965,0.4983271993932237,0.3.2,participant,,,,,,a5508b68efe858976affddc55ddec1d52be0d4e3724ba6ec227b70b4157f5ac0
BNCI2014-001,9,csp_lda,channel_dropout,all_channels,1,0.1,4,22,2,0.5,0.6587395957193818,0.4999722438824687,0.49998043564241956,0.3.2,participant,,,,,,a5508b68efe858976affddc55ddec1d52be0d4e3724ba6ec227b70b4157f5ac0
BNCI2014-001,9,csp_lda,channel_dropout,all_channels,1,0.1,5,22,2,0.6896551724137931,0.868014268727705,0.25858644637972356,0.3201933085896583,0.3.2,participant,,,,,,a5508b68efe858976affddc55ddec1d52be0d4e3724ba6ec227b70b4157f5ac0
BNCI2014-001,9,csp_lda,channel_dropout,all_channels,1,0.1,6,22,2,0.7068965517241379,0.8799048751486326,0.20937806715689505,0.24602246668488295,0.3.2,participant,,,,,,a5508b68efe858976affddc55ddec1d52be0d4e3724ba6ec227b70b4157f5ac0
BNCI2014-001,9,csp_lda,channel_dropout,all_channels,1,0.1,7,22,2,0.603448275862069,0.7776456599286564,0.27437313250983053,0.2774457875718219,0.3.2,participant,,,,,,a5508b68efe858976affddc55ddec1d52be0d4e3724ba6ec227b70b4157f5ac0
BNCI2014-001,9,csp_lda,channel_dropout,all_channels,1,0.1,8,22,2,0.5517241379310345,0.8442330558858502,0.3119565937868765,0.34566159984338274,0.3.2,participant,,,,,,a5508b68efe858976affddc55ddec1d52be0d4e3724ba6ec227b70b4157f5ac0
BNCI2014-001,9,csp_lda,channel_dropout,all_channels,1,0.1,9,22,2,0.5,0.7312722948870392,0.4997915711238803,0.49986149147171755,0.3.2,participant,,,,,,a5508b68efe858976affddc55ddec1d52be0d4e3724ba6ec227b70b4157f5ac0
BNCI2014-001,9,csp_lda,channel_dropout,all_channels,1,0.2,0,22,4,0.5,0.7586206896551724,0.4998398995369559,0.49989082778763116,0.3.2,participant,,,,,,a5508b68efe858976affddc55ddec1d52be0d4e3724ba6ec227b70b4157f5ac0
BNCI2014-001,9,csp_lda,channel_dropout,all_channels,1,0.2,1,22,4,0.5,0.6111771700356718,0.4999994705184677,0.4999996382137639,0.3.2,participant,,,,,,a5508b68efe858976affddc55ddec1d52be0d4e3724ba6ec227b70b4157f5ac0
BNCI2014-001,9,csp_lda,channel_dropout,all_channels,1,0.2,2,22,4,0.5344827586206896,0.6789536266349584,0.38715339053520265,0.4011214606401008,0.3.2,participant,,,,,,a5508b68efe858976affddc55ddec1d52be0d4e3724ba6ec227b70b4157f5ac0
BNCI2014-001,9,csp_lda,channel_dropout,all_channels,1,0.2,3,22,4,0.5,0.8394768133174791,0.4201091889438436,0.4404255611739327,0.3.2,participant,,,,,,a5508b68efe858976affddc55ddec1d52be0d4e3724ba6ec227b70b4157f5ac0
BNCI2014-001,9,csp_lda,channel_dropout,all_channels,1,0.2,4,22,4,0.5,0.713436385255648,0.480904660266238,0.4872408891582922,0.3.2,participant,,,,,,a5508b68efe858976affddc55ddec1d52be0d4e3724ba6ec227b70b4157f5ac0
BNCI2014-001,9,csp_lda,channel_dropout,all_channels,1,0.2,5,22,4,0.603448275862069,0.802615933412604,0.3056454682035442,0.34589870176604354,0.3.2,participant,,,,,,a5508b68efe858976affddc55ddec1d52be0d4e3724ba6ec227b70b4157f5ac0
BNCI2014-001,9,csp_lda,channel_dropout,all_channels,1,0.2,6,22,4,0.5,0.7609988109393578,0.460452200393507,0.46904598957160254,0.3.2,participant,,,,,,a5508b68efe858976affddc55ddec1d52be0d4e3724ba6ec227b70b4157f5ac0
BNCI2014-001,9,csp_lda,channel_dropout,all_channels,1,0.2,7,22,4,0.5,0.5231866825208086,0.49900167966415104,0.4993202094729967,0.3.2,participant,,,,,,a5508b68efe858976affddc55ddec1d52be0d4e3724ba6ec227b70b4157f5ac0
BNCI2014-001,9,csp_lda,channel_dropout,all_channels,1,0.2,8,22,4,0.5,0.5743162901307967,0.43838120174334316,0.4519341660267759,0.3.2,participant,,,,,,a5508b68efe858976affddc55ddec1d52be0d4e3724ba6ec227b70b4157f5ac0
BNCI2014-001,9,csp_lda,channel_dropout,all_channels,1,0.2,9,22,4,0.7931034482758621,0.8858501783590963,0.13887316581932718,0.15061345226868753,0.3.2,participant,,,,,,a5508b68efe858976affddc55ddec1d52be0d4e3724ba6ec227b70b4157f5ac0
BNCI2014-001,9,csp_lda,channel_dropout,all_channels,1,0.3,0,22,7,0.5,0.6979785969084423,0.4059542691914731,0.43342890837334364,0.3.2,participant,,,,,,a5508b68efe858976affddc55ddec1d52be0d4e3724ba6ec227b70b4157f5ac0
BNCI2014-001,9,csp_lda,channel_dropout,all_channels,1,0.3,1,22,7,0.5,0.5790725326991677,0.499886283358819,0.4999108947490176,0.3.2,participant,,,,,,a5508b68efe858976affddc55ddec1d52be0d4e3724ba6ec227b70b4157f5ac0
BNCI2014-001,9,csp_lda,channel_dropout,all_channels,1,0.3,2,22,7,0.5,0.6979785969084423,0.4989656193240616,0.49937254006814136,0.3.2,participant,,,,,,a5508b68efe858976affddc55ddec1d52be0d4e3724ba6ec227b70b4157f5ac0
BNCI2014-001,9,csp_lda,channel_dropout,all_channels,1,0.3,3,22,7,0.5344827586206896,0.7954815695600475,0.3744136659323037,0.4070596862729795,0.3.2,participant,,,,,,a5508b68efe858976affddc55ddec1d52be0d4e3724ba6ec227b70b4157f5ac0
BNCI2014-001,9,csp_lda,channel_dropout,all_channels,1,0.3,4,22,7,0.5,0.5077288941736029,0.49958929663587276,0.4996635937881102,0.3.2,participant,,,,,,a5508b68efe858976affddc55ddec1d52be0d4e3724ba6ec227b70b4157f5ac0
BNCI2014-001,9,csp_lda,channel_dropout,all_channels,1,0.3,5,22,7,0.7931034482758621,0.8644470868014269,0.1471541485892242,0.06782111772573594,0.3.2,participant,,,,,,a5508b68efe858976affddc55ddec1d52be0d4e3724ba6ec227b70b4157f5ac0
BNCI2014-001,9,csp_lda,channel_dropout,all_channels,1,0.3,6,22,7,0.5,0.7193816884661117,0.4999114244881292,0.4999494356632872,0.3.2,participant,,,,,,a5508b68efe858976affddc55ddec1d52be0d4e3724ba6ec227b70b4157f5ac0
BNCI2014-001,9,csp_lda,channel_dropout,all_channels,1,0.3,7,22,7,0.5,0.7027348394768133,0.4806782847512708,0.48597412326285316,0.3.2,participant,,,,,,a5508b68efe858976affddc55ddec1d52be0d4e3724ba6ec227b70b4157f5ac0
BNCI2014-001,9,csp_lda,channel_dropout,all_channels,1,0.3,8,22,7,0.5,0.544589774078478,0.49999783634130945,0.4999983564784132,0.3.2,participant,,,,,,a5508b68efe858976affddc55ddec1d52be0d4e3724ba6ec227b70b4157f5ac0
BNCI2014-001,9,csp_lda,channel_dropout,all_channels,1,0.3,9,22,7,0.5,0.6254458977407849,0.4999997980852713,0.4999998618473711,0.3.2,participant,,,,,,a5508b68efe858976affddc55ddec1d52be0d4e3724ba6ec227b70b4157f5ac0
BNCI2014-001,9,csp_lda,channel_dropout,all_channels,1,0.5,0,22,11,0.5,0.4898929845422117,0.4997368137783138,0.49973837479545113,0.3.2,participant,,,,,,a5508b68efe858976affddc55ddec1d52be0d4e3724ba6ec227b70b4157f5ac0
BNCI2014-001,9,csp_lda,channel_dropout,all_channels,1,0.5,1,22,11,0.5,0.49583828775267536,0.49995768656741285,0.49996201253834816,0.3.2,participant,,,,,,a5508b68efe858976affddc55ddec1d52be0d4e3724ba6ec227b70b4157f5ac0
BNCI2014-001,9,csp_lda,channel_dropout,all_channels,1,0.5,2,22,11,0.5,0.45065398335315093,0.4999742213728074,0.49997391753621545,0.3.2,participant,,,,,,a5508b68efe858976affddc55ddec1d52be0d4e3724ba6ec227b70b4157f5ac0
BNCI2014-001,9,csp_lda,channel_dropout,all_channels,1,0.5,3,22,11,0.5,0.6087990487514863,0.4999988569123316,0.49999925497155107,0.3.2,participant,,,,,,a5508b68efe858976affddc55ddec1d52be0d4e3724ba6ec227b70b4157f5ac0
BNCI2014-001,9,csp_lda,channel_dropout,all_channels,1,0.5,4,22,11,0.5,0.6551724137931034,0.4768453720215784,0.48346696917409826,0.3.2,participant,,,,,,a5508b68efe858976affddc55ddec1d52be0d4e3724ba6ec227b70b4157f5ac0
BNCI2014-001,9,csp_lda,channel_dropout,all_channels,1,0.5,5,22,11,0.603448275862069,0.6218787158145065,0.31412822234582766,0.30608038597706344,0.3.2,participant,,,,,,a5508b68efe858976affddc55ddec1d52be0d4e3724ba6ec227b70b4157f5ac0
BNCI2014-001,9,csp_lda,channel_dropout,all_channels,1,0.5,6,22,11,0.5,0.5374554102259216,0.49938349535098214,0.49943475071081955,0.3.2,participant,,,,,,a5508b68efe858976affddc55ddec1d52be0d4e3724ba6ec227b70b4157f5ac0
BNCI2014-001,9,csp_lda,channel_dropout,all_channels,1,0.5,7,22,11,0.5,0.8275862068965517,0.41348674302019317,0.43652057659595545,0.3.2,participant,,,,,,a5508b68efe858976affddc55ddec1d52be0d4e3724ba6ec227b70b4157f5ac0
BNCI2014-001,9,csp_lda,channel_dropout,all_channels,1,0.5,8,22,11,0.5,0.5648038049940547,0.4967002301079237,0.49768094171245625,0.3.2,participant,,,,,,a5508b68efe858976affddc55ddec1d52be0d4e3724ba6ec227b70b4157f5ac0
BNCI2014-001,9,csp_lda,channel_dropout,all_channels,1,0.5,9,22,11,0.5,0.5576694411414982,0.4999928517319275,0.499994041136116,0.3.2,participant,,,,,,a5508b68efe858976affddc55ddec1d52be0d4e3724ba6ec227b70b4157f5ac0
BNCI2014-001,9,csp_lda,clean,all_channels,2,0.0,0,22,0,0.7931034482758621,0.9024970273483948,0.13148570406681115,0.08084385770789064,0.3.2,participant,,,,,,a5508b68efe858976affddc55ddec1d52be0d4e3724ba6ec227b70b4157f5ac0
BNCI2014-001,9,csp_lda,channel_dropout,all_channels,2,0.1,0,22,2,0.5,0.759809750297265,0.4994586186871249,0.4996615250438804,0.3.2,participant,,,,,,a5508b68efe858976affddc55ddec1d52be0d4e3724ba6ec227b70b4157f5ac0
BNCI2014-001,9,csp_lda,channel_dropout,all_channels,2,0.1,1,22,2,0.5,0.7752675386444708,0.47788731825026487,0.48487224354510533,0.3.2,participant,,,,,,a5508b68efe858976affddc55ddec1d52be0d4e3724ba6ec227b70b4157f5ac0
BNCI2014-001,9,csp_lda,channel_dropout,all_channels,2,0.1,2,22,2,0.5,0.7205707491082045,0.4463985718519257,0.45828337622251814,0.3.2,participant,,,,,,a5508b68efe858976affddc55ddec1d52be0d4e3724ba6ec227b70b4157f5ac0
BNCI2014-001,9,csp_lda,channel_dropout,all_channels,2,0.1,3,22,2,0.5,0.6741973840665874,0.4809244247344631,0.4864222783930695,0.3.2,participant,,,,,,a5508b68efe858976affddc55ddec1d52be0d4e3724ba6ec227b70b4157f5ac0
BNCI2014-001,9,csp_lda,channel_dropout,all_channels,2,0.1,4,22,2,0.5172413793103449,0.6956004756242569,0.42238454714669627,0.43486938808323033,0.3.2,participant,,,,,,a5508b68efe858976affddc55ddec1d52be0d4e3724ba6ec227b70b4157f5ac0
BNCI2014-001,9,csp_lda,channel_dropout,all_channels,2,0.1,5,22,2,0.5,0.7443519619500595,0.4998990022182246,0.4999355107286977,0.3.2,participant,,,,,,a5508b68efe858976affddc55ddec1d52be0d4e3724ba6ec227b70b4157f5ac0
BNCI2014-001,9,csp_lda,channel_dropout,all_channels,2,0.1,6,22,2,0.5,0.8038049940546967,0.4832645600509801,0.49056399068682727,0.3.2,participant,,,,,,a5508b68efe858976affddc55ddec1d52be0d4e3724ba6ec227b70b4157f5ac0
BNCI2014-001,9,csp_lda,channel_dropout,all_channels,2,0.1,7,22,2,0.5,0.6777645659928657,0.499955260711624,0.4999667949483658,0.3.2,participant,,,,,,a5508b68efe858976affddc55ddec1d52be0d4e3724ba6ec227b70b4157f5ac0
BNCI2014-001,9,csp_lda,channel_dropout,all_channels,2,0.1,8,22,2,0.5,0.7348394768133175,0.49942657422035336,0.49965958695716184,0.3.2,participant,,,,,,a5508b68efe858976affddc55ddec1d52be0d4e3724ba6ec227b70b4157f5ac0
BNCI2014-001,9,csp_lda,channel_dropout,all_channels,2,0.1,9,22,2,0.6379310344827587,0.8810939357907253,0.25273489952655653,0.290966244394185,0.3.2,participant,,,,,,a5508b68efe858976affddc55ddec1d52be0d4e3724ba6ec227b70b4157f5ac0
BNCI2014-001,9,csp_lda,channel_dropout,all_channels,2,0.2,0,22,4,0.7586206896551724,0.868014268727705,0.1545959982752237,0.11240084205778858,0.3.2,participant,,,,,,a5508b68efe858976affddc55ddec1d52be0d4e3724ba6ec227b70b4157f5ac0
BNCI2014-001,9,csp_lda,channel_dropout,all_channels,2,0.2,1,22,4,0.5,0.7633769322235434,0.49006656628714895,0.49410964863777385,0.3.2,participant,,,,,,a5508b68efe858976affddc55ddec1d52be0d4e3724ba6ec227b70b4157f5ac0
BNCI2014-001,9,csp_lda,channel_dropout,all_channels,2,0.2,2,22,4,0.5,0.5089179548156956,0.499971821063547,0.49997502605328714,0.3.2,participant,,,,,,a5508b68efe858976affddc55ddec1d52be0d4e3724ba6ec227b70b4157f5ac0
BNCI2014-001,9,csp_lda,channel_dropout,all_channels,2,0.2,3,22,4,0.6379310344827587,0.8454221165279429,0.2433419262553084,0.2722365619191597,0.3.2,participant,,,,,,a5508b68efe858976affddc55ddec1d52be0d4e3724ba6ec227b70b4157f5ac0
BNCI2014-001,9,csp_lda,channel_dropout,all_channels,2,0.2,4,22,4,0.5,0.5933412604042806,0.4999484726261093,0.4999592723988284,0.3.2,participant,,,,,,a5508b68efe858976affddc55ddec1d52be0d4e3724ba6ec227b70b4157f5ac0
BNCI2014-001,9,csp_lda,channel_dropout,all_channels,2,0.2,5,22,4,0.5,0.6266349583828775,0.499997206274937,0.4999978459246581,0.3.2,participant,,,,,,a5508b68efe858976affddc55ddec1d52be0d4e3724ba6ec227b70b4157f5ac0
BNCI2014-001,9,csp_lda,channel_dropout,all_channels,2,0.2,6,22,4,0.5,0.8287752675386444,0.4692365768588715,0.4806441767308493,0.3.2,participant,,,,,,a5508b68efe858976affddc55ddec1d52be0d4e3724ba6ec227b70b4157f5ac0
BNCI2014-001,9,csp_lda,channel_dropout,all_channels,2,0.2,7,22,4,0.5,0.7027348394768134,0.49983246291269817,0.4998818633469495,0.3.2,participant,,,,,,a5508b68efe858976affddc55ddec1d52be0d4e3724ba6ec227b70b4157f5ac0
BNCI2014-001,9,csp_lda,channel_dropout,all_channels,2,0.2,8,22,4,0.603448275862069,0.8727705112960761,0.26618307059562574,0.3174068427780817,0.3.2,participant,,,,,,a5508b68efe858976affddc55ddec1d52be0d4e3724ba6ec227b70b4157f5ac0
BNCI2014-001,9,csp_lda,channel_dropout,all_channels,2,0.2,9,22,4,0.603448275862069,0.7217598097502973,0.2415708273472968,0.17291323000867678,0.3.2,participant,,,,,,a5508b68efe858976affddc55ddec1d52be0d4e3724ba6ec227b70b4157f5ac0
BNCI2014-001,9,csp_lda,channel_dropout,all_channels,2,0.3,0,22,7,0.5,0.6837098692033294,0.49999765171958976,0.4999983385042497,0.3.2,participant,,,,,,a5508b68efe858976affddc55ddec1d52be0d4e3724ba6ec227b70b4157f5ac0
BNCI2014-001,9,csp_lda,channel_dropout,all_channels,2,0.3,1,22,7,0.5,0.7158145065398335,0.49903500013670066,0.4993562778429269,0.3.2,participant,,,,,,a5508b68efe858976affddc55ddec1d52be0d4e3724ba6ec227b70b4157f5ac0
BNCI2014-001,9,csp_lda,channel_dropout,all_channels,2,0.3,2,22,7,0.5,0.5707491082045184,0.49996532930672594,0.4999721827997029,0.3.2,participant,,,,,,a5508b68efe858976affddc55ddec1d52be0d4e3724ba6ec227b70b4157f5ac0
BNCI2014-001,9,csp_lda,channel_dropout,all_channels,2,0.3,3,22,7,0.5,0.6111771700356718,0.49999772006460275,0.49999810785468046,0.3.2,participant,,,,,,a5508b68efe858976affddc55ddec1d52be0d4e3724ba6ec227b70b4157f5ac0
BNCI2014-001,9,csp_lda,channel_dropout,all_channels,2,0.3,4,22,7,0.5,0.5493460166468489,0.49898568281989264,0.49918064222265324,0.3.2,participant,,,,,,a5508b68efe858976affddc55ddec1d52be0d4e3724ba6ec227b70b4157f5ac0
BNCI2014-001,9,csp_lda,channel_dropout,all_channels,2,0.3,5,22,7,0.5,0.5743162901307968,0.49999368295106233,0.49999482181155763,0.3.2,participant,,,,,,a5508b68efe858976affddc55ddec1d52be0d4e3724ba6ec227b70b4157f5ac0
BNCI2014-001,9,csp_lda,channel_dropout,all_channels,2,0.3,6,22,7,0.5,0.6373365041617123,0.49996628866586523,0.4999752742674134,0.3.2,participant,,,,,,a5508b68efe858976affddc55ddec1d52be0d4e3724ba6ec227b70b4157f5ac0
BNCI2014-001,9,csp_lda,channel_dropout,all_channels,2,0.3,7,22,7,0.5,0.6456599286563615,0.4999794476567323,0.4999854099290897,0.3.2,participant,,,,,,a5508b68efe858976affddc55ddec1d52be0d4e3724ba6ec227b70b4157f5ac0
BNCI2014-001,9,csp_lda,channel_dropout,all_channels,2,0.3,8,22,7,0.5,0.7871581450653983,0.4977494127314394,0.49864320664743755,0.3.2,participant,,,,,,a5508b68efe858976affddc55ddec1d52be0d4e3724ba6ec227b70b4157f5ac0
BNCI2014-001,9,csp_lda,channel_dropout,all_channels,2,0.3,9,22,7,0.7758620689655172,0.8953626634958383,0.15877806299337982,0.14053536991012877,0.3.2,participant,,,,,,a5508b68efe858976affddc55ddec1d52be0d4e3724ba6ec227b70b4157f5ac0
BNCI2014-001,9,csp_lda,channel_dropout,all_channels,2,0.5,0,22,11,0.5,0.6563614744351962,0.49999589054048527,0.499997189334489,0.3.2,participant,,,,,,a5508b68efe858976affddc55ddec1d52be0d4e3724ba6ec227b70b4157f5ac0
BNCI2014-001,9,csp_lda,channel_dropout,all_channels,2,0.5,1,22,11,0.5,0.5683709869203329,0.4990440435846495,0.4991577216874151,0.3.2,participant,,,,,,a5508b68efe858976affddc55ddec1d52be0d4e3724ba6ec227b70b4157f5ac0
BNCI2014-001,9,csp_lda,channel_dropout,all_channels,2,0.5,2,22,11,0.5,0.6551724137931035,0.49999185724197237,0.4999938384442525,0.3.2,participant,,,,,,a5508b68efe858976affddc55ddec1d52be0d4e3724ba6ec227b70b4157f5ac0
BNCI2014-001,9,csp_lda,channel_dropout,all_channels,2,0.5,3,22,11,0.5,0.7312722948870392,0.4995822225967885,0.49971566056790884,0.3.2,participant,,,,,,a5508b68efe858976affddc55ddec1d52be0d4e3724ba6ec227b70b4157f5ac0
BNCI2014-001,9,csp_lda,channel_dropout,all_channels,2,0.5,4,22,11,0.5,0.7074910820451843,0.49999033929997216,0.49999334243119986,0.3.2,participant,,,,,,a5508b68efe858976affddc55ddec1d52be0d4e3724ba6ec227b70b4157f5ac0
BNCI2014-001,9,csp_lda,channel_dropout,all_channels,2,0.5,5,22,11,0.5,0.6409036860879904,0.4997618647894681,0.49981591448431384,0.3.2,participant,,,,,,a5508b68efe858976affddc55ddec1d52be0d4e3724ba6ec227b70b4157f5ac0
BNCI2014-001,9,csp_lda,channel_dropout,all_channels,2,0.5,6,22,11,0.5,0.6040428061831153,0.4997501762140784,0.49980383848386045,0.3.2,participant,,,,,,a5508b68efe858976affddc55ddec1d52be0d4e3724ba6ec227b70b4157f5ac0
BNCI2014-001,9,csp_lda,channel_dropout,all_channels,2,0.5,7,22,11,0.5,0.7300832342449464,0.49001344565862825,0.49294077527205693,0.3.2,participant,,,,,,a5508b68efe858976affddc55ddec1d52be0d4e3724ba6ec227b70b4157f5ac0
BNCI2014-001,9,csp_lda,channel_dropout,all_channels,2,0.5,8,22,11,0.5344827586206896,0.7990487514863258,0.3583599245013347,0.3909207307425404,0.3.2,participant,,,,,,a5508b68efe858976affddc55ddec1d52be0d4e3724ba6ec227b70b4157f5ac0
BNCI2014-001,9,csp_lda,channel_dropout,all_channels,2,0.5,9,22,11,0.5,0.7824019024970273,0.4989818335346838,0.4994191427934511,0.3.2,participant,,,,,,a5508b68efe858976affddc55ddec1d52be0d4e3724ba6ec227b70b4157f5ac0
BNCI2014-001,9,csp_lda,clean,all_channels,3,0.0,0,22,0,0.896551724137931,0.9405469678953627,0.08527346241229264,0.09899241823680682,0.3.2,participant,,,,,,a5508b68efe858976affddc55ddec1d52be0d4e3724ba6ec227b70b4157f5ac0
BNCI2014-001,9,csp_lda,channel_dropout,all_channels,3,0.1,0,22,2,0.5,0.737217598097503,0.49998877317091034,0.4999927476952233,0.3.2,participant,,,,,,a5508b68efe858976affddc55ddec1d52be0d4e3724ba6ec227b70b4157f5ac0
BNCI2014-001,9,csp_lda,channel_dropout,all_channels,3,0.1,1,22,2,0.7413793103448276,0.9143876337693222,0.18075670056401008,0.23858081067704467,0.3.2,participant,,,,,,a5508b68efe858976affddc55ddec1d52be0d4e3724ba6ec227b70b4157f5ac0
BNCI2014-001,9,csp_lda,channel_dropout,all_channels,3,0.1,2,22,2,0.5,0.8489892984542211,0.461299216086694,0.47413450361862886,0.3.2,participant,,,,,,a5508b68efe858976affddc55ddec1d52be0d4e3724ba6ec227b70b4157f5ac0
BNCI2014-001,9,csp_lda,channel_dropout,all_channels,3,0.1,3,22,2,0.5,0.737217598097503,0.49998877317091034,0.4999927476952233,0.3.2,participant,,,,,,a5508b68efe858976affddc55ddec1d52be0d4e3724ba6ec227b70b4157f5ac0
BNCI2014-001,9,csp_lda,channel_dropout,all_channels,3,0.1,4,22,2,0.8793103448275863,0.9239001189060642,0.1206620291010351,0.18912700989468983,0.3.2,participant,,,,,,a5508b68efe858976affddc55ddec1d52be0d4e3724ba6ec227b70b4157f5ac0
BNCI2014-001,9,csp_lda,channel_dropout,all_channels,3,0.1,5,22,2,0.8620689655172413,0.8953626634958383,0.13382286792599424,0.1654887914041172,0.3.2,participant,,,,,,a5508b68efe858976affddc55ddec1d52be0d4e3724ba6ec227b70b4157f5ac0
BNCI2014-001,9,csp_lda,channel_dropout,all_channels,3,0.1,6,22,2,0.6724137931034483,0.8668252080856125,0.25361146829728337,0.2571571582692199,0.3.2,participant,,,,,,a5508b68efe858976affddc55ddec1d52be0d4e3724ba6ec227b70b4157f5ac0
BNCI2014-001,9,csp_lda,channel_dropout,all_channels,3,0.1,7,22,2,0.5862068965517242,0.9381688466111772,0.29966444875633924,0.3656252386990063,0.3.2,participant,,,,,,a5508b68efe858976affddc55ddec1d52be0d4e3724ba6ec227b70b4157f5ac0
BNCI2014-001,9,csp_lda,channel_dropout,all_channels,3,0.1,8,22,2,0.5172413793103449,0.7859690844233056,0.45039383677895656,0.46753146582260685,0.3.2,participant,,,,,,a5508b68efe858976affddc55ddec1d52be0d4e3724ba6ec227b70b4157f5ac0
BNCI2014-001,9,csp_lda,channel_dropout,all_channels,3,0.1,9,22,2,0.5,0.9334126040428061,0.385586732662689,0.42830658430865054,0.3.2,participant,,,,,,a5508b68efe858976affddc55ddec1d52be0d4e3724ba6ec227b70b4157f5ac0
BNCI2014-001,9,csp_lda,channel_dropout,all_channels,3,0.2,0,22,4,0.8448275862068966,0.9357907253269917,0.11352723187907925,0.15907749554541062,0.3.2,participant,,,,,,a5508b68efe858976affddc55ddec1d52be0d4e3724ba6ec227b70b4157f5ac0
BNCI2014-001,9,csp_lda,channel_dropout,all_channels,3,0.2,1,22,4,0.7413793103448276,0.9357907253269916,0.15385675997801357,0.24235492176760226,0.3.2,participant,,,,,,a5508b68efe858976affddc55ddec1d52be0d4e3724ba6ec227b70b4157f5ac0
BNCI2014-001,9,csp_lda,channel_dropout,all_channels,3,0.2,2,22,4,0.5,0.7586206896551725,0.49993586412728513,0.4999586641270294,0.3.2,participant,,,,,,a5508b68efe858976affddc55ddec1d52be0d4e3724ba6ec227b70b4157f5ac0
BNCI2014-001,9,csp_lda,channel_dropout,all_channels,3,0.2,3,22,4,0.5,0.7824019024970273,0.4865782787592102,0.4908237153556858,0.3.2,participant,,,,,,a5508b68efe858976affddc55ddec1d52be0d4e3724ba6ec227b70b4157f5ac0
BNCI2014-001,9,csp_lda,channel_dropout,all_channels,3,0.2,4,22,4,0.5,0.7740784780023782,0.48643139814060066,0.4897074467460526,0.3.2,participant,,,,,,a5508b68efe858976affddc55ddec1d52be0d4e3724ba6ec227b70b4157f5ac0
BNCI2014-001,9,csp_lda,channel_dropout,all_channels,3,0.2,5,22,4,0.7068965517241379,0.8561236623067776,0.18498944801823927,0.1907304371417432,0.3.2,participant,,,,,,a5508b68efe858976affddc55ddec1d52be0d4e3724ba6ec227b70b4157f5ac0
BNCI2014-001,9,csp_lda,channel_dropout,all_channels,3,0.2,6,22,4,0.5,0.7146254458977408,0.497753316152025,0.49839776602357155,0.3.2,participant,,,,,,a5508b68efe858976affddc55ddec1d52be0d4e3724ba6ec227b70b4157f5ac0
BNCI2014-001,9,csp_lda,channel_dropout,all_channels,3,0.2,7,22,4,0.5,0.7324613555291319,0.499992783167098,0.4999953391103834,0.3.2,participant,,,,,,a5508b68efe858976affddc55ddec1d52be0d4e3724ba6ec227b70b4157f5ac0
BNCI2014-001,9,csp_lda,channel_dropout,all_channels,3,0.2,8,22,4,0.5,0.6444708680142688,0.4999985152515799,0.4999989332974196,0.3.2,participant,,,,,,a5508b68efe858976affddc55ddec1d52be0d4e3724ba6ec227b70b4157f5ac0
BNCI2014-001,9,csp_lda,channel_dropout,all_channels,3,0.2,9,22,4,0.5172413793103449,0.8156956004756243,0.3641102251897409,0.3972862990506401,0.3.2,participant,,,,,,a5508b68efe858976affddc55ddec1d52be0d4e3724ba6ec227b70b4157f5ac0
BNCI2014-001,9,csp_lda,channel_dropout,all_channels,3,0.3,0,22,7,0.5,0.746730083234245,0.4999913176335955,0.4999944440132146,0.3.2,participant,,,,,,a5508b68efe858976affddc55ddec1d52be0d4e3724ba6ec227b70b4157f5ac0
BNCI2014-001,9,csp_lda,channel_dropout,all_channels,3,0.3,1,22,7,0.5,0.7158145065398336,0.42285645363625773,0.4448121194738509,0.3.2,participant,,,,,,a5508b68efe858976affddc55ddec1d52be0d4e3724ba6ec227b70b4157f5ac0
BNCI2014-001,9,csp_lda,channel_dropout,all_channels,3,0.3,2,22,7,0.6724137931034483,0.7847800237812128,0.233548946080398,0.21283595453877252,0.3.2,participant,,,,,,a5508b68efe858976affddc55ddec1d52be0d4e3724ba6ec227b70b4157f5ac0
BNCI2014-001,9,csp_lda,channel_dropout,all_channels,3,0.3,3,22,7,0.5,0.882282996432818,0.42291758014634256,0.45012903928173936,0.3.2,participant,,,,,,a5508b68efe858976affddc55ddec1d52be0d4e3724ba6ec227b70b4157f5ac0
BNCI2014-001,9,csp_lda,channel_dropout,all_channels,3,0.3,4,22,7,0.5,0.7158145065398336,0.499999215660172,0.49999950328239884,0.3.2,participant,,,,,,a5508b68efe858976affddc55ddec1d52be0d4e3724ba6ec227b70b4157f5ac0
BNCI2014-001,9,csp_lda,channel_dropout,all_channels,3,0.3,5,22,7,0.5,0.6099881093935791,0.49976466341003034,0.499826181393792,0.3.2,participant,,,,,,a5508b68efe858976affddc55ddec1d52be0d4e3724ba6ec227b70b4157f5ac0
BNCI2014-001,9,csp_lda,channel_dropout,all_channels,3,0.3,6,22,7,0.5,0.6171224732461357,0.46877430975607176,0.4746815986059458,0.3.2,participant,,,,,,a5508b68efe858976affddc55ddec1d52be0d4e3724ba6ec227b70b4157f5ac0
BNCI2014-001,9,csp_lda,channel_dropout,all_channels,3,0.3,7,22,7,0.5,0.7086801426872771,0.4996496759633583,0.4997514024890267,0.3.2,participant,,,,,,a5508b68efe858976affddc55ddec1d52be0d4e3724ba6ec227b70b4157f5ac0
BNCI2014-001,9,csp_lda,channel_dropout,all_channels,3,0.3,8,22,7,0.5,0.6825208085612366,0.4100573278441449,0.42652997111716084,0.3.2,participant,,,,,,a5508b68efe858976affddc55ddec1d52be0d4e3724ba6ec227b70b4157f5ac0
BNCI2014-001,9,csp_lda,channel_dropout,all_channels,3,0.3,9,22,7,0.5,0.7681331747919143,0.4616303856307432,0.4724275678692777,0.3.2,participant,,,,,,a5508b68efe858976affddc55ddec1d52be0d4e3724ba6ec227b70b4157f5ac0
BNCI2014-001,9,csp_lda,channel_dropout,all_channels,3,0.5,0,22,11,0.5,0.6706302021403092,0.49999748250347287,0.4999981120184184,0.3.2,participant,,,,,,a5508b68efe858976affddc55ddec1d52be0d4e3724ba6ec227b70b4157f5ac0
BNCI2014-001,9,csp_lda,channel_dropout,all_channels,3,0.5,1,22,11,0.5,0.8561236623067776,0.4832941822691161,0.490170032800942,0.3.2,participant,,,,,,a5508b68efe858976affddc55ddec1d52be0d4e3724ba6ec227b70b4157f5ac0
BNCI2014-001,9,csp_lda,channel_dropout,all_channels,3,0.5,2,22,11,0.5,0.7241379310344828,0.4991244983688104,0.4994100500445584,0.3.2,participant,,,,,,a5508b68efe858976affddc55ddec1d52be0d4e3724ba6ec227b70b4157f5ac0
BNCI2014-001,9,csp_lda,channel_dropout,all_channels,3,0.5,3,22,11,0.5,0.6884661117717003,0.4947479582851625,0.4959430521173912,0.3.2,participant,,,,,,a5508b68efe858976affddc55ddec1d52be0d4e3724ba6ec227b70b4157f5ac0
BNCI2014-001,9,csp_lda,channel_dropout,all_channels,3,0.5,4,22,11,0.5,0.6099881093935791,0.49993169287896005,0.4999486773220094,0.3.2,participant,,,,,,a5508b68efe858976affddc55ddec1d52be0d4e3724ba6ec227b70b4157f5ac0
BNCI2014-001,9,csp_lda,channel_dropout,all_channels,3,0.5,5,22,11,0.5344827586206896,0.7479191438763377,0.34686213108749975,0.3735368396386045,0.3.2,participant,,,,,,a5508b68efe858976affddc55ddec1d52be0d4e3724ba6ec227b70b4157f5ac0
BNCI2014-001,9,csp_lda,channel_dropout,all_channels,3,0.5,6,22,11,0.5,0.582639714625446,0.49999229781084864,0.49999327523720216,0.3.2,participant,,,,,,a5508b68efe858976affddc55ddec1d52be0d4e3724ba6ec227b70b4157f5ac0
BNCI2014-001,9,csp_lda,channel_dropout,all_channels,3,0.5,7,22,11,0.5,0.5802615933412605,0.4999996371813476,0.4999997006099882,0.3.2,participant,,,,,,a5508b68efe858976affddc55ddec1d52be0d4e3724ba6ec227b70b4157f5ac0
BNCI2014-001,9,csp_lda,channel_dropout,all_channels,3,0.5,8,22,11,0.5,0.8882282996432819,0.4270353098228955,0.4527479537862322,0.3.2,participant,,,,,,a5508b68efe858976affddc55ddec1d52be0d4e3724ba6ec227b70b4157f5ac0
BNCI2014-001,9,csp_lda,channel_dropout,all_channels,3,0.5,9,22,11,0.5,0.6004756242568371,0.48603416847226805,0.48761909778376267,0.3.2,participant,,,,,,a5508b68efe858976affddc55ddec1d52be0d4e3724ba6ec227b70b4157f5ac0
BNCI2014-001,9,csp_lda,clean,all_channels,4,0.0,0,22,0,0.875615763546798,0.9889162561576355,0.08010876409489612,0.14250821094370994,0.3.2,participant,,,,,,a5508b68efe858976affddc55ddec1d52be0d4e3724ba6ec227b70b4157f5ac0
BNCI2014-001,9,csp_lda,channel_dropout,all_channels,4,0.1,0,22,2,0.5,0.9704433497536946,0.4068199099320831,0.45090343268938954,0.3.2,participant,,,,,,a5508b68efe858976affddc55ddec1d52be0d4e3724ba6ec227b70b4157f5ac0
BNCI2014-001,9,csp_lda,channel_dropout,all_channels,4,0.1,1,22,2,0.603448275862069,0.9766009852216748,0.3192519291168818,0.3850259596867912,0.3.2,participant,,,,,,a5508b68efe858976affddc55ddec1d52be0d4e3724ba6ec227b70b4157f5ac0
BNCI2014-001,9,csp_lda,channel_dropout,all_channels,4,0.1,2,22,2,0.5,0.5775862068965517,0.49122102781041854,0.49122230635973196,0.3.2,participant,,,,,,a5508b68efe858976affddc55ddec1d52be0d4e3724ba6ec227b70b4157f5ac0
BNCI2014-001,9,csp_lda,channel_dropout,all_channels,4,0.1,3,22,2,0.7931034482758621,0.9593596059113301,0.1463464903036938,0.19821080923036707,0.3.2,participant,,,,,,a5508b68efe858976affddc55ddec1d52be0d4e3724ba6ec227b70b4157f5ac0
BNCI2014-001,9,csp_lda,channel_dropout,all_channels,4,0.1,4,22,2,0.8263546798029557,0.9137931034482759,0.13283115288731798,0.11607368353728263,0.3.2,participant,,,,,,a5508b68efe858976affddc55ddec1d52be0d4e3724ba6ec227b70b4157f5ac0
BNCI2014-001,9,csp_lda,channel_dropout,all_channels,4,0.1,5,22,2,0.5,0.9507389162561576,0.4491491974850397,0.47429580625432033,0.3.2,participant,,,,,,a5508b68efe858976affddc55ddec1d52be0d4e3724ba6ec227b70b4157f5ac0
BNCI2014-001,9,csp_lda,channel_dropout,all_channels,4,0.1,6,22,2,0.5,0.6034482758620691,0.4912196313210536,0.49122011112938524,0.3.2,participant,,,,,,a5508b68efe858976affddc55ddec1d52be0d4e3724ba6ec227b70b4157f5ac0
BNCI2014-001,9,csp_lda,channel_dropout,all_channels,4,0.1,7,22,2,0.8793103448275862,0.9839901477832513,0.09634449420571983,0.19511079840391635,0.3.2,participant,,,,,,a5508b68efe858976affddc55ddec1d52be0d4e3724ba6ec227b70b4157f5ac0
BNCI2014-001,9,csp_lda,channel_dropout,all_channels,4,0.1,8,22,2,0.5344827586206896,0.9408866995073892,0.40010983671737166,0.44185941630876674,0.3.2,participant,,,,,,a5508b68efe858976affddc55ddec1d52be0d4e3724ba6ec227b70b4157f5ac0
BNCI2014-001,9,csp_lda,channel_dropout,all_channels,4,0.1,9,22,2,0.5,0.5862068965517241,0.4246884220196394,0.4323477549769807,0.3.2,participant,,,,,,a5508b68efe858976affddc55ddec1d52be0d4e3724ba6ec227b70b4157f5ac0
BNCI2014-001,9,csp_lda,channel_dropout,all_channels,4,0.2,0,22,4,0.5,0.6219211822660098,0.4900295007170626,0.49000470751320346,0.3.2,participant,,,,,,a5508b68efe858976affddc55ddec1d52be0d4e3724ba6ec227b70b4157f5ac0
BNCI2014-001,9,csp_lda,channel_dropout,all_channels,4,0.2,1,22,4,0.6607142857142857,0.9113300492610837,0.22089553824099234,0.26032951784304265,0.3.2,participant,,,,,,a5508b68efe858976affddc55ddec1d52be0d4e3724ba6ec227b70b4157f5ac0
BNCI2014-001,9,csp_lda,channel_dropout,all_channels,4,0.2,2,22,4,0.5,0.5184729064039408,0.43037186000308736,0.43070071473273397,0.3.2,participant,,,,,,a5508b68efe858976affddc55ddec1d52be0d4e3724ba6ec227b70b4157f5ac0
BNCI2014-001,9,csp_lda,channel_dropout,all_channels,4,0.2,3,22,4,0.5,0.5147783251231527,0.48986211086886994,0.48975182818581975,0.3.2,participant,,,,,,a5508b68efe858976affddc55ddec1d52be0d4e3724ba6ec227b70b4157f5ac0
BNCI2014-001,9,csp_lda,channel_dropout,all_channels,4,0.2,4,22,4,0.5,0.8620689655172413,0.48833839750591035,0.4896214710506578,0.3.2,participant,,,,,,a5508b68efe858976affddc55ddec1d52be0d4e3724ba6ec227b70b4157f5ac0
BNCI2014-001,9,csp_lda,channel_dropout,all_channels,4,0.2,5,22,4,0.5517241379310345,0.9802955665024631,0.3123179203698054,0.38262832313199646,0.3.2,participant,,,,,,a5508b68efe858976affddc55ddec1d52be0d4e3724ba6ec227b70b4157f5ac0
BNCI2014-001,9,csp_lda,channel_dropout,all_channels,4,0.2,6,22,4,0.5,0.5073891625615764,0.4912270323092234,0.4912269087868919,0.3.2,participant,,,,,,a5508b68efe858976affddc55ddec1d52be0d4e3724ba6ec227b70b4157f5ac0
BNCI2014-001,9,csp_lda,channel_dropout,all_channels,4,0.2,7,22,4,0.5,0.9248768472906403,0.5069263226308922,0.5078039430234794,0.3.2,participant,,,,,,a5508b68efe858976affddc55ddec1d52be0d4e3724ba6ec227b70b4157f5ac0
BNCI2014-001,9,csp_lda,channel_dropout,all_channels,4,0.2,8,22,4,0.5,0.8571428571428571,0.48674394307674257,0.48871058291869807,0.3.2,participant,,,,,,a5508b68efe858976affddc55ddec1d52be0d4e3724ba6ec227b70b4157f5ac0
BNCI2014-001,9,csp_lda,channel_dropout,all_channels,4,0.2,9,22,4,0.5,0.38177339901477836,0.49117259932823915,0.4911422184484662,0.3.2,participant,,,,,,a5508b68efe858976affddc55ddec1d52be0d4e3724ba6ec227b70b4157f5ac0
BNCI2014-001,9,csp_lda,channel_dropout,all_channels,4,0.3,0,22,7,0.5,0.8214285714285714,0.35933195714693206,0.38539949292518355,0.3.2,participant,,,,,,a5508b68efe858976affddc55ddec1d52be0d4e3724ba6ec227b70b4157f5ac0
BNCI2014-001,9,csp_lda,channel_dropout,all_channels,4,0.3,1,22,7,0.5,0.6206896551724138,0.44768065313111044,0.46382207029235456,0.3.2,participant,,,,,,a5508b68efe858976affddc55ddec1d52be0d4e3724ba6ec227b70b4157f5ac0
BNCI2014-001,9,csp_lda,channel_dropout,all_channels,4,0.3,2,22,7,0.5,0.5665024630541872,0.49080587364040573,0.4908550893046957,0.3.2,participant,,,,,,a5508b68efe858976affddc55ddec1d52be0d4e3724ba6ec227b70b4157f5ac0
BNCI2014-001,9,csp_lda,channel_dropout,all_channels,4,0.3,3,22,7,0.5,0.4347290640394089,0.49121563640919,0.4912115008080784,0.3.2,participant,,,,,,a5508b68efe858976affddc55ddec1d52be0d4e3724ba6ec227b70b4157f5ac0
BNCI2014-001,9,csp_lda,channel_dropout,all_channels,4,0.3,4,22,7,0.5,0.4839901477832512,0.49122779320268045,0.4912277173751258,0.3.2,participant,,,,,,a5508b68efe858976affddc55ddec1d52be0d4e3724ba6ec227b70b4157f5ac0
BNCI2014-001,9,csp_lda,channel_dropout,all_channels,4,0.3,5,22,7,0.5,0.812807881773399,0.42510288549907055,0.44883001100766384,0.3.2,participant,,,,,,a5508b68efe858976affddc55ddec1d52be0d4e3724ba6ec227b70b4157f5ac0
BNCI2014-001,9,csp_lda,channel_dropout,all_channels,4,0.3,6,22,7,0.5344827586206896,0.8559113300492611,0.2992903987865964,0.335678734117107,0.3.2,participant,,,,,,a5508b68efe858976affddc55ddec1d52be0d4e3724ba6ec227b70b4157f5ac0
BNCI2014-001,9,csp_lda,channel_dropout,all_channels,4,0.3,7,22,7,0.5,0.49261083743842365,0.4910265667368548,0.4910001994257285,0.3.2,participant,,,,,,a5508b68efe858976affddc55ddec1d52be0d4e3724ba6ec227b70b4157f5ac0
BNCI2014-001,9,csp_lda,channel_dropout,all_channels,4,0.3,8,22,7,0.5,0.8903940886699507,0.41061354514538734,0.43953149116515955,0.3.2,participant,,,,,,a5508b68efe858976affddc55ddec1d52be0d4e3724ba6ec227b70b4157f5ac0
BNCI2014-001,9,csp_lda,channel_dropout,all_channels,4,0.3,9,22,7,0.5,0.2229064039408867,0.491094816879807,0.49063413455450855,0.3.2,participant,,,,,,a5508b68efe858976affddc55ddec1d52be0d4e3724ba6ec227b70b4157f5ac0
BNCI2014-001,9,csp_lda,channel_dropout,all_channels,4,0.5,0,22,11,0.6077586206896552,0.7216748768472907,0.2569907421899975,0.22228776968794117,0.3.2,participant,,,,,,a5508b68efe858976affddc55ddec1d52be0d4e3724ba6ec227b70b4157f5ac0
BNCI2014-001,9,csp_lda,channel_dropout,all_channels,4,0.5,1,22,11,0.5,0.5455665024630542,0.49122805352159876,0.49122805338349085,0.3.2,participant,,,,,,a5508b68efe858976affddc55ddec1d52be0d4e3724ba6ec227b70b4157f5ac0
BNCI2014-001,9,csp_lda,channel_dropout,all_channels,4,0.5,2,22,11,0.5,0.4051724137931034,0.4911722413658639,0.49115705130459175,0.3.2,participant,,,,,,a5508b68efe858976affddc55ddec1d52be0d4e3724ba6ec227b70b4157f5ac0
BNCI2014-001,9,csp_lda,channel_dropout,all_channels,4,0.5,3,22,11,0.5,0.39655172413793105,0.49121935100923914,0.49121633196600334,0.3.2,participant,,,,,,a5508b68efe858976affddc55ddec1d52be0d4e3724ba6ec227b70b4157f5ac0
BNCI2014-001,9,csp_lda,channel_dropout,all_channels,4,0.5,4,22,11,0.5,0.7142857142857144,0.4906282521556785,0.4907444743046212,0.3.2,participant,,,,,,a5508b68efe858976affddc55ddec1d52be0d4e3724ba6ec227b70b4157f5ac0
BNCI2014-001,9,csp_lda,channel_dropout,all_channels,4,0.5,5,22,11,0.5,0.29433497536945813,0.491096532565822,0.4910171187712964,0.3.2,participant,,,,,,a5508b68efe858976affddc55ddec1d52be0d4e3724ba6ec227b70b4157f5ac0
BNCI2014-001,9,csp_lda,channel_dropout,all_channels,4,0.5,6,22,11,0.5,0.5554187192118226,0.49118701613837923,0.49118947748477737,0.3.2,participant,,,,,,a5508b68efe858976affddc55ddec1d52be0d4e3724ba6ec227b70b4157f5ac0
BNCI2014-001,9,csp_lda,channel_dropout,all_channels,4,0.5,7,22,11,0.47044334975369456,0.4482758620689655,0.3582570907079804,0.30292815265309925,0.3.2,participant,,,,,,a5508b68efe858976affddc55ddec1d52be0d4e3724ba6ec227b70b4157f5ac0
BNCI2014-001,9,csp_lda,channel_dropout,all_channels,4,0.5,8,22,11,0.5,0.47413793103448276,0.4799460720326007,0.47820897524354833,0.3.2,participant,,,,,,a5508b68efe858976affddc55ddec1d52be0d4e3724ba6ec227b70b4157f5ac0
BNCI2014-001,9,csp_lda,channel_dropout,all_channels,4,0.5,9,22,11,0.5,0.6022167487684729,0.4901584435173852,0.49019379122771767,0.3.2,participant,,,,,,a5508b68efe858976affddc55ddec1d52be0d4e3724ba6ec227b70b4157f5ac0
BNCI2014-001,9,csp_lda,clean,all_channels,5,0.0,0,22,0,0.8251231527093597,0.8928571428571429,0.13572117838599657,0.11682772206283343,0.3.2,participant,,,,,,a5508b68efe858976affddc55ddec1d52be0d4e3724ba6ec227b70b4157f5ac0
BNCI2014-001,9,csp_lda,channel_dropout,all_channels,5,0.1,0,22,2,0.6028325123152709,0.7746305418719213,0.29639411886648753,0.31324525623582644,0.3.2,participant,,,,,,a5508b68efe858976affddc55ddec1d52be0d4e3724ba6ec227b70b4157f5ac0
BNCI2014-001,9,csp_lda,channel_dropout,all_channels,5,0.1,1,22,2,0.5,0.7549261083743842,0.5074162049915427,0.5078774721362558,0.3.2,participant,,,,,,a5508b68efe858976affddc55ddec1d52be0d4e3724ba6ec227b70b4157f5ac0
BNCI2014-001,9,csp_lda,channel_dropout,all_channels,5,0.1,2,22,2,0.8251231527093597,0.9002463054187192,0.12609043062822864,0.0650792679336996,0.3.2,participant,,,,,,a5508b68efe858976affddc55ddec1d52be0d4e3724ba6ec227b70b4157f5ac0
BNCI2014-001,9,csp_lda,channel_dropout,all_channels,5,0.1,3,22,2,0.7518472906403941,0.8854679802955666,0.16493991032664493,0.18314655302372804,0.3.2,participant,,,,,,a5508b68efe858976affddc55ddec1d52be0d4e3724ba6ec227b70b4157f5ac0
BNCI2014-001,9,csp_lda,channel_dropout,all_channels,5,0.1,4,22,2,0.5,0.6613300492610836,0.5033870856533839,0.5048405363094365,0.3.2,participant,,,,,,a5508b68efe858976affddc55ddec1d52be0d4e3724ba6ec227b70b4157f5ac0
BNCI2014-001,9,csp_lda,channel_dropout,all_channels,5,0.1,5,22,2,0.5,0.6687192118226601,0.5086440981747309,0.5087008335029491,0.3.2,participant,,,,,,a5508b68efe858976affddc55ddec1d52be0d4e3724ba6ec227b70b4157f5ac0
BNCI2014-001,9,csp_lda,channel_dropout,all_channels,5,0.1,6,22,2,0.5,0.6157635467980296,0.5087665477056232,0.5087686151789564,0.3.2,participant,,,,,,a5508b68efe858976affddc55ddec1d52be0d4e3724ba6ec227b70b4157f5ac0
BNCI2014-001,9,csp_lda,channel_dropout,all_channels,5,0.1,7,22,2,0.8072660098522167,0.8916256157635467,0.12878632526366543,0.14694166582792886,0.3.2,participant,,,,,,a5508b68efe858976affddc55ddec1d52be0d4e3724ba6ec227b70b4157f5ac0
BNCI2014-001,9,csp_lda,channel_dropout,all_channels,5,0.1,8,22,2,0.5,0.8411330049261083,0.4886323665489187,0.4897414614465883,0.3.2,participant,,,,,,a5508b68efe858976affddc55ddec1d52be0d4e3724ba6ec227b70b4157f5ac0
BNCI2014-001,9,csp_lda,channel_dropout,all_channels,5,0.1,9,22,2,0.6089901477832512,0.6539408866995073,0.28301897005653964,0.2314943059031571,0.3.2,participant,,,,,,a5508b68efe858976affddc55ddec1d52be0d4e3724ba6ec227b70b4157f5ac0
BNCI2014-001,9,csp_lda,channel_dropout,all_channels,5,0.2,0,22,4,0.6970443349753694,0.8657635467980296,0.1973121809100686,0.21647688745006255,0.3.2,participant,,,,,,a5508b68efe858976affddc55ddec1d52be0d4e3724ba6ec227b70b4157f5ac0
BNCI2014-001,9,csp_lda,channel_dropout,all_channels,5,0.2,1,22,4,0.7050492610837439,0.8497536945812808,0.2242893037390497,0.25149681806044627,0.3.2,participant,,,,,,a5508b68efe858976affddc55ddec1d52be0d4e3724ba6ec227b70b4157f5ac0
BNCI2014-001,9,csp_lda,channel_dropout,all_channels,5,0.2,2,22,4,0.6194581280788177,0.7660098522167488,0.25224685090912646,0.24796779342274194,0.3.2,participant,,,,,,a5508b68efe858976affddc55ddec1d52be0d4e3724ba6ec227b70b4157f5ac0
BNCI2014-001,9,csp_lda,channel_dropout,all_channels,5,0.2,3,22,4,0.5363300492610837,0.7032019704433498,0.37279097880967993,0.3970682603756006,0.3.2,participant,,,,,,a5508b68efe858976affddc55ddec1d52be0d4e3724ba6ec227b70b4157f5ac0
BNCI2014-001,9,csp_lda,channel_dropout,all_channels,5,0.2,4,22,4,0.8238916256157636,0.8435960591133006,0.16739181517997992,0.1837094061872867,0.3.2,participant,,,,,,a5508b68efe858976affddc55ddec1d52be0d4e3724ba6ec227b70b4157f5ac0
BNCI2014-001,9,csp_lda,channel_dropout,all_channels,5,0.2,5,22,4,0.5,0.5960591133004927,0.508736404965917,0.5087492000982989,0.3.2,participant,,,,,,a5508b68efe858976affddc55ddec1d52be0d4e3724ba6ec227b70b4157f5ac0
BNCI2014-001,9,csp_lda,channel_dropout,all_channels,5,0.2,6,22,4,0.5,0.42980295566502463,0.5087711465376004,0.5087710403298624,0.3.2,participant,,,,,,a5508b68efe858976affddc55ddec1d52be0d4e3724ba6ec227b70b4157f5ac0
BNCI2014-001,9,csp_lda,channel_dropout,all_channels,5,0.2,7,22,4,0.8411330049261083,0.9051724137931034,0.12002100863860451,0.059984975649317776,0.3.2,participant,,,,,,a5508b68efe858976affddc55ddec1d52be0d4e3724ba6ec227b70b4157f5ac0
BNCI2014-001,9,csp_lda,channel_dropout,all_channels,5,0.2,8,22,4,0.5,0.8275862068965518,0.48857642294124254,0.48969084284154457,0.3.2,participant,,,,,,a5508b68efe858976affddc55ddec1d52be0d4e3724ba6ec227b70b4157f5ac0
BNCI2014-001,9,csp_lda,channel_dropout,all_channels,5,0.2,9,22,4,0.5,0.6379310344827587,0.5086748034261492,0.5087045720100615,0.3.2,participant,,,,,,a5508b68efe858976affddc55ddec1d52be0d4e3724ba6ec227b70b4157f5ac0
BNCI2014-001,9,csp_lda,channel_dropout,all_channels,5,0.3,0,22,7,0.5,0.5455665024630542,0.508509667200759,0.5085712485513824,0.3.2,participant,,,,,,a5508b68efe858976affddc55ddec1d52be0d4e3724ba6ec227b70b4157f5ac0
BNCI2014-001,9,csp_lda,channel_dropout,all_channels,5,0.3,1,22,7,0.5,0.731527093596059,0.5085554868424055,0.5086526779791299,0.3.2,participant,,,,,,a5508b68efe858976affddc55ddec1d52be0d4e3724ba6ec227b70b4157f5ac0
BNCI2014-001,9,csp_lda,channel_dropout,all_channels,5,0.3,2,22,7,0.5,0.479064039408867,0.5087674563868442,0.5087680362489784,0.3.2,participant,,,,,,a5508b68efe858976affddc55ddec1d52be0d4e3724ba6ec227b70b4157f5ac0
BNCI2014-001,9,csp_lda,channel_dropout,all_channels,5,0.3,3,22,7,0.5,0.6157635467980296,0.508710255331709,0.5087259912239694,0.3.2,participant,,,,,,a5508b68efe858976affddc55ddec1d52be0d4e3724ba6ec227b70b4157f5ac0
BNCI2014-001,9,csp_lda,channel_dropout,all_channels,5,0.3,4,22,7,0.5905172413793103,0.7561576354679803,0.2698948948655164,0.2557828883484669,0.3.2,participant,,,,,,a5508b68efe858976affddc55ddec1d52be0d4e3724ba6ec227b70b4157f5ac0
BNCI2014-001,9,csp_lda,channel_dropout,all_channels,5,0.3,5,22,7,0.5,0.6145320197044335,0.5086980738290344,0.5087225162770647,0.3.2,participant,,,,,,a5508b68efe858976affddc55ddec1d52be0d4e3724ba6ec227b70b4157f5ac0
BNCI2014-001,9,csp_lda,channel_dropout,all_channels,5,0.3,6,22,7,0.5,0.5036945812807883,0.5087718152990583,0.5087718240760226,0.3.2,participant,,,,,,a5508b68efe858976affddc55ddec1d52be0d4e3724ba6ec227b70b4157f5ac0
BNCI2014-001,9,csp_lda,channel_dropout,all_channels,5,0.3,7,22,7,0.5,0.7253694581280788,0.47660564184563775,0.48518677518422193,0.3.2,participant,,,,,,a5508b68efe858976affddc55ddec1d52be0d4e3724ba6ec227b70b4157f5ac0
BNCI2014-001,9,csp_lda,channel_dropout,all_channels,5,0.3,8,22,7,0.49876847290640397,0.7155172413793103,0.4057291069674403,0.4188962820442805,0.3.2,participant,,,,,,a5508b68efe858976affddc55ddec1d52be0d4e3724ba6ec227b70b4157f5ac0
BNCI2014-001,9,csp_lda,channel_dropout,all_channels,5,0.3,9,22,7,0.5,0.5578817733990148,0.47382705264396907,0.4782140341574843,0.3.2,participant,,,,,,a5508b68efe858976affddc55ddec1d52be0d4e3724ba6ec227b70b4157f5ac0
BNCI2014-001,9,csp_lda,channel_dropout,all_channels,5,0.5,0,22,11,0.5677339901477833,0.6736453201970443,0.34079070907876136,0.35573714976158216,0.3.2,participant,,,,,,a5508b68efe858976affddc55ddec1d52be0d4e3724ba6ec227b70b4157f5ac0
BNCI2014-001,9,csp_lda,channel_dropout,all_channels,5,0.5,1,22,11,0.5849753694581281,0.5492610837438423,0.336114385239724,0.30281607885354656,0.3.2,participant,,,,,,a5508b68efe858976affddc55ddec1d52be0d4e3724ba6ec227b70b4157f5ac0
BNCI2014-001,9,csp_lda,channel_dropout,all_channels,5,0.5,2,22,11,0.5905172413793103,0.8263546798029557,0.2358170157566327,0.24627632171018146,0.3.2,participant,,,,,,a5508b68efe858976affddc55ddec1d52be0d4e3724ba6ec227b70b4157f5ac0
BNCI2014-001,9,csp_lda,channel_dropout,all_channels,5,0.5,3,22,11,0.5,0.7044334975369458,0.508384322643687,0.5085259010299576,0.3.2,participant,,,,,,a5508b68efe858976affddc55ddec1d52be0d4e3724ba6ec227b70b4157f5ac0
BNCI2014-001,9,csp_lda,channel_dropout,all_channels,5,0.5,4,22,11,0.5,0.5480295566502463,0.5087710029806523,0.508771117598082,0.3.2,participant,,,,,,a5508b68efe858976affddc55ddec1d52be0d4e3724ba6ec227b70b4157f5ac0
BNCI2014-001,9,csp_lda,channel_dropout,all_channels,5,0.5,5,22,11,0.5,0.5677339901477833,0.5086833484366288,0.508705365628099,0.3.2,participant,,,,,,a5508b68efe858976affddc55ddec1d52be0d4e3724ba6ec227b70b4157f5ac0
BNCI2014-001,9,csp_lda,channel_dropout,all_channels,5,0.5,6,22,11,0.5,0.5763546798029557,0.5087718282287929,0.508771857371167,0.3.2,participant,,,,,,a5508b68efe858976affddc55ddec1d52be0d4e3724ba6ec227b70b4157f5ac0
BNCI2014-001,9,csp_lda,channel_dropout,all_channels,5,0.5,7,22,11,0.5,0.5184729064039408,0.508312386949399,0.50832164630789,0.3.2,participant,,,,,,a5508b68efe858976affddc55ddec1d52be0d4e3724ba6ec227b70b4157f5ac0
BNCI2014-001,9,csp_lda,channel_dropout,all_channels,5,0.5,8,22,11,0.5,0.5788177339901478,0.5087194462819944,0.508733176129285,0.3.2,participant,,,,,,a5508b68efe858976affddc55ddec1d52be0d4e3724ba6ec227b70b4157f5ac0
BNCI2014-001,9,csp_lda,channel_dropout,all_channels,5,0.5,9,22,11,0.5689655172413793,0.7684729064039408,0.3889634125588042,0.42449653376784713,0.3.2,participant,,,,,,a5508b68efe858976affddc55ddec1d52be0d4e3724ba6ec227b70b4157f5ac0
BNCI2014-001,9,csp_lda,reduced_montage,motor_core,1,0.0,0,3,0,0.7758620689655172,0.8406658739595719,0.16193689067789935,0.1270045936038243,0.3.2,not_applicable,"C3,Cz,C4",,,,,a5508b68efe858976affddc55ddec1d52be0d4e3724ba6ec227b70b4157f5ac0
BNCI2014-001,9,csp_lda,reduced_montage,motor_core,2,0.0,0,3,0,0.8620689655172413,0.9072532699167657,0.12226700723673374,0.20185208453438505,0.3.2,not_applicable,"C3,Cz,C4",,,,,a5508b68efe858976affddc55ddec1d52be0d4e3724ba6ec227b70b4157f5ac0
BNCI2014-001,9,csp_lda,reduced_montage,motor_core,3,0.0,0,3,0,0.8103448275862069,0.8715814506539833,0.13739911768946347,0.0930210394605614,0.3.2,not_applicable,"C3,Cz,C4",,,,,a5508b68efe858976affddc55ddec1d52be0d4e3724ba6ec227b70b4157f5ac0
BNCI2014-001,9,csp_lda,reduced_montage,motor_core,4,0.0,0,3,0,0.8220443349753694,0.9519704433497537,0.10786850812603435,0.1238098477298154,0.3.2,not_applicable,"C3,Cz,C4",,,,,a5508b68efe858976affddc55ddec1d52be0d4e3724ba6ec227b70b4157f5ac0
BNCI2014-001,9,csp_lda,reduced_montage,motor_core,5,0.0,0,3,0,0.7887931034482758,0.8596059113300493,0.15640321651657574,0.0983768037167155,0.3.2,not_applicable,"C3,Cz,C4",,,,,a5508b68efe858976affddc55ddec1d52be0d4e3724ba6ec227b70b4157f5ac0
BNCI2014-001,9,csp_lda,reduced_montage,motor_extended,1,0.0,0,9,0,0.8103448275862069,0.8703923900118906,0.14363761169136244,0.1319718057915602,0.3.2,not_applicable,"FC3,FCz,FC4,C3,Cz,C4,CP3,CPz,CP4",,,,,a5508b68efe858976affddc55ddec1d52be0d4e3724ba6ec227b70b4157f5ac0
BNCI2014-001,9,csp_lda,reduced_montage,motor_extended,2,0.0,0,9,0,0.7931034482758621,0.8692033293697978,0.15104759082518648,0.09433845690875503,0.3.2,not_applicable,"FC3,FCz,FC4,C3,Cz,C4,CP3,CPz,CP4",,,,,a5508b68efe858976affddc55ddec1d52be0d4e3724ba6ec227b70b4157f5ac0
BNCI2014-001,9,csp_lda,reduced_montage,motor_extended,3,0.0,0,9,0,0.8448275862068966,0.9191438763376932,0.11714382309974355,0.09395605805186866,0.3.2,not_applicable,"FC3,FCz,FC4,C3,Cz,C4,CP3,CPz,CP4",,,,,a5508b68efe858976affddc55ddec1d52be0d4e3724ba6ec227b70b4157f5ac0
BNCI2014-001,9,csp_lda,reduced_montage,motor_extended,4,0.0,0,9,0,0.7881773399014778,0.9064039408866995,0.1322875523834054,0.13901645877049124,0.3.2,not_applicable,"FC3,FCz,FC4,C3,Cz,C4,CP3,CPz,CP4",,,,,a5508b68efe858976affddc55ddec1d52be0d4e3724ba6ec227b70b4157f5ac0
BNCI2014-001,9,csp_lda,reduced_montage,motor_extended,5,0.0,0,9,0,0.8423645320197044,0.8780788177339902,0.13594757463386004,0.09848956596581977,0.3.2,not_applicable,"FC3,FCz,FC4,C3,Cz,C4,CP3,CPz,CP4",,,,,a5508b68efe858976affddc55ddec1d52be0d4e3724ba6ec227b70b4157f5ac0
BNCI2014-001,9,csp_lda,region_dropout,all_channels,1,0.3181818181818182,0,22,7,0.7241379310344828,0.8715814506539834,0.1927357236981131,0.1948676951463566,0.3.2,not_applicable,,left_motor_strip,"FC3,FC1,C5,C3,C1,CP3,CP1",,,a5508b68efe858976affddc55ddec1d52be0d4e3724ba6ec227b70b4157f5ac0
BNCI2014-001,9,csp_lda,region_dropout,all_channels,1,0.13636363636363635,0,22,3,0.7758620689655172,0.8763376932223543,0.14409374231620856,0.10213867401192453,0.3.2,not_applicable,,midline_motor_strip,"FCz,Cz,CPz",,,a5508b68efe858976affddc55ddec1d52be0d4e3724ba6ec227b70b4157f5ac0
BNCI2014-001,9,csp_lda,region_dropout,all_channels,1,0.3181818181818182,0,22,7,0.5,0.5017835909631391,0.4350861922966443,0.4469713853842452,0.3.2,not_applicable,,right_motor_strip,"FC2,FC4,C2,C4,C6,CP2,CP4",,,a5508b68efe858976affddc55ddec1d52be0d4e3724ba6ec227b70b4157f5ac0
BNCI2014-001,9,csp_lda,region_dropout,all_channels,2,0.3181818181818182,0,22,7,0.7068965517241379,0.8656361474435196,0.21058766773079746,0.22678026649970875,0.3.2,not_applicable,,left_motor_strip,"FC3,FC1,C5,C3,C1,CP3,CP1",,,a5508b68efe858976affddc55ddec1d52be0d4e3724ba6ec227b70b4157f5ac0
BNCI2014-001,9,csp_lda,region_dropout,all_channels,2,0.13636363636363635,0,22,3,0.5172413793103449,0.8632580261593341,0.35238936555586237,0.3979754713339644,0.3.2,not_applicable,,midline_motor_strip,"FCz,Cz,CPz",,,a5508b68efe858976affddc55ddec1d52be0d4e3724ba6ec227b70b4157f5ac0
BNCI2014-001,9,csp_lda,region_dropout,all_channels,2,0.3181818181818182,0,22,7,0.5,0.5196195005945303,0.4986921560199084,0.49902762264694456,0.3.2,not_applicable,,right_motor_strip,"FC2,FC4,C2,C4,C6,CP2,CP4",,,a5508b68efe858976affddc55ddec1d52be0d4e3724ba6ec227b70b4157f5ac0
BNCI2014-001,9,csp_lda,region_dropout,all_channels,3,0.3181818181818182,0,22,7,0.8448275862068966,0.9429250891795482,0.12615851206216092,0.17778603458476694,0.3.2,not_applicable,,left_motor_strip,"FC3,FC1,C5,C3,C1,CP3,CP1",,,a5508b68efe858976affddc55ddec1d52be0d4e3724ba6ec227b70b4157f5ac0
BNCI2014-001,9,csp_lda,region_dropout,all_channels,3,0.13636363636363635,0,22,3,0.8448275862068966,0.8799048751486326,0.13921569573659495,0.14166938444873337,0.3.2,not_applicable,,midline_motor_strip,"FCz,Cz,CPz",,,a5508b68efe858976affddc55ddec1d52be0d4e3724ba6ec227b70b4157f5ac0
BNCI2014-001,9,csp_lda,region_dropout,all_channels,3,0.3181818181818182,0,22,7,0.5172413793103449,0.5326991676575505,0.41457684525757127,0.4228077331057588,0.3.2,not_applicable,,right_motor_strip,"FC2,FC4,C2,C4,C6,CP2,CP4",,,a5508b68efe858976affddc55ddec1d52be0d4e3724ba6ec227b70b4157f5ac0
BNCI2014-001,9,csp_lda,region_dropout,all_channels,4,0.3181818181818182,0,22,7,0.8940886699507389,0.9655172413793104,0.08065667557569751,0.09853945141056952,0.3.2,not_applicable,,left_motor_strip,"FC3,FC1,C5,C3,C1,CP3,CP1",,,a5508b68efe858976affddc55ddec1d52be0d4e3724ba6ec227b70b4157f5ac0
BNCI2014-001,9,csp_lda,region_dropout,all_channels,4,0.13636363636363635,0,22,3,0.7142857142857143,0.9125615763546797,0.1885145238381184,0.22153329228341803,0.3.2,not_applicable,,midline_motor_strip,"FCz,Cz,CPz",,,a5508b68efe858976affddc55ddec1d52be0d4e3724ba6ec227b70b4157f5ac0
BNCI2014-001,9,csp_lda,region_dropout,all_channels,4,0.3181818181818182,0,22,7,0.5,0.3756157635467981,0.49101676746674944,0.4905380273270279,0.3.2,not_applicable,,right_motor_strip,"FC2,FC4,C2,C4,C6,CP2,CP4",,,a5508b68efe858976affddc55ddec1d52be0d4e3724ba6ec227b70b4157f5ac0
BNCI2014-001,9,csp_lda,region_dropout,all_channels,5,0.3181818181818182,0,22,7,0.8251231527093597,0.8891625615763546,0.12638084208319122,0.10997103965444485,0.3.2,not_applicable,,left_motor_strip,"FC3,FC1,C5,C3,C1,CP3,CP1",,,a5508b68efe858976affddc55ddec1d52be0d4e3724ba6ec227b70b4157f5ac0
BNCI2014-001,9,csp_lda,region_dropout,all_channels,5,0.13636363636363635,0,22,3,0.7906403940886699,0.8497536945812808,0.15862664633838083,0.17682126498729575,0.3.2,not_applicable,,midline_motor_strip,"FCz,Cz,CPz",,,a5508b68efe858976affddc55ddec1d52be0d4e3724ba6ec227b70b4157f5ac0
BNCI2014-001,9,csp_lda,region_dropout,all_channels,5,0.3181818181818182,0,22,7,0.5,0.5960591133004925,0.456624880011341,0.4681934930831989,0.3.2,not_applicable,,right_motor_strip,"FC2,FC4,C2,C4,C6,CP2,CP4",,,a5508b68efe858976affddc55ddec1d52be0d4e3724ba6ec227b70b4157f5ac0
BNCI2014-001,9,csp_lda,cross_session,all_channels,0,0.0,0,22,0,0.9305555555555556,0.9662422839506173,0.0686250460981708,0.08468031165044586,0.3.2,not_applicable,,,,0train,1test,a5508b68efe858976affddc55ddec1d52be0d4e3724ba6ec227b70b4157f5ac0
