dropout_fraction,clean_working_subjects,failures,failure_rate,failure_rate_ci_low,failure_rate_ci_high
0.1,6,3,0.5,0.11811724875702521,0.8818827512429748
0.2,6,4,0.6666666666666666,0.22277809550351213,0.9567281317072583
0.3,6,4,0.6666666666666666,0.22277809550351213,0.9567281317072583
0.5,6,4,0.6666666666666666,0.22277809550351213,0.9567281317072583
