model,term,estimate,ci_low,ci_high,p_value,n_subjects,n_subject_condition_rows,status,p_value_bh_fdr
roc_auc ~ C(stressor) + severity,Intercept,0.5853757142857143,0.4953848898605542,0.6753665387108745,3.147678384543426e-37,10,70,fit,1.573839192271713e-36
roc_auc ~ C(stressor) + severity,C(stressor)[T.clean],0.0576242857142857,-0.01612664976529017,0.13137522119386158,0.12567276765773816,10,70,fit,0.12567276765773816
roc_auc ~ C(stressor) + severity,C(stressor)[T.reduced_montage],0.11562428571428571,0.05118126380865819,0.18006730761991324,0.0004371348394900866,10,70,fit,0.0010928370987252165
roc_auc ~ C(stressor) + severity,severity,-0.14895714285714284,-0.32042458495011206,0.02251029923582637,0.0886318453136638,10,70,fit,0.11078980664207976
roc_auc ~ C(stressor) + severity,Group Var,2.0336443081700257,-0.027021719918899123,4.094310336258951,0.05308082691919258,10,70,fit,0.08846804486532098
