metric,numerator,denominator,rate,ci_low,ci_high
class_A_high,4,10,0.4,0.12155225811982719,0.7376219233930549
class_B_rescue_candidate,2,10,0.2,0.02521072632683336,0.5560954623076415
class_B_fragile,1,10,0.1,0.0025285785444617848,0.4450161170281954
class_C_ok_dev,1,10,0.1,0.0025285785444617848,0.4450161170281954
class_D_low_clean,2,10,0.2,0.02521072632683336,0.5560954623076415
clean_working,6,10,0.6,0.26237807660694507,0.8784477418801728
failure_at_50pct_among_clean_working,4,6,0.6666666666666666,0.22277809550351213,0.9567281317072583
montage_rescue_among_50pct_failures,4,4,1.0,0.3976353643835253,1.0
