dataset,pipeline,metric,n_subjects,mean_slope_per_10pct_dropout,slope_ci_low,slope_ci_high,slope_sd,t_statistic_vs_zero,t_p_value_vs_zero,shapiro_p_value_slope,n_harmful_slope,pct_harmful_slope,t_p_value_vs_zero_bh_fdr
PhysionetMotorImagery,csp_lda,balanced_accuracy,10,-0.019450000000000005,-0.04358562299012349,0.004685622990123473,0.03373927446380623,-1.8229882375288127,0.10162036039214502,0.5719505177188983,6,0.6,0.10162036039214502
PhysionetMotorImagery,csp_lda,brier_score,10,0.026084637257280708,0.0077631662272505154,0.0444061082873109,0.025611650460227082,3.2206774725584477,0.010478005516384722,0.7026600116507749,8,0.8,0.04191202206553889
PhysionetMotorImagery,csp_lda,ece,10,0.019811944599071183,0.0003035155156460925,0.039320373682496274,0.027270903405837942,2.2973521954070857,0.04720345169194063,0.7287507977757305,7,0.7,0.06293793558925417
PhysionetMotorImagery,csp_lda,roc_auc,10,-0.02489797297297298,-0.04920425014783454,-0.0005916957981114204,0.03397783256440431,-2.31722560780383,0.04569286781695122,0.8190758937079182,8,0.8,0.06293793558925417
