metric,numerator,denominator,rate,ci_low,ci_high
clean_working,6.0,10,0.6,0.26237807660694507,0.8784477418801728
dropout_failure_among_all,5.0,10,0.5,0.18708602844739855,0.8129139715526015
montage_rescue_among_all,6.0,10,0.6,0.26237807660694507,0.8784477418801728
montage_rescue_among_dropout_failures,4.0,5,0.8,0.2835820638819105,0.9949492366205319
mean_deployability_score,,10,0.6938875,,
