dropout_fraction,clean_working_subjects,failures,failure_rate,failure_rate_ci_low,failure_rate_ci_high
0.1,6,2,0.3333333333333333,0.043271868292741676,0.7772219044964879
0.2,6,3,0.5,0.11811724875702521,0.8818827512429748
0.3,6,3,0.5,0.11811724875702521,0.8818827512429748
0.5,6,5,0.8333333333333334,0.35876542100232517,0.9957892554855106
