model,term,estimate,ci_low,ci_high,p_value,n_subjects,n_subject_condition_rows,status,p_value_bh_fdr
roc_auc ~ C(stressor) + severity,Intercept,0.5835699999999996,0.4920439803480804,0.6750960196519188,7.778313358054132e-36,10,70,fit,3.889156679027066e-35
roc_auc ~ C(stressor) + severity,C(stressor)[T.clean],0.07143,-0.0074157290383552454,0.15027572903835523,0.07579520723168189,10,70,fit,0.09474400903960235
roc_auc ~ C(stressor) + severity,C(stressor)[T.reduced_montage],0.14492999999999998,0.07603518516756962,0.21382481483243032,3.7386931465014126e-05,10,70,fit,9.346732866253532e-05
roc_auc ~ C(stressor) + severity,severity,-0.14280000000000018,-0.3261125965148759,0.040512596514875515,0.12680914417282632,10,70,fit,0.12680914417282632
roc_auc ~ C(stressor) + severity,Group Var,1.7347407327987425,-0.04289886529088349,3.5123803308883685,0.05579092975447544,10,70,fit,0.09298488292412574
