metric,numerator,denominator,rate,ci_low,ci_high
clean_working,6.0,10,0.6,0.26237807660694507,0.8784477418801728
dropout_failure_among_all,4.0,10,0.4,0.12155225811982719,0.7376219233930549
montage_rescue_among_all,7.0,10,0.7,0.3475471499400027,0.9332604888222655
montage_rescue_among_dropout_failures,3.0,4,0.75,0.19412044968324338,0.9936905367902902
mean_deployability_score,,10,0.6984375,,
