metric,numerator,denominator,rate,ci_low,ci_high
class_A_high,5,10,0.5,0.18708602844739855,0.8129139715526015
class_B_rescue_candidate,1,10,0.1,0.0025285785444617848,0.4450161170281954
class_B_fragile,1,10,0.1,0.0025285785444617848,0.4450161170281954
class_C_ok_dev,0,10,0.0,0.0,0.3084971078187607
class_D_low_clean,3,10,0.3,0.06673951117773447,0.6524528500599973
clean_working,6,10,0.6,0.26237807660694507,0.8784477418801728
failure_at_50pct_among_clean_working,5,6,0.8333333333333334,0.35876542100232517,0.9957892554855106
montage_rescue_among_50pct_failures,5,5,1.0,0.4781762498950185,1.0
