dataset,pipeline,stressor,montage,dropout_fraction,n_subjects,mean_roc_auc,roc_auc_ci_low,roc_auc_ci_high,mean_balanced_accuracy,balanced_accuracy_ci_low,balanced_accuracy_ci_high,mean_brier_score,brier_score_ci_low,brier_score_ci_high,mean_ece,ece_ci_low,ece_ci_high
PhysionetMotorImagery,csp_lda,channel_dropout,all_channels,0.1,10,0.5846,0.5089477668437513,0.6862953212259004,0.5233500000000001,0.5013,0.5604886469089667,0.447139913252734,0.4113932973532309,0.47217625112174577,0.46269690881562175,0.42943833824929184,0.48676742337102935
PhysionetMotorImagery,csp_lda,channel_dropout,all_channels,0.2,10,0.5406500000000001,0.4951,0.6057265037083404,0.5149,0.50515,0.5255,0.46311626221362917,0.44902097694460985,0.4750763392707259,0.4728395017579651,0.4615115288344984,0.4840741032466173
PhysionetMotorImagery,csp_lda,channel_dropout,all_channels,0.3,10,0.53165,0.4835628554531539,0.6120057995401402,0.5064,0.49734999999999996,0.5206,0.4712734207725175,0.45750039535116876,0.4861185700844969,0.4808099580531572,0.46901063275212707,0.4959848452312035
PhysionetMotorImagery,csp_lda,channel_dropout,all_channels,0.5,10,0.5203,0.48279939448044196,0.5711499999999999,0.50465,0.49804999999999994,0.5148701569155321,0.4732282006025903,0.4605813287303423,0.4857842340407273,0.4826115442399188,0.47245269072522794,0.49397596276019007
PhysionetMotorImagery,csp_lda,clean,all_channels,0.0,10,0.655,0.515,0.7851226449462629,0.625,0.5015,0.7565,0.3121881447961391,0.21068151698881987,0.41109974751345435,0.3604269633262299,0.24792637233632786,0.4602277910281423
PhysionetMotorImagery,csp_lda,reduced_montage,motor_core,0.0,10,0.6910000000000001,0.585,0.787,0.6505000000000001,0.5725,0.7255,0.2202058327675437,0.181860300010593,0.2535701567864191,0.27731214907080254,0.23801976339036185,0.3059409140306424
PhysionetMotorImagery,csp_lda,reduced_montage,motor_extended,0.0,10,0.7659999999999999,0.659,0.8679999999999999,0.7065,0.6070930249477472,0.800246097478862,0.20624101874060577,0.1441262314923305,0.2665440679158302,0.265564478987389,0.1953471926860859,0.32491549590940405
