dataset,pipeline,metric,n_subjects,mean_slope_per_10pct_dropout,slope_ci_low,slope_ci_high,slope_sd,t_statistic_vs_zero,t_p_value_vs_zero,shapiro_p_value_slope,n_harmful_slope,pct_harmful_slope,t_p_value_vs_zero_bh_fdr
PhysionetMotorImagery,riemann_lr,balanced_accuracy,109,-0.02338963963963964,-0.028373239369474702,-0.018406039909804578,0.02624911953235139,-9.302978969250288,1.790865007660954e-15,0.005242455729542426,85,0.7798165137614679,1.790865007660954e-15
PhysionetMotorImagery,riemann_lr,brier_score,109,0.03080810070029464,0.028122882040021543,0.033493319360567736,0.014143315957347519,22.741909693487486,5.554554857283944e-43,0.008364642450715628,109,1.0,2.2218219429135775e-42
PhysionetMotorImagery,riemann_lr,ece,109,0.019267418668100115,0.016710130370047878,0.021824706966152352,0.013469493910675338,14.934321798908964,5.010102600417403e-28,0.011405406696295025,105,0.963302752293578,1.0020205200834805e-27
PhysionetMotorImagery,riemann_lr,roc_auc,109,-0.023411042923657605,-0.027421805399511664,-0.019400280447803547,0.02112508815952744,-11.570056511504484,1.262895053068319e-20,0.2659667793443942,93,0.8532110091743119,1.6838600707577585e-20
