model,term,estimate,ci_low,ci_high,p_value,n_subjects,n_subject_condition_rows,status,p_value_bh_fdr
roc_auc ~ C(stressor) + severity,Intercept,0.655212518645988,0.6218108053802275,0.6886142319117484,0.0,109,981,fit,0.0
roc_auc ~ C(stressor) + severity,C(stressor)[T.clean],0.020190131710793292,-0.0004040572859502038,0.04078432070753679,0.054667498553864505,109,981,fit,0.08200124783079676
roc_auc ~ C(stressor) + severity,C(stressor)[T.reduced_montage],0.0028048106098758564,-0.015134588116826532,0.020744209336578244,0.7592705718986252,109,981,fit,0.7592705718986252
roc_auc ~ C(stressor) + severity,C(stressor)[T.region_dropout],0.011486358586793597,-0.0035665399541630304,0.026539257127750224,0.13476252941914538,109,981,fit,0.16171503530297446
roc_auc ~ C(stressor) + severity,severity,-0.2076558457667001,-0.2548409584264076,-0.16047073310699259,6.37802767181695e-18,109,981,fit,1.9134083015450853e-17
roc_auc ~ C(stressor) + severity,Group Var,4.380074951423948,3.115379351092945,5.644770551754951,1.1367658783964215e-11,109,981,fit,2.273531756792843e-11
