condition,n_subjects,mean_auc,clean_mean_auc,delta_auc_vs_clean,delta_ci_low,delta_ci_high,shapiro_p,paired_t_stat,paired_t_p,wilcoxon_stat,wilcoxon_p,cohens_dz,paired_t_p_fdr_bh
dropout_0.1,10,0.5846,0.655,-0.07040000000000005,-0.11345000000000002,0.00713909497137843,0.08173995061534789,-2.3316897606764346,0.04462348023580023,8.0,0.048828125,-0.7373450440630445,0.054253555742686074
dropout_0.2,10,0.5406500000000001,0.655,-0.11435,-0.19431975660049627,-0.013568334367963364,0.6452599832268976,-2.376459529881238,0.04146763086009337,7.0,0.037109375,-0.7515024881637689,0.054253555742686074
dropout_0.3,10,0.53165,0.655,-0.12335000000000003,-0.20114801558377018,-0.004648265975614451,0.26236212464967434,-2.426875546223596,0.03817769643508408,8.0,0.048828125,-0.7674454323831811,0.054253555742686074
dropout_0.5,10,0.5203,0.655,-0.13470000000000004,-0.23315000000000002,-0.016303799114172752,0.8544041719914892,-2.323697415604367,0.0452112964522384,8.0,0.048828125,-0.7348176426356688,0.054253555742686074
motor_core,10,0.6910000000000001,0.655,0.03599999999999996,-0.06700000000000003,0.16299999999999995,0.7721038907281588,0.5819249329332671,0.574902093294774,22.5,0.642578125,0.18402082153098528,0.574902093294774
motor_extended,10,0.7659999999999999,0.655,0.11099999999999999,0.04499999999999997,0.23389061033403413,0.11480411111059835,2.3564925713271436,0.042846895845596686,3.0,0.01953125,0.7451883814660569,0.054253555742686074
